iteration,cost,residual_norm,grad_norm,step_norm,damping,mean_cam_error,median_cam_error,max_cam_error,mean_pt_error,median_pt_error,max_pt_error
0,15080988.133704152,5491.992012686135,,,,7.97249385426538,6.081667932071917,33.124778794970894,7.6128674058575685,5.262859962807178,76.82051599610548
1,15080989.923883576,5491.992338647893,,,,7.972495001122562,6.081671216664415,33.12479129895592,7.612868890596048,5.262856287266659,76.82051615346113
2,15080991.316712592,5491.992592258767,,,,7.972495412472282,6.081667668295813,33.12478127439926,7.612869184055998,5.262861143535512,76.82052893482205
3,15080989.216882383,5491.992209914792,,,,7.972494606917132,6.081670622938555,33.12478054770882,7.6128686386682345,5.2628633939563505,76.82053616770568
4,15080989.335225185,5491.9922314630385,,,,7.972494658188056,6.0816866032047425,33.1247864804162,7.612867785501342,5.262859675164726,76.82051643338744
5,15080989.722106442,5491.99230190765,,,,7.9724945219512104,6.081669495645864,33.12478072594772,7.61286798335658,5.26286046709267,76.82053203928353
6,15080988.700678483,5491.992115922689,,,,7.972493846281556,6.081667892466104,33.12478772918666,7.612867384914684,5.262864062895244,76.82051599610548
7,15080989.18082645,5491.9922033496105,,,,7.9724938333320585,6.081661277742768,33.1247574253925,7.612867447118612,5.262859962807178,76.82051599610548
8,15080995.106155798,5491.993282252956,,,,7.972497230993832,6.081717149692865,33.12477403413676,7.612870380947118,5.262863393544949,76.82051776596293
9,15080990.099912804,5491.9923706998725,,,,7.97249507798166,6.081675768090378,33.124839189000646,7.612868066393242,5.262859946090694,76.82051599610548
10,15080988.97169812,5491.992165270835,,,,7.972495204566914,6.081665123293632,33.12476457930794,7.6128685216704035,5.2628673327424815,76.82050889663945
11,15080987.736777361,5491.9919404123975,,,,7.972493150332649,6.081658046619606,33.12479620188145,7.612867061358904,5.262860010523517,76.82051599610548
12,15080988.952264678,5491.992161732332,,,,7.972494322557351,6.081670747042731,33.12477926977845,7.612867916039707,5.262859962807178,76.82051599610548
13,15080990.951665886,5491.992525789868,,,,7.972494445775797,6.081664195325404,33.12479180858972,7.61286817671908,5.2628679661094395,76.82053590703514
14,15080992.148832452,5491.992743773874,,,,7.972494116109584,6.081667936902045,33.12480875287509,7.612868455457908,5.262862139790295,76.82050460305429
15,15080988.318549264,5491.992046343343,,,,7.972493760439915,6.081668006584627,33.12478152487489,7.612867496507455,5.262859962807178,76.82051599610548
16,15080986.324847292,5491.991683323508,,,,7.972494306986393,6.081666635784451,33.12476482085686,7.6128675715746095,5.26285649102469,76.82050462808952
17,15080989.538661394,5491.9922685053725,,,,7.972494213986059,6.081668173376614,33.124778794970894,7.61286773193447,5.262859875287134,76.82051599610548
18,15080989.395131202,5491.992242370925,,,,7.972494525440795,6.081667783784074,33.124778794970894,7.612868146195969,5.262860987892018,76.82051599610548
19,15080988.827475265,5491.992139010264,,,,7.9724940997294915,6.081664646852258,33.124778794970894,7.6128684242460665,5.26286075277178,76.82051789433775
20,15080989.077659713,5491.992184564671,,,,7.972493957495201,6.0816607501852085,33.124778794970894,7.612868005994826,5.262864146683461,76.82052174009043
21,15080988.132071521,5491.9920123888605,,,,7.972493853744441,6.081668016194401,33.124778794970894,7.612867405975474,5.262859962807178,76.82051599610548
22,15080988.07956133,5491.992002827631,,,,7.97249437344213,6.081667932071917,33.124778794970894,7.612868334237092,5.262860756316174,76.8205054538964
23,15080988.3272579,5491.992047929039,,,,7.972493984494136,6.081667932071917,33.124778794970894,7.61286756549476,5.262859962807178,76.82051599610548
24,15080988.106978398,5491.992007819822,,,,7.972493775836713,6.081667932071917,33.124778794970894,7.612867290202788,5.2628599593296785,76.82051599610548
25,3.0178126324692377e+68,2.4567509570443796e+34,,,,5.4161176312465804e+28,7004914102.237039,6.824308214012165e+30,2.0454004688345793e+29,566.639133058071,8.189169856814599e+33
26,3.4010668314754557e+46,2.6080900411893206e+23,,,,5.355153542886646e+18,171480.09943117204,6.647718308741491e+20,3.529720963708622e+18,111.34655602079987,1.2996287841600692e+23
27,8.686902567447005e+33,1.3180973080502824e+17,,,,1234640862158.3875,395.4580904179701,79170424709726.45,2621094375483.9326,97.3645312633738,3.2464184477093924e+16
28,7.268103271879363e+42,3.812637740955561e+21,,,,1.1531195249895108e+16,131.26078846854088,1.4517284550674227e+18,4.7878518969251096e+16,84.47698724195357,1.9062986665574038e+21
29,2.1149013828810404e+43,6.50369338588627e+21,,,,2.085519766223407e+16,18.575391073532565,2.627754903388392e+18,8.122103790432162e+16,20.030224458627163,3.2518466932129876e+21
30,1854412264.1450245,60900.11927976867,,,,37.97783075476845,5.248779333755437,784.0997478473903,35.50760237863925,4.313315567186161,6927.2485358330805
31,94144225.71745136,13721.823910650608,,,,10.408928046303942,4.057687318722927,218.98685456919875,8.939834834187813,3.214113268678309,667.2884090255176
32,7663242.007799553,3914.905364833114,,,,6.303105216808358,5.666719596682947,35.27095293861541,5.658771650265958,4.541692787597308,193.58798010725417
33,7663243.09929584,3914.905643638385,,,,6.3031060939949475,5.666720905195932,35.2709519418276,5.6587730357339785,4.541711828134032,193.5879962007764
34,7663243.275580517,3914.905688667485,,,,6.303105859762813,5.666719864953352,35.27095199227387,5.658773178189275,4.541692199383268,193.58796648627424
35,7663242.818556762,3914.9055719280796,,,,6.303105895397975,5.6667203796094885,35.27095453553649,5.65877280657833,4.541689444694411,193.58797388980284
36,7663242.558657513,3914.905505540973,,,,6.30310556244673,5.66673386011893,35.27095363127695,5.658771859963654,4.54168413607229,193.58797136297113
37,7663243.233511504,3914.905677921629,,,,6.303105859547188,5.666719507445876,35.27095307434869,5.658772207485665,4.541696970217107,193.58798010725417
38,7663242.418939739,3914.905469852303,,,,6.303105122583508,5.66672107862593,35.27095119793045,5.658771637877315,4.541692787597308,193.58798589955074
39,7663242.613461239,3914.905519539709,,,,6.303105222182863,5.666719434693977,35.270957026825464,5.6587716821307135,4.5416953854668884,193.58798010725417
40,7663246.013386445,3914.906387996128,,,,6.303108240898924,5.6667256237307875,35.27095667962133,5.658774249222852,4.541705494886948,193.58797123964004
41,7663242.180559446,3914.905408961868,,,,6.303105419952607,5.666713412100659,35.270936579320335,5.658772100311207,4.541692787597308,193.58798010725417
42,7663244.519305886,3914.9060063572115,,,,6.303106757376112,5.666711284579172,35.27095615806372,5.658772928486568,4.541692906690882,193.5879851452663
43,7663241.236988841,3914.9051679418335,,,,6.303104319445968,5.666719562905824,35.27094561064355,5.658771280650215,4.541692787597308,193.58798010725417
44,7663242.812137053,3914.905570288267,,,,6.30310587786223,5.666722636151866,35.27095267186711,5.658772185783165,4.541698832403799,193.58798010725417
45,7663243.698516459,3914.905796699701,,,,6.303105661575815,5.6667155177627375,35.27095331384164,5.658772334487992,4.54169756590884,193.5879837563476
46,7663242.2198273,3914.9054189922135,,,,6.303105144774497,5.666722847866653,35.27094633353219,5.658772367950693,4.541698875741757,193.5879568073267
47,7663241.78860786,3914.9053088441,,,,6.303104887804124,5.666719624135068,35.270951407931506,5.658771645172712,4.541692787597308,193.58798010725417
48,7663241.50436852,3914.905236239703,,,,6.30310529328415,5.66671831322176,35.27095774701526,5.6587717088134735,4.541692059365338,193.58798371670395
49,7663243.076205935,3914.905637740439,,,,6.303105591694469,5.666719835924367,35.27095293861541,5.658771989904245,4.541692445955639,193.58798010725417
50,7663243.289397744,3914.905692196875,,,,6.303105913351547,5.666719448559586,35.27095293861541,5.658772419710046,4.541695682467255,193.58798010725417
51,7663241.976044856,3914.9053567218843,,,,6.303105391258489,5.666716323806995,35.27095293861541,5.658772504528625,4.541694530238015,193.5879773517197
52,7663242.253249235,3914.9054275293115,,,,6.303105278526613,5.666712451539539,35.27095293861541,5.658772123724883,4.54169265463114,193.58799318780234
53,7663242.0080668405,3914.9053649013886,,,,6.303105216302516,5.666719679886684,35.27095293861541,5.65877165042208,4.541692787597308,193.58798010725417
54,7663242.662982095,3914.905532189019,,,,6.303105748738956,5.666719596682947,35.27095293861541,5.658772619768074,4.5416927412237,193.58798350196284
55,7663242.200809805,3914.9054141344977,,,,6.3031053446689205,5.666719596682947,35.27095293861541,5.658771823462443,4.541692787597308,193.5879796274329
56,7663241.980627101,3914.9053578923463,,,,6.303105138042578,5.666719596682947,35.27095293861541,5.658771534386135,4.541692787597308,193.58798010725417
57,7513862.712443359,3876.5610307186857,,,,5.912073039268969,5.070389525741396,91.98265449178889,5.070096292095724,4.046999491710846,195.46302943515332
58,7513863.974942432,3876.5613563936868,,,,5.912074024442589,5.070390175260059,91.9826661680188,5.0700976424883555,4.046990730603323,195.4630400383615
59,7513865.678195994,3876.561795765932,,,,5.912074570951028,5.070387736201193,91.98272067437476,5.070097987766089,4.0470012776619875,195.46302849611803
60,7513863.615346114,3876.561263632013,,,,5.912073741918255,5.0703899963772,91.98265856499249,5.070097411351005,4.046999323449523,195.46301635491366
61,7513863.727970308,3876.5612926846156,,,,5.912073574162561,5.0703985556422655,91.9826662001604,5.070096565452262,4.046999491371835,195.46302943515332
62,7513863.810624633,3876.5613140061723,,,,5.912073712200777,5.070389900204276,91.9826564832984,5.07009685782557,4.046999491710846,195.46301762959646
63,7513863.2892629765,3876.5611795154164,,,,5.912073050067068,5.0703912461700185,91.98266084338229,5.07009630289069,4.0469968057338175,195.46302943515332
64,7513863.6863822555,3876.5612819565367,,,,5.912073238184257,5.070389562459958,91.98266771744572,5.070096388988984,4.046994047280021,195.46302943515332
65,7513867.069020543,3876.5621545437757,,,,5.912076199214721,5.07039280047173,91.98266641047753,5.070098932379836,4.047022337557927,195.46301316168777
66,7513863.307691162,3876.5611842691615,,,,5.912073366516917,5.070377922418517,91.98267039777951,5.070096767437881,4.04700853045296,195.46302943515332
67,7513865.199588366,3876.561672304045,,,,5.912074748667199,5.0703917579468,91.98266497404283,5.070097595124559,4.047005713926633,195.46302679061012
68,7513861.974588816,3876.5608403812817,,,,5.912072159093064,5.0703895940754755,91.98265491579608,5.070095929747503,4.046989084242234,195.46302943515332
69,7513862.957885206,3876.561094033011,,,,5.912073441713763,5.070389562246724,91.9826381413088,5.070096750045345,4.046993493065947,195.46302943515332
70,7513864.352714222,3876.561453843915,,,,5.912073476361609,5.070389647416757,91.98265696908537,5.070096973855373,4.046999000737548,195.46302742182434
71,7513862.730293256,3876.561035323256,,,,5.912072879493259,5.070390324590429,91.98264650660327,5.070097007693122,4.046953639924248,195.4630470929623
72,7513862.509058516,3876.5609782534093,,,,5.91207277400761,5.070388030297999,91.98265449178889,5.070096311737375,4.047009216696688,195.46302943515332
73,7513862.486897542,3876.5609725367513,,,,5.9120732547646195,5.070382032655405,91.98265449178889,5.070096407545958,4.046999491710846,195.46302395310485
74,7513863.614314597,3876.5612633659216,,,,5.912073411477876,5.070389729074204,91.98265449178889,5.070096613421718,4.0470065400950626,195.46302943515332
75,7513863.741893987,3876.561296276375,,,,5.9120737210080545,5.070389378184962,91.98265449178889,5.070097041226507,4.046994562826621,195.46302943515332
76,7513862.753662984,3876.5610413517243,,,,5.912073211578188,5.070386421876669,91.98265449178889,5.070097113605555,4.046993985149055,195.46302399423013
77,7513862.868509501,3876.561070977601,,,,5.912073093881111,5.070382581729901,91.98265449178889,5.0700967419493015,4.046999491710846,195.46303321335017
78,7513862.712891833,3876.561030834374,,,,5.912073038696168,5.07038960626583,91.98265449178889,5.070096292250761,4.046999491710846,195.46302943515332
79,7513863.187384083,3876.5611532346766,,,,5.912073553920249,5.070389525741396,91.98265449178889,5.070097217016373,4.046999491710846,195.46303764898397
80,7513862.879463972,3876.561073803422,,,,5.912073158799162,5.070389525741396,91.98265449178889,5.070096462416124,4.046999491710846,195.4630286646588
81,7513862.684599554,3876.561023536081,,,,5.912072959613492,5.070389525741396,91.98265449178889,5.070096175581339,4.046999491710846,195.46302943515332
82,5836868.514093232,3416.685093506053,,,,4.9716697535464975,4.37332116616744,38.83407270955008,4.492738816874233,3.6593718708890015,311.98650139217426
83,5836869.489163594,3416.6853788909493,,,,4.971670672066958,4.373323256575242,38.83408216561642,4.492740071791143,3.6593755970704684,311.9865165605129
84,5836870.326164998,3416.6856238656187,,,,4.971671226713264,4.373322232914911,38.83413862323115,4.492740419837161,3.6593714272617173,311.986489235729
85,5836869.1928246,3416.685292158059,,,,4.971670407323763,4.373320990237881,38.83407552452631,4.492739842961379,3.659360308471987,311.98649434035576
86,5836869.282568739,3416.685318424493,,,,4.971670271300778,4.373321200202049,38.834081890783544,4.492739094434854,3.6593971695823133,311.98649294844597
87,5836869.443830921,3416.6853656229237,,,,4.971670419880108,4.373323033446786,38.83407440542815,4.492739356068363,3.6593730101660733,311.98650139217426
88,5836868.981334474,3416.685230258847,,,,4.971669784859082,4.373315287962956,38.834078075030476,4.492738843874293,3.6593723031047847,311.98650664707156
89,5836869.092422587,3416.685262772264,,,,4.971669833536919,4.373318160077678,38.834070522736496,4.4927388959144645,3.6593712887971375,311.98650139217426
90,5836872.5180642735,3416.6862653934945,,,,4.9716727867743264,4.373324225090908,38.83407399456514,4.492741402196167,3.6593718708890015,311.9864931857196
91,5836868.787629596,3416.685173565044,,,,4.971670071242127,4.373328476900461,38.83408525251632,4.492739313546679,3.659379421491856,311.98650139217426
92,5836870.627280159,3416.685711996396,,,,4.97167139205819,4.373321113864926,38.83407754252768,4.49274008258682,3.6593718708890015,311.9865054174428
93,5836867.792424649,3416.6848822871125,,,,4.971668894035516,4.373321332776817,38.83407238924567,4.492738486214266,3.6593718708890015,311.98650139217426
94,5836868.897134256,3416.685205615014,,,,4.971670119919367,4.373319001215446,38.83405481407821,4.492739245792132,3.6593718708890015,311.98650139217426
95,5836869.9658122705,3416.685518397112,,,,4.971670169297508,4.373323621731339,38.83407464653245,4.492739487353538,3.659373299500618,311.9865043756866
96,5836868.422427577,3416.6850666772243,,,,4.971669628710095,4.37333043698344,38.8340668509873,4.492739506800594,3.659397207924768,311.9864796621566
97,5836868.305303191,3416.6850323971025,,,,4.9716694968784685,4.373320229803593,38.83407270955008,4.492738834435352,3.6593797820948453,311.98650139217426
98,5836868.439182236,3416.6850715810015,,,,4.971669936316501,4.373321083625633,38.83407270955008,4.492738940817015,3.6593718708890015,311.98650522104384
99,5836869.333442522,3416.6853333143,,,,4.971670119508443,4.373310035437489,38.83407270955008,4.4927391218969595,3.6593982743119695,311.98650139217426
100,5836869.382225979,3416.685347592307,,,,4.971670422615297,4.373334217003416,38.83407270955008,4.492739547743505,3.6593803039753716,311.98650139217426
101,5836868.548422259,3416.6851035535183,,,,4.971669923192397,4.373321165818899,38.83407270955008,4.492739594738232,3.6593718708890015,311.98649798849186
102,5836868.642604792,3416.685131118988,,,,4.971669798477622,4.373321162410777,38.83407270955008,4.492739243035383,3.6593718708890015,311.98651430594055
103,5836868.514552019,3416.685093640331,,,,4.97166975291385,4.373321167591791,38.83407270955008,4.492738817032953,3.6593718708890015,311.98650139217426
104,5836868.997324728,3416.685234938896,,,,4.971670249984766,4.37332116616744,38.83407270955008,4.492739703588673,3.6593718708890015,311.9865038280618
105,5836868.676236373,3416.6851409623255,,,,4.971669863663096,4.37332116616744,38.83407270955008,4.4927389802818745,3.6593718708890015,311.9865019737494
106,5836868.485663266,3416.6850851851323,,,,4.971669673123116,4.37332116616744,38.83407270955008,4.49273869992851,3.6593718708890015,311.98650139217426
107,78373064.67364404,12519.829445614992,,,,4.165097627836135,3.4946922984709827,24.812650391108452,4.093746327686595,2.9408118396678544,4944.317631133306
108,78373051.69032353,12519.828408594381,,,,4.165098403191729,3.4946920458131423,24.812659087265917,4.093747345591219,2.9408125350737313,4944.317187136251
109,78373073.24225596,12519.830130018214,,,,4.1650989005454,3.4946968620093446,24.812713058029757,4.093747681531414,2.9408083600595236,4944.317964642835
110,78373071.09264116,12519.829958321421,,,,4.1650981828544795,3.4946920950318745,24.8126528564735,4.093747150509763,2.940817423662544,4944.317715512603
111,78373065.60774785,12519.829520224934,,,,4.165098186110171,3.4946932092292817,24.812658714197262,4.093746664694032,2.9408117760464627,4944.317645481441
112,78373065.35687317,12519.829500186748,,,,4.16509823338,3.494698767711569,24.812651908385423,4.093746756258716,2.9408118396678544,4944.317631133306
113,78373065.10909812,12519.829480396138,,,,4.165097708230023,3.49469110543642,24.81265550666242,4.093746375257656,2.9408118396678544,4944.317633577972
114,78373065.27403118,12519.829493569892,,,,4.165097722608871,3.494677008336345,24.812646227020746,4.0937464620410955,2.9408118396678544,4944.317631133306
115,78373069.80778496,12519.82985569572,,,,4.165100547742105,3.4947028632470185,24.81265013689688,4.093748847610163,2.9408163224562376,4944.31765943314
116,78373064.81373124,12519.829456804218,,,,4.165097955403107,3.494684446934329,24.81266191256076,4.093746854112127,2.9408118396678544,4944.317631133306
117,78373061.17531157,12519.829166191656,,,,4.165099177003032,3.494695885872921,24.81265415824037,4.093747506038617,2.9408164197747126,4944.317455589572
118,78373064.04443395,12519.829395357903,,,,4.1650968339684695,3.494692048534424,24.81265009479475,4.093746044685169,2.9408105950511034,4944.317631133306
119,78373065.01757464,12519.82947308586,,,,4.165097925133392,3.4946922685435773,24.812633166700007,4.093746685990808,2.9408118396678544,4944.317631133306
120,78373074.58343771,12519.830237142809,,,,4.165098050968369,3.4946934829168006,24.81265218411121,4.0937470204379425,2.9408227738661723,4944.317921490907
121,78373090.87377979,12519.831538305927,,,,4.165097574421366,3.4946897978101097,24.812645032224083,4.093747013268676,2.9408278361397016,4944.318501358361
122,78373064.45249712,12519.829427951263,,,,4.165097402986427,3.4946921829304385,24.812650391108452,4.093746353838247,2.9408108763611045,4944.317631133306
123,78373050.94996181,12519.82834945926,,,,4.165097763024847,3.494691539367179,24.812650391108452,4.093746502389008,2.940811548780824,4944.317173436989
124,78373065.40936947,12519.829504379799,,,,4.165097991614119,3.494692312496858,24.812650391108452,4.093746607413118,2.9408118396678544,4944.317631133306
125,78373065.27539188,12519.829493678568,,,,4.1650982457714765,3.494699225887736,24.812650391108452,4.093746972825773,2.940819359052192,4944.317631133306
126,78373067.28704238,12519.829654355717,,,,4.165097770138272,3.494695127938953,24.812650391108452,4.093746988661303,2.9408135965293467,4944.317685748262
127,78373074.63417096,12519.830241195035,,,,4.165097647737889,3.4946912173030933,24.812650391108452,4.09374669839722,2.940812219079793,4944.317967180509
128,78373064.67409912,12519.829445651338,,,,4.165097626954776,3.494692300638821,24.812650391108452,4.093746327820311,2.9408118396678544,4944.317631133306
129,78373068.14263447,12519.829722694667,,,,4.16509806991691,3.4946922984709827,24.812650391108452,4.093747077425323,2.9408150880965005,4944.317732067601
130,78373064.83223586,12519.82945828224,,,,4.165097722755808,3.4946922984709827,24.812650391108452,4.093746466692896,2.9408118396678544,4944.317632563266
131,78373064.6440629,12519.829443252253,,,,4.1650975460467885,3.4946922984709827,24.812650391108452,4.093746211279089,2.9408118396678544,4944.317631133306
132,11447105.775940383,4784.78960372144,,,,4.052163424218473,3.3972744324320896,23.58597975721194,3.8427723274064007,2.8929745311960975,1473.6653115759673
133,11447106.491798522,4784.789753332642,,,,4.052164190272391,3.397274208646172,23.585981100201657,3.8427733468155427,2.8929621978189375,1473.6653113554107
134,11447107.086293984,4784.7898775795775,,,,4.052164669539727,3.3972789522740188,23.58597895079021,3.8427736414459894,2.8929729807034827,1473.6653143451563
135,11447106.339271668,4784.789721455202,,,,4.052163966238782,3.3972739615623,23.585981279317807,3.842773116027956,2.8929850321723385,1473.665310268137
136,11447106.610891856,4784.789778222627,,,,4.052163981061065,3.3972730576828347,23.58598227681904,3.8427726627304093,2.8929765205719464,1473.66531107733
137,11447106.438012898,4784.7897420916825,,,,4.05216402369223,3.39728088240824,23.585980698628557,3.842772746257128,2.8929745311960975,1473.6653115759673
138,11447106.216779009,4784.789695854773,,,,4.052163507755215,3.3972732906144234,23.585978879385685,3.8427723786286494,2.89297110112069,1473.6653129838196
139,11447106.371554675,4784.789728202206,,,,4.052163519827635,3.397258938158908,23.585978230258988,3.84277246830245,2.8929745311960975,1473.6653115759673
140,11447109.383190183,4784.790357620736,,,,4.052166327917051,3.3972820115980094,23.585982947610496,3.842774835318201,2.892975820207801,1473.6653114107255
141,11447105.923963757,4784.7896346576745,,,,4.052163757892586,3.39726646785528,23.585968953392115,3.842772859374918,2.892973609881695,1473.6653115759673
142,11447107.54088658,4784.789972587424,,,,4.05216495918878,3.3972854682329485,23.58598216445932,3.842773499450119,2.8929723705624455,1473.665312667123
143,11447105.159141377,4784.789474813156,,,,4.052162639397929,3.397274166319825,23.585976434265625,3.842772050844237,2.8929745311960975,1473.6653115759673
144,11447106.120117163,4784.7896756528735,,,,4.052163715442428,3.397274328501773,23.585979454089323,3.8427726782731124,2.8929745311960975,1473.6653115759673
145,11447106.866394045,4784.789831621459,,,,4.052163843067953,3.3972767620764985,23.585984852195356,3.8427730018657003,2.892970919178007,1473.6653116124799
146,11447105.520990096,4784.789550437949,,,,4.052163375640914,3.397272458625924,23.585981017515245,3.8427729762472316,2.8929868554966545,1473.6652897339961
147,11447105.55867104,4784.7895583131,,,,4.052163204320988,3.3972788304428354,23.585978245521424,3.8427723557470865,2.8929832928463486,1473.6653115759673
148,11447105.659290724,4784.789579342173,,,,4.052163558453052,3.397275656271553,23.585982708344517,3.8427725305008296,2.8929832928463486,1473.6653147801644
149,11447106.500143623,4784.789755076732,,,,4.052163785389494,3.3972744279319924,23.58597975721194,3.8427726015886132,2.8929745311960975,1473.6653115759673
150,11447106.359446468,4784.789725671643,,,,4.052164037074724,3.397280019180126,23.58597975721194,3.842772964907862,2.892972148970231,1473.6653115759673
151,11447105.819164636,4784.789612755118,,,,4.052163564601249,3.3972744324320896,23.58597975721194,3.8427729724880746,2.8929745311960975,1473.6653108681578
152,11447105.973831017,4784.7896450797125,,,,4.052163438517089,3.3972744324320896,23.58597975721194,3.8427726754738556,2.8929745311960975,1473.665329535568
153,11447105.776393179,4784.789603816072,,,,4.0521634233085955,3.3972744324320896,23.58597975721194,3.842772327536445,2.8929745311960975,1473.6653115759673
154,11447106.064556105,4784.789664040857,,,,4.052163859667587,3.3972744324320896,23.58597975721194,3.8427730586594415,2.8929745311960975,1473.665311576256
155,11447105.885726767,4784.78962666631,,,,4.0521635172550186,3.3972744324320896,23.58597975721194,3.8427724635000278,2.8929745311960975,1473.6653106862627
156,11447105.746369474,4784.789597541249,,,,4.052163342425714,3.3972744324320896,23.58597975721194,3.8427722112333567,2.8929745311960975,1473.6653115759673
157,8800387.01687996,4195.327643195454,,,,3.8550426531248982,3.2316365139311785,22.28629568650488,3.6260457831300124,2.7870336464613263,1458.6578966781078
158,8800387.667950114,4195.327798384799,,,,3.855043378200551,3.2316361025536997,22.286297283865732,3.6260467485525827,2.7870612232096548,1458.6578966779211
159,8800388.179924358,4195.3279204191795,,,,3.855043826703387,3.231636116403882,22.28629487103516,3.626047020098677,2.787075762835353,1458.6578994477836
160,8800387.500203367,4195.327758400617,,,,3.8550431648013177,3.23163584615006,22.28629719258481,3.626046507572678,2.7870732501441093,1458.6578953678784
161,8800387.765265472,4195.327821580923,,,,3.8550432053004253,3.231635926701965,22.28629828632281,3.6260461175684333,2.7870541577326335,1458.6578960731747
162,8800387.632624405,4195.327789964547,,,,3.855043240604691,3.2316417684318424,22.286296653369973,3.626046179357333,2.7870336464613263,1458.6578966781078
163,8800387.440921577,4195.327744270185,,,,3.8550427432456433,3.231638477527288,22.286294775097346,3.6260458366978976,2.7870336464613263,1458.6578980864797
164,8800387.599960804,4195.327782178835,,,,3.855042745926518,3.231636713602886,22.286293724741807,3.626045937608481,2.7870337556356044,1458.6578966781078
165,8800390.604091683,4195.32849824461,,,,3.855045514164131,3.2316236307565394,22.286298812637245,3.6260482560802973,2.7870694568068295,1458.6578964011028
166,8800387.159043558,4195.327677081626,,,,3.855042983337334,3.2316366798825475,22.286285005957843,3.626046319740307,2.7870336464613263,1458.6578966781078
167,8800388.736165646,4195.328053005067,,,,3.8550441504919926,3.231635719802351,22.286298125940487,3.626046923875372,2.7870274704258535,1458.657897769422
168,8800386.423151188,4195.327501674019,,,,3.8550418865563914,3.2316365247512504,22.286292712111514,3.6260455226313004,2.7870201842317974,1458.6578966781078
169,8800387.361718692,4195.327725391353,,,,3.8550429333092624,3.2316366572204824,22.28629537858424,3.626046117469367,2.7870336464613263,1458.6578966781078
170,8800388.054172983,4195.3278904450335,,,,3.855043063191476,3.2316412968792747,22.286301152727514,3.626046451203383,2.7870621377907945,1458.6578967224214
171,8800386.704616854,4195.327568764293,,,,3.855042629827936,3.231639701284091,22.28629758102458,3.626046427983014,2.787030861169184,1458.657874840596
172,8800386.808876513,4195.327593615666,,,,3.8550424438572066,3.2316363984128142,22.286294157952163,3.62604581345838,2.7870336464613263,1458.6578966781078
173,8800386.984757144,4195.327635538645,,,,3.8550427812285055,3.231626419042407,22.286298501752373,3.6260460041294897,2.786990780253038,1458.6578998727105
174,8800387.715826143,4195.327809796546,,,,3.8550430062809293,3.2316365338339255,22.28629568650488,3.62604604339857,2.787031741522422,1458.6578966781078
175,8800387.556749769,4195.32777187904,,,,3.8550432512411072,3.231643035615697,22.28629568650488,3.6260463983976075,2.7870336464613263,1458.6578966781078
176,8800387.117047215,4195.32766707136,,,,3.855042787573543,3.231639253637553,22.28629568650488,3.626046396464834,2.7870380427171364,1458.65789596977
177,8800387.205739388,4195.3276882120645,,,,3.8550426606946546,3.231635468796173,22.28629568650488,3.6260461125027046,2.787036578935133,1458.6579146245072
178,8800387.017327454,4195.327643302117,,,,3.8550426522606642,3.23163651608017,22.28629568650488,3.6260457832857385,2.7870336464613263,1458.6578966781078
179,8800387.358506458,4195.327724625685,,,,3.8550430746284796,3.2316365139311785,22.28629568650488,3.6260464810352557,2.7870494599147317,1458.6578966786078
180,8800387.125947028,4195.327669192724,,,,3.8550427415931505,3.2316365139311785,22.28629568650488,3.626045912566651,2.7870336464613263,1458.6578957940883
181,8800386.987371165,4195.3276361617245,,,,3.855042571461078,3.2316365139311785,22.28629568650488,3.626045667911424,2.7870336464613263,1458.6578966781078
182,8106003.684875198,4026.4137107046517,,,,3.580160003636191,2.9910466798076083,20.260388815548097,3.3892948446727416,2.5919631377038423,1425.3176401071191
183,8106004.2570960885,4026.413852821413,,,,3.580160647078024,2.991046854175633,20.260390950452187,3.38929569428831,2.591961680463022,1425.3176405965764
184,8106004.690287149,4026.413960408727,,,,3.580161061340424,2.9910468833915482,20.260388005964444,3.389295948699976,2.591963014891633,1425.3176428785412
185,8106004.115152409,4026.4138175682865,,,,3.5801604772319,2.9910467238765817,20.260390275625753,3.3892954799862633,2.5919710320722285,1425.3176387913168
186,8106004.347921763,4026.4138753788734,,,,3.580160549712205,2.9910460886188366,20.260391474564624,3.389295181128903,2.5919644771376995,1425.3176392662408
187,8106004.229992768,4026.413846090035,,,,3.5801605721854433,2.9910466013361594,20.26038983763889,3.389295206276246,2.5919644054253475,1425.3176401071191
188,8106004.046728311,4026.41380057448,,,,3.580160113783131,2.9910465156630552,20.260388318051643,3.389294915418818,2.5919631377038423,1425.3176415169896
189,8106004.242843058,4026.413849281533,,,,3.5801601025281355,2.991047216256529,20.260385740435602,3.3892950385677136,2.5919803997230937,1425.3176401071191
190,8106007.193378751,4026.4145820764065,,,,3.580162779129218,2.991048689832569,20.260391757482218,3.3892972511823856,2.591961240075122,1425.317639582242
191,8106003.837230303,4026.413748543562,,,,3.580160334832542,2.9910466714627573,20.26037923811789,3.389295387608351,2.5919631377038423,1425.3176401071191
192,8106005.2714835,4026.4141047546254,,,,3.5801614128896038,2.991046922209968,20.260391136198834,3.389295904867261,2.5919633819057313,1425.3176411991033
193,8106003.13526481,4026.413574203428,,,,3.5801592731632423,2.99104435309092,20.260386719775674,3.389294606211478,2.5919631377038423,1425.3176401071191
194,8106004.004901776,4026.413790186443,,,,3.5801602560958905,2.9910473223863647,20.260388500073994,3.3892951423836575,2.5919631377038423,1425.3176401071191
195,8106004.561769198,4026.413928490015,,,,3.5801604021393696,2.991048295587289,20.260395094198508,3.3892954952265866,2.591962984925725,1425.3176401687842
196,8106003.2630213555,4026.4136059330417,,,,3.5801600379792364,2.9910446968180384,20.26039231167459,3.389295477121052,2.591969044426129,1425.3176182754924
197,8106003.497697292,4026.4136642171507,,,,3.5801598222632736,2.99104667482177,20.260387261513763,3.389294892313727,2.5919631377038423,1425.3176401071191
198,8106003.760230925,4026.4137294199986,,,,3.580160111262788,2.991046022902062,20.260391190273705,3.3892950923344873,2.5919537848513774,1425.317643282025
199,8106004.335289714,4026.41387224158,,,,3.5801603372771122,2.991046693740479,20.260388815548097,3.389295062259954,2.5919631307431987,1425.3176401071191
200,8106004.1548097925,4026.413827417594,,,,3.580160561128298,2.9910526177878713,20.260388815548097,3.3892953972432576,2.591961507722132,1425.3176401071191
201,8106003.763063023,4026.4137301233773,,,,3.5801601187798227,2.991049285129045,20.260388815548097,3.389295384145907,2.5919590898460387,1425.317639397481
202,8106003.791023377,4026.413737067609,,,,3.580159992866478,2.9910456881880503,20.260388815548097,3.3892951255566683,2.5919651222555284,1425.3176580281242
203,8106003.68530401,4026.413710811152,,,,3.580160002638186,2.9910466819285046,20.260388815548097,3.3892948448271905,2.5919631377038423,1425.3176401071191
204,8106004.008352592,4026.4137910434865,,,,3.580160392493647,2.9910466798076083,20.260388815548097,3.3892954650753215,2.5919572050247477,1425.3176401083092
205,8106003.796524938,4026.4137384339783,,,,3.5801600819427963,2.9910466798076083,20.260388815548097,3.389294957264512,2.5919631377038423,1425.3176392357866
206,8106003.655664217,4026.413703449813,,,,3.580159922342826,2.9910466798076083,20.260388815548097,3.389294731566793,2.5919631377038423,1425.3176401071191
207,6750904.473162098,3674.480772343789,,,,3.324542628868304,2.817274184491146,18.91996121695916,3.145159528487344,2.4181563282468646,1385.8324719793536
208,6750904.985747848,3674.4809118426097,,,,3.32454316950537,2.8172739265808344,18.919963498851946,3.1451602452793015,2.418166554948449,1385.832473048747
209,6750905.305021502,3674.480998732068,,,,3.324543520276883,2.817274168788991,18.919960425823074,3.1451604789952223,2.418163619220757,1385.8324692041106
210,6750904.848614074,3674.4808745220257,,,,3.324543061374135,2.817273668792067,18.919962647619453,3.145160077289518,2.4181497419657694,1385.8324706563162
211,6750905.123148466,3674.4809492358168,,,,3.3245431661498794,2.817273744403673,18.919963849209577,3.145159868760124,2.4181563282468646,1385.8324708595117
212,6750904.957092583,3674.480904044158,,,,3.3245431876292666,2.8172736085369245,18.91996231407431,3.145159860472059,2.4181563282468646,1385.8324719793536
213,6750904.820280775,3674.4808668111946,,,,3.3245427510799765,2.8172871942888555,18.919960770757186,3.145159613308598,2.4181563282468646,1385.8324733918816
214,6750905.03224833,3674.4809244975904,,,,3.324542739851355,2.8172741951679123,18.919957560992465,3.1451597711076142,2.4181563282468646,1385.8324719793536
215,6750907.81991725,3674.4816831540325,,,,3.3245452763083976,2.817275609796048,18.91996405247671,3.145161794689968,2.4181683199993618,1385.8324711619161
216,6750904.602560393,3674.4808075591845,,,,3.324542937823069,2.8172740932901776,18.91995171198703,3.145160066028711,2.4181563282468646,1385.8324719793536
217,6750905.9265078325,3674.481167867876,,,,3.324543928923905,2.8172739988107764,18.91996363430791,3.1451605011390518,2.418143784049809,1385.8324730729764
218,6750903.966404947,3674.480634431198,,,,3.3245419359001462,2.817274199219886,18.919959597932575,3.1451593152170103,2.4181545481666733,1385.8324719793536
219,6750904.775489433,3674.4808546213544,,,,3.324542859190871,2.8172735584652138,18.919960896681413,3.1451597863619667,2.4181563282468646,1385.8324719793536
220,6750905.294245803,3674.4809957994885,,,,3.324543031214171,2.8172768144108398,18.91996793888459,3.1451601634042805,2.41817127576005,1385.8324720616329
221,6750904.08339382,3674.480666269403,,,,3.324542727105343,2.817275646725828,18.919965612284162,3.14516014633919,2.4181879086116975,1385.8324501470631
222,6750904.310959212,3674.4807282007114,,,,3.3245424810268926,2.8172779843167604,18.919959652929744,3.14515959568118,2.4181563282468646,1385.8324719793536
223,6750904.53809497,3674.480790015093,,,,3.3245427116708273,2.8172741844715974,18.919963364814567,3.145159786897576,2.418147787314357,1385.832475133967
224,6750905.068622988,3674.480934396854,,,,3.3245429453600255,2.817274184491146,18.91996121695916,3.145159714887833,2.4181563282468646,1385.8324719793536
225,6750904.873176257,3674.480881206559,,,,3.3245431478256995,2.817274184491146,18.91996121695916,3.145160017538357,2.4181563282468646,1385.8324719793536
226,6750904.577745365,3674.4808008058417,,,,3.3245427170174304,2.8172741798799716,18.91996121695916,3.145159985363093,2.4181527548898663,1385.8324712678623
227,6750904.575681343,3674.480800244123,,,,3.3245425981932217,2.8172741888554267,18.91996121695916,3.1451597597962704,2.4181580437887797,1385.8324898770434
228,6750904.473580607,3674.480772457685,,,,3.3245426275852186,2.817274184491146,18.91996121695916,3.145159528604272,2.4181563282468646,1385.8324719793536
229,6750904.749269271,3674.480847485607,,,,3.324542985215098,2.817274184491146,18.91996121695916,3.145160072050121,2.418155690007097,1385.8324719820293
230,6750904.562928309,3674.4807967734205,,,,3.3245426962879683,2.817274184491146,18.91996121695916,3.1451596217467768,2.4181571648669458,1385.8324711228895
231,6750904.444537267,3674.4807645536184,,,,3.3245425487600238,2.817274184491146,18.91996121695916,3.145159418907383,2.4181563282468646,1385.8324719793536
232,10025574.105965728,4477.8508474413775,,,,2.9950593285702087,2.476784953865595,16.109184834312117,2.9269741299984378,2.11592696242711,1294.8178868155517
233,10025574.47593881,4477.850930064289,,,,2.995059676102858,2.4767851764970295,16.109187721989503,2.9269745913632734,2.1159242931492357,1294.817889221873
234,10025574.77611225,4477.850997099445,,,,2.99505993667793,2.476785071005847,16.10918409916109,2.9269747618113198,2.1159269048614133,1294.8178840270702
235,10025574.404852822,4477.850914189266,,,,2.995059653749758,2.4767835394317075,16.109186152806778,2.9269744723717652,2.115930296511187,1294.817885474107
236,10025574.671750575,4477.850973793249,,,,2.9950598925577645,2.4767853846860093,16.109187786630972,2.926974483983131,2.115930414104874,1294.8178850539612
237,10025574.455186216,4477.8509254297915,,,,2.9950598380522977,2.4767859135485453,16.10918624933863,2.9269743880603145,2.115932224057507,1294.8178868155517
238,10025574.4113443,4477.850915638953,,,,2.9950594506911976,2.476785378964874,16.109184688416047,2.9269742413817217,2.1159303276819186,1294.8178882364277
239,10025574.619377723,4477.85096209727,,,,2.9950594735122746,2.4767848360867277,16.10917965954202,2.9269744895826055,2.1159252133867414,1294.8178868155517
240,10025577.164249089,4477.8515304215,,,,2.9950617167386797,2.476786667808552,16.10918729087416,2.926976139673312,2.115932111701057,1294.817885329583
241,10025574.18439079,4477.850864955373,,,,2.9950596311975426,2.4767850632133683,16.109178231283963,2.9269746614455463,2.11592696242711,1294.8178868155517
242,10025575.380551519,4477.851132083674,,,,2.9950603651679244,2.4767881205100295,16.109186677016986,2.9269748939063516,2.1159201895458737,1294.81788791517
243,10025573.684521863,4477.8507533239335,,,,2.9950587128036976,2.4767850233973823,16.109184631382345,2.9269739399437125,2.1159263413595153,1294.8178868155517
244,10025574.358913444,4477.850903930019,,,,2.9950595068758328,2.4767833535025083,16.1091845036544,2.9269743106437476,2.1159239017070024,1294.8178868155517
245,10025574.780265808,4477.8509980270255,,,,2.9950597841417674,2.4767911833591927,16.109192593502517,2.926974755894473,2.115928263826046,1294.8178869457884
246,10025573.451164095,4477.850701210148,,,,2.9950595266415827,2.4767864957101393,16.109191377156137,2.9269746691424405,2.115925142547735,1294.8178649530537
247,10025573.990515275,4477.850821658819,,,,2.9950592544557986,2.476783875133097,16.109183543442445,2.9269742477456386,2.11592696242711,1294.8178868155517
248,10025574.242949048,4477.850878032685,,,,2.9950593836058332,2.476783620547436,16.10918616521004,2.926974431836662,2.115931090911782,1294.8178899351165
249,10025574.582991116,4477.850953971361,,,,2.9950596063583284,2.4767850035022034,16.109184834312117,2.9269742547587154,2.11592696242711,1294.8178868155517
250,10025574.39314789,4477.850911575304,,,,2.99505975483436,2.476787450113846,16.109184834312117,2.926974472659611,2.115924010044796,1294.8178868155517
251,10025574.179466927,4477.8508638557705,,,,2.9950593655922457,2.476787341041968,16.109184834312117,2.926974378698648,2.1159269136766143,1294.8178860992791
252,10025574.179544732,4477.850863873144,,,,2.995059266677542,2.4767848831116126,16.109184834312117,2.9269742682840856,2.115925470543814,1294.8179046848618
253,10025574.106363466,4477.850847530201,,,,2.9950593266471173,2.4767849551146117,16.109184834312117,2.926974130054149,2.11592696242711,1294.8178868155517
254,10025574.364617664,4477.8509052038935,,,,2.9950596231417097,2.476784953865595,16.109184834312117,2.9269745322148535,2.1159265384389574,1294.817886826514
255,10025574.179190421,4477.85086379402,,,,2.9950593747704466,2.476784953865595,16.109184834312117,2.926974187222283,2.11592696242711,1294.8178859939148
256,10025574.079060607,4477.850841432887,,,,2.995059249470682,2.476784953865595,16.109184834312117,2.9269740253576995,2.11592696242711,1294.8178868155517
257,5157558.74557095,3211.7156616272705,,,,2.646810127344964,2.1674550658524705,13.223846946184011,2.5805721929386003,1.8916480453289897,1176.330025265125
258,5157559.066760042,3211.7157616327263,,,,2.6468102941154106,2.1674553461283326,13.223850980166448,2.5805723919048886,1.8916530410567456,1176.330029410221
259,5157559.182068938,3211.7157975353093,,,,2.6468104790699756,2.1674551431314226,13.223846309326804,2.5805725223541804,1.8916469633219686,1176.330022446171
260,5157558.973696609,3211.7157326564907,,,,2.646810311349835,2.167454890841336,13.223848138747314,2.5805723072214786,1.891645055437895,1176.3300237298895
261,5157559.28869969,3211.7158307358654,,,,2.6468107376466947,2.1674537882052523,13.223850121147422,2.5805725868384326,1.8916455663749396,1176.3300226723186
262,5157559.009792285,3211.715743895243,,,,2.646810500067663,2.1674551050614563,13.223848584293204,2.5805723177553763,1.89165444013995,1176.330025265125
263,5157559.013899034,3211.7157451739185,,,,2.646810247843026,2.167455017021058,13.223846449740936,2.580572352237942,1.8916480453289897,1176.3300267034351
264,5157559.240119724,3211.715815610005,,,,2.646810329223457,2.1674550168596434,13.223840636128289,2.5805726640115405,1.8916526335271462,1176.330025265125
265,5157561.479977022,3211.716513012014,,,,2.646812295898727,2.1674582639183306,13.223849029129903,2.5805739819244637,1.8916384392287162,1176.3300229266006
266,5157558.813862193,3211.7156828904363,,,,2.6468104385457054,2.167454907876026,13.223842655914785,2.5805727302265704,1.8916480453289897,1176.330025265125
267,5157559.800460215,3211.7159900776433,,,,2.6468108734996822,2.1674608309191656,13.223848368754847,2.580572698818476,1.8916475167928486,1176.3300263793187
268,5157558.411181204,3211.7155575116562,,,,2.6468095997109224,2.1674550676003683,13.223847998402295,2.5805719986273687,1.8916480453289897,1176.330025265125
269,5157558.948097704,3211.7157246860133,,,,2.6468102526331934,2.1674550562924892,13.223846604423308,2.5805722978495393,1.8916468955751597,1176.330025265125
270,5157559.335996558,3211.7158454622227,,,,2.6468106517564616,2.167460368721851,13.223855452052772,2.5805728483361725,1.8916570611462817,1176.330025459549
271,5157558.2259820625,3211.715499848038,,,,2.6468104008762086,2.1674538311477822,13.223855207715662,2.5805726338253208,1.8916510216377098,1176.3300033011706
272,5157558.685727237,3211.7156429943275,,,,2.6468101249374874,2.167456549484794,13.223845585035262,2.580572360975168,1.8916480453289897,1176.330025265125
273,5157558.844092747,3211.7156923030248,,,,2.6468101748584285,2.1674559842369145,13.223847541373802,2.5805725640470034,1.891644442155831,1176.330028366805
274,5157559.133846135,3211.715782520655,,,,2.646810365428551,2.1674550841344273,13.223846946184011,2.5805722474259363,1.8916480754012444,1176.330025265125
275,5157558.962221132,3211.715729083486,,,,2.6468104673785247,2.167458164638891,13.223846946184011,2.5805724034025004,1.8916436118989037,1176.330025265125
276,5157558.815025889,3211.7156832527658,,,,2.6468101163548723,2.1674550658524705,13.223846946184011,2.580572229848807,1.8916462931012803,1176.3300245418136
277,5157558.720805174,3211.7156539161974,,,,2.6468100349648678,2.1674550658524705,13.223846946184011,2.580572223677703,1.8916449701114473,1176.3300431472846
278,5157558.745934819,3211.715661740565,,,,2.646810124930179,2.1674550658524705,13.223846946184011,2.580572192963596,1.8916480453289897,1176.330025265125
279,5157558.904693629,3211.715711171719,,,,2.6468103752614898,2.1674550658524705,13.223846946184011,2.580572487129989,1.8916515439477555,1176.3300253037617
280,5157558.780442488,3211.715672484875,,,,2.646810154024464,2.1674550658524705,13.223846946184011,2.580572217977216,1.8916484142719232,1176.3300244880045
281,5157558.720998649,3211.7156539764374,,,,2.646810051130489,2.1674550658524705,13.223846946184011,2.5805720965137326,1.8916480453289897,1176.330025265125
282,12300163083.988403,156844.91119566755,,,,3.1729230574803204,1.9580844819544798,56.92317143793299,5.077475198891544,1.5957264498715755,102370.02217718333
283,4626365.684669263,3041.8302663591408,,,,2.5280503428121888,2.0707472114170855,12.955251349783067,2.4782309371679614,1.810893588435588,1108.5160482441056
284,4626365.950245199,3041.8303536670805,,,,2.528050425106676,2.070747338066959,12.955255531655773,2.478231012832563,1.810901026631278,1108.5160533817866
285,4626366.086992633,3041.8303986227206,,,,2.528050594022532,2.070747347644354,12.955250501165272,2.478231135771825,1.8108882095087138,1108.5160446224888
286,4626365.853733161,3041.830321938804,,,,2.528050473591615,2.070747226711714,12.955252511934468,2.4782309654085055,1.8108980828540466,1108.5160465153886
287,4626366.180209749,3041.830429267795,,,,2.52805095755078,2.0707458887021324,12.955254681154427,2.478231328030234,1.810893588435588,1108.5160451792303
288,4626365.899350884,3041.8303369356036,,,,2.5280506692712534,2.070747288960062,12.955253125435238,2.4782310105336895,1.8109020708952652,1108.5160482441056
289,4626365.937561981,3041.8303494974807,,,,2.5280504557491668,2.0707470628988736,12.955251069568988,2.478231104966911,1.810893588435588,1108.5160496971741
290,4626366.150864688,3041.830419620623,,,,2.528050574608481,2.0707475039498915,12.955244491001165,2.4782314517318094,1.8108879420237125,1108.5160482441056
291,4626368.296447575,3041.8311249796825,,,,2.528052405510866,2.0707513455859763,12.955253321175006,2.478232616093164,1.8108936124492565,1108.5160454297811
292,4626365.745920972,3041.8302864956067,,,,2.528050655272243,2.0707472209934816,12.955247906793996,2.4782314727881785,1.810893588435588,1108.5160482441056
293,4626366.644270571,3041.8305818275194,,,,2.5280509844740138,2.0707509928879118,12.955252636972567,2.478231353712278,1.8109005282166457,1108.5160493717292
294,4626365.379370159,3041.83016599223,,,,2.528049858921958,2.070747228550056,12.95525282017112,2.4782307414826272,1.810893588435588,1108.5160482441056
295,4626365.862599386,3041.83032485357,,,,2.5280504418912257,2.07074726862631,12.955251005270867,2.478231005214711,1.810893588435588,1108.5160482441056
296,4626366.247830972,3041.830451498233,,,,2.5280508856578665,2.0707489946290014,12.955260057386509,2.478231619409491,1.810898986088115,1108.516048476934
297,4626365.071205862,3041.830064683384,,,,2.5280506467584014,2.07074657605159,12.955260433096004,2.4782313324700005,1.810886902791017,1108.5160261885
298,4626365.644633106,3041.8302531972768,,,,2.528050371852878,2.0707476411837424,12.955250118126072,2.4782311189120576,1.810893588435588,1108.5160482441056
299,4626365.894670148,3041.830335396816,,,,2.528050388486705,2.070746603924774,12.955251676337037,2.4782313349116247,1.8108931803007353,1108.5160513524584
300,4626366.032729566,3041.830380783769,,,,2.528050552482577,2.0707472479890434,12.955251349783067,2.4782309413507675,1.810893588435588,1108.5160482441056
301,4626365.879952104,3041.8303305582644,,,,2.528050647529129,2.070749947955486,12.955251349783067,2.47823109721135,1.8108869545203565,1108.5160482441056
302,4626365.780515135,3041.830297868418,,,,2.5280503094425986,2.0707489750544963,12.955251349783067,2.4782308822713888,1.8108943756649147,1108.5160475166153
303,4626365.696565859,3041.8302702701403,,,,2.528050241126213,2.070746552981057,12.955251349783067,2.478230923361452,1.810890962781894,1108.5160661571515
304,4626365.685014524,3041.8302664726452,,,,2.528050339621324,2.070747213363073,12.955251349783067,2.478230937146336,1.810893588435588,1108.5160482441056
305,4626365.855373063,3041.830322477919,,,,2.5280505677538656,2.0707472114170855,12.955251349783067,2.4782311813648423,1.8109036943211985,1108.5160483110362
306,4626365.72509313,3041.830279648465,,,,2.5280503617504726,2.0707472114170855,12.955251349783067,2.4782309499465303,1.810893588435588,1108.516047490254
307,4626365.661277677,3041.83025866917,,,,2.528050268039376,2.0707472114170855,12.955251349783067,2.4782308441973093,1.810893588435588,1108.5160482441056
308,3586439.9839773932,2678.223285679292,,,,2.4204034779505648,1.9820875603162307,11.806760999142096,2.3765143091060823,1.7322911616025367,1029.1031425613783
309,3586440.2173280283,2678.2233728081865,,,,2.420403477579374,1.9820879108194678,11.806765466803405,2.3765142543759126,1.7322888043149915,1029.103148857611
310,3586440.3366426136,2678.223417358086,,,,2.4204036262572846,1.9820877453854946,11.806760410301026,2.3765143785318146,1.7322957866914601,1029.103137981488
311,3586440.1340453583,2678.223341711948,,,,2.4204035540903157,1.982087973163746,11.806762059392724,2.3765142461261335,1.7322860607287058,1029.10314060445
312,3586440.476671193,2678.223469642216,,,,2.420404098458253,1.9820866272171114,11.806764534353029,2.376514701525167,1.7322916128523493,1029.1031389471877
313,3586440.168461768,2678.2233545624113,,,,2.4204037597876096,1.9820876426931457,11.806762684143274,2.376514342544601,1.7322946286635743,1029.1031425613783
314,3586440.2287438894,2678.2233770706603,,,,2.4204035807895554,1.9820879083461402,11.806760763687016,2.376514479954927,1.7322923055747301,1029.1031440346596
315,3586440.4414231656,2678.223456481241,,,,2.420403726467509,1.9820876505201315,11.806753873070143,2.3765148431621355,1.7322836298002198,1029.1031425613783
316,3586442.49519628,2678.2242233227157,,,,2.420405423042856,1.9820910976774977,11.806762730740997,2.3765158618264706,1.7323332306355348,1029.1031392037894
317,3586440.048294886,2678.2233096942773,,,,2.4204038001607073,1.9820893344801174,11.80675952254851,2.3765148448882165,1.732268954173696,1029.1031425613783
318,3586440.8532952643,2678.2236102667994,,,,2.4204040235155504,1.982091271120423,11.806761743025675,2.3765146490935347,1.7322673156132828,1029.1031437081579
319,3586439.7176912306,2678.2231862528665,,,,2.4204030490026534,1.9820878639687989,11.806763076387153,2.376514123966297,1.7322890374837943,1029.1031425613783
320,3586440.1403657314,2678.2233440718605,,,,2.420403546615361,1.9820857063976094,11.806760652415855,2.3765143388210808,1.7322850806017884,1029.1031425613783
321,3586440.5115687097,2678.223482672314,,,,2.420404024426087,1.9820863551409416,11.806769970459966,2.3765149935793213,1.732294465821336,1029.1031428413946
322,3586439.407906794,2678.2230705849697,,,,2.4204037988380565,1.9820882506713045,11.806770461238791,2.3765146595432363,1.7322911518111894,1029.1031203707907
323,3586439.961535454,2678.2232772998786,,,,2.4204035265514734,1.9820873678830173,11.806759839233404,2.376514496243892,1.7322964957537517,1029.1031425613783
324,3586440.1319021783,2678.223340911724,,,,2.420403516961651,1.9820872428616043,11.806760905635466,2.376514727162257,1.7322911616025367,1029.1031456947494
325,3586440.290051327,2678.223399961745,,,,2.4204036542798146,1.9820875837091791,11.806760999142096,2.376514261423704,1.7322911616025367,1029.1031425613783
326,3586440.1483269953,2678.223347044452,,,,2.4204037396869573,1.9820878445985874,11.806760999142096,2.376514409832655,1.7322911616025367,1029.1031425613783
327,3586440.0830318406,2678.223322664427,,,,2.4204034264326437,1.9820875603162307,11.806760999142096,2.3765141630744737,1.7322911616025367,1029.1031418304442
328,3586439.936958292,2678.223268123213,,,,2.4204033619569567,1.9820875603162307,11.806760999142096,2.376514240996703,1.7322911616025367,1029.1031605312414
329,3586439.9843132906,2678.2232858047105,,,,2.4204034747765357,1.9820875603162307,11.806760999142096,2.376514309080386,1.7322911616025367,1029.1031425613783
330,3586440.127584465,2678.2233392995677,,,,2.4204036844336163,1.9820875603162307,11.806760999142096,2.376514509605543,1.7322911616025367,1029.1031426764325
331,3586440.008370612,2678.2232947872776,,,,2.4204034902667932,1.9820875603162307,11.806760999142096,2.3765143101939783,1.7322911616025367,1029.1031418340672
332,3586439.96189769,2678.2232774351323,,,,2.4204034050369843,1.9820875603162307,11.806760999142096,2.3765142203399456,1.7322911616025367,1029.1031425613783
333,3548339.985716077,2663.959453789069,,,,2.331436206271059,1.9479774125262188,11.31722629915961,2.3153198079539066,1.6622736421972992,938.7408059226325
334,3548340.2133604046,2663.959539242443,,,,2.331436147296631,1.947977838512176,11.317230951626945,2.3153196606796924,1.6622708831986928,938.7408135294222
335,3548340.2543714247,2663.959554637204,,,,2.331436272506192,1.9479774000507444,11.317225455526277,2.315319777350831,1.6622708831986928,938.7408002590321
336,3548340.119995473,2663.9595041950142,,,,2.331436239583474,1.9479775549957712,11.317227378906884,2.3153196767368316,1.662271081933552,938.7408037057999
337,3548340.4458666183,2663.9596265208743,,,,2.3314368281331106,1.9479772212818638,11.317229886151795,2.3153201893250923,1.66227881336373,938.7408016892117
338,3548340.1274897764,2663.959507008234,,,,2.3314364450185527,1.947977621919516,11.317228082650292,2.315319800682449,1.6622755221461671,938.7408059226325
339,3548340.206468317,2663.9595366552835,,,,2.331436291552962,1.9479776267583286,11.31722609413685,2.3153199741453276,1.6622850127437747,938.7408074225787
340,3548340.415340054,2663.9596150617795,,,,2.331436460743216,1.9479775692554666,11.317218906826705,2.3153203518341976,1.6622705825319535,938.7408059226325
341,3548342.342298225,2663.9603384052944,,,,2.3314380286399503,1.947977817865881,11.31722801581812,2.31532122464298,1.6622736421972992,938.7408019682643
342,3548340.044293397,2663.9594757778864,,,,2.3314365271034685,1.9479791206017243,11.317225171912519,2.3153203351138725,1.6622588188345695,938.7408059226325
343,3548340.758291425,2663.9597437992284,,,,2.3314366459914635,1.9479773507986131,11.317226981742843,2.3153200446052398,1.6622736421972992,938.7408070958575
344,3548339.7454468403,2663.9593635965393,,,,2.3314358445630248,1.947977675930548,11.317228557669932,2.315319637156132,1.6622736421972992,938.7408059226325
345,3548340.1199792554,2663.959504188926,,,,2.3314362464406195,1.9479756398528325,11.31722595102013,2.315319804025501,1.6622736421972992,938.7408059226325
346,3548340.4585194453,2663.9596312705053,,,,2.3314367411810397,1.9479751252745494,11.317235353477084,2.315320482939005,1.662276990978965,938.7408062604416
347,3548339.451523101,2663.9592532631195,,,,2.331436541425518,1.9479774083284553,11.317236173451562,2.315320124037177,1.6622736952944632,938.7407835435657
348,3548339.9791871225,2663.9594513382226,,,,2.3314362732762635,1.9479774054634398,11.317225286970595,2.3153199986628383,1.6622736421972992,938.7408059226325
349,3548340.2189525026,2663.959541341612,,,,2.331436251158849,1.9479772364826689,11.317226079735715,2.315320264173966,1.6622736421972992,938.7408091107703
350,3548340.2571057654,2663.959555663623,,,,2.331436359160584,1.947977425826863,11.31722629915961,2.315319719214698,1.6622683017722633,938.7408059226325
351,3548340.129125809,2663.9595076223695,,,,2.3314364241057586,1.947979228506634,11.31722629915961,2.3153198555572043,1.6622719622274957,938.7408059226325
352,3548340.071486552,2663.9594859856843,,,,2.331436144851148,1.947978910252261,11.31722629915961,2.3153195841025953,1.6622736437620067,938.7408051913119
353,3548339.937198448,2663.9594355764675,,,,2.331436079466003,1.9479768574979663,11.31722629915961,2.3153196919827503,1.6622736421972992,938.7408239827028
354,3548339.9860448632,2663.959453912489,,,,2.3314362027749236,1.9479774144124347,11.31722629915961,2.315319807892065,1.6622736421972992,938.7408059226325
355,3548340.119533414,2663.959504021565,,,,2.33143639211275,1.9479774125262188,11.31722629915961,2.3153199550557595,1.6622736421972992,938.7408061162998
356,3548340.018180704,2663.959465975676,,,,2.331436213009759,1.9479774125262188,11.31722629915961,2.3153198018623913,1.6622736421972992,938.7408052245662
357,3548339.964995445,2663.9594460109356,,,,2.331436135480492,1.9479774125262188,11.31722629915961,2.3153197235042424,1.6622736421972992,938.7408059226325
358,2760494.853599533,2349.678639133246,,,,2.2567093440253436,1.8826656875491232,10.783511059163828,2.2359448044576444,1.6043001376477277,837.0648522793565
359,2760495.0144364736,2349.6787075838574,,,,2.2567092322500555,1.8826646876558581,10.783516165280231,2.2359445756546816,1.6043031564718904,837.0648613455495
360,2760495.115695973,2349.6787506788974,,,,2.2567093379066274,1.8826633491155815,10.783510595785332,2.2359446961273557,1.6042999383432264,837.0648454063106
361,2760494.957439338,2349.67868332644,,,,2.2567093509078218,1.8826683618653304,10.783512016174303,2.235944614635001,1.6042993377551196,837.0648497736877
362,2760495.3039671825,2349.6788308052587,,,,2.256709953490664,1.882652901865698,10.78351470097876,2.235945170259701,1.6042982423446546,837.0648473591368
363,2760494.974411261,2349.6786905495223,,,,2.2567095419879264,1.8826618601271319,10.783512772932385,2.2359447614592174,1.6043001376477277,837.0648522793565
364,2760495.0722246463,2349.678732177931,,,,2.256709404276698,1.8826682110494852,10.783510875470064,2.235944961233812,1.6042997203521554,837.0648538136224
365,2760495.2758035893,2349.6788188191113,,,,2.2567096013715915,1.8826620665818408,10.783503588758213,2.2359453563365017,1.6043001376477277,837.0648522793565
366,2760497.1068707537,2349.6795981030073,,,,2.2567110465024465,1.882668118030531,10.783512513599007,2.235946086690815,1.6042978120144977,837.0648476851652
367,2760494.905862398,2349.6786613758045,,,,2.256709658363989,1.8826636631546636,10.78351235897434,2.235945313624175,1.6043008799760896,837.0648522793565
368,2760495.55661627,2349.678938330201,,,,2.2567096814163152,1.8826608343368951,10.783511012737458,2.2359449582638953,1.6042998133546535,837.0648534885793
369,2760494.646855569,2349.6785511450576,,,,2.2567090310896907,1.88266578820376,10.7835139159905,2.235944644739089,1.6043001376477277,837.0648522793565
370,2760494.9706811453,2349.6786889620225,,,,2.2567093599041,1.8826650670760978,10.783510710862629,2.2359447720347148,1.6043001376477277,837.0648522793565
371,2760495.3060555053,2349.6788316940274,,,,2.2567098765028355,1.8826642873933974,10.783520336677348,2.2359454663955103,1.6043019125700064,837.0648526896848
372,2760494.300133631,2349.678403583617,,,,2.256709687334274,1.8826670761707818,10.78352100738942,2.2359450932547875,1.6042937787476939,837.0648296457858
373,2760494.856961244,2349.6786405639573,,,,2.2567094253432525,1.882665723498243,10.783510076096075,2.235944996743022,1.6043001376477277,837.0648522793565
374,2760495.024778089,2349.6787119851474,,,,2.256709396836699,1.8826656054384747,10.783510403260358,2.2359452930589607,1.6043097491522431,837.0648555704913
375,2760495.0946672303,2349.678741729272,,,,2.2567094731729522,1.8826657407197205,10.783511059163828,2.235944684293716,1.6043001376477277,837.0648522793565
376,2760494.9832087755,2349.678694293658,,,,2.2567095302342843,1.882666200744775,10.783511059163828,2.235944814118096,1.6043029644496563,837.0648522793565
377,2760494.9443413727,2349.678677752076,,,,2.2567092767106702,1.8826656875491232,10.783511059163828,2.235944520337554,1.6043001729825863,837.0648515551493
378,2760494.777777821,2349.6786068642755,,,,2.2567092091282963,1.8826656875491232,10.783511059163828,2.235944648622892,1.6043041340835298,837.0648704713913
379,2760494.8539219378,2349.678639270459,,,,2.2567093407933205,1.8826656886572573,10.783511059163828,2.23594480443037,1.6043001376477277,837.0648522793565
380,2760494.9755947236,2349.678691053193,,,,2.2567095139475017,1.8826656875491232,10.783511059163828,2.235944909777533,1.6043200891711737,837.0648525981596
381,2760494.8671716107,2349.6786449093884,,,,2.2567093459027383,1.8826656875491232,10.783511059163828,2.2359447918726656,1.6043001376477277,837.0648516130411
382,2760494.83423805,2349.678630893191,,,,2.256709275450662,1.8826656875491232,10.783511059163828,2.2359447242334336,1.6043001376477277,837.0648522793565
383,3312716.812033709,2573.9917684537027,,,,2.1922824423438048,1.8602955121975842,10.389308134693788,2.2096337008158193,1.5491153977933014,709.1064594672926
384,3312716.9588552164,2573.991825494097,,,,2.1922822822884247,1.86029416840073,10.389313732892008,2.2096333945185576,1.549114473836413,709.1064703338412
385,3312717.002643336,2573.9918425058518,,,,2.192282367056767,1.8602928728645147,10.389307330153194,2.2096335193502603,1.5491150543489072,709.106451090285
386,3312716.923180133,2573.991811634269,,,,2.1922824290868754,1.8602989272536097,10.389309110939164,2.2096334523740735,1.5491178968223691,709.1064566139495
387,3312717.2337096105,2573.991932275472,,,,2.1922830179686006,1.8602817914325365,10.389312015995875,2.209634050540484,1.5491230997324577,709.1064537048583
388,3312716.898961968,2573.9918022254724,,,,2.19228260537052,1.8602912773083438,10.389309925193926,2.209633623400403,1.5491153977933014,709.1064594672926
389,3312717.0044325604,2573.991843200969,,,,2.1922825007511637,1.860297585673404,10.38930795814805,2.209633863182582,1.5491173203307627,709.1064610501808
390,3312717.20557413,2573.9919213447943,,,,2.192282708398987,1.8602912259145068,10.38930049867269,2.2096342628327763,1.549115407672482,709.1064594672926
391,3312718.926896987,2573.9925900814037,,,,2.1922840236735,1.8602975776055901,10.389309545184235,2.2096348396184724,1.5491186473633647,709.1064541229898
392,3312716.854768761,2573.99178505634,,,,2.192282730929582,1.8602934338972426,10.389310575880785,2.209634179701681,1.549115412986615,709.1064594672926
393,3312717.436633481,2573.992011111722,,,,2.19228268497929,1.8602895076948882,10.389307788888194,2.209633777435392,1.549116037373251,709.1064607320362
394,3312716.625130036,2573.991695841319,,,,2.1922821796550473,1.8602955244949038,10.38931126776221,2.20963355963191,1.5491144704985043,709.1064594672926
395,3312716.9106892995,2573.9918067815606,,,,2.192282436894423,1.860295037318191,10.389307786957477,2.2096336420154383,1.5491153977933014,709.1064594672926
396,3312717.2194542186,2573.99192673723,,,,2.1922829438023035,1.8602947042024303,10.389317514179027,2.20963433683441,1.5491104448286226,709.1064599854802
397,3312716.3153925175,2573.9915755077823,,,,2.1922827870180313,1.8602967633487566,10.389318329734635,2.2096339555331723,1.5491101638756488,709.1064364524154
398,3312716.8249216885,2573.991773460704,,,,2.192282536695165,1.8602955360253621,10.389307179754857,2.209633895385882,1.5491153977933014,709.1064594672926
399,3312717.0287777195,2573.991852659103,,,,2.1922824966290744,1.8602954776338372,10.389307239675684,2.209634211516814,1.54911555146884,709.1064629736844
400,3312717.023599908,2573.9918506475146,,,,2.1922825483262294,1.8602955650726494,10.389308134693788,2.2096335569914345,1.5491166676325434,709.1064594672926
401,3312716.9341755826,2573.9918159060185,,,,2.192282599120369,1.8602960640741186,10.389308134693788,2.2096336777070404,1.5491153977933014,709.1064594672926
402,3312716.892054029,2573.991799541727,,,,2.1922823684631108,1.8602955121975842,10.389308134693788,2.2096333553707352,1.549125865523399,709.106458770528
403,3312716.7337984475,2573.9917380591746,,,,2.1922823025344664,1.8602955121975842,10.389308134693788,2.209633511523914,1.549125129503107,709.1064778684727
404,3312716.8123568976,2573.991768579262,,,,2.1922824394487064,1.8602955132665384,10.389308134693788,2.2096337008182916,1.5491153977933014,709.1064594672926
405,3312716.919516884,2573.9918102110905,,,,2.1922825948527933,1.8602955121975842,10.389308134693788,2.209633764989794,1.5491211932225464,709.1064600107092
406,3312716.81564468,2573.991769856571,,,,2.1922824385370645,1.8602955121975842,10.389308134693788,2.2096336819442848,1.549115222209113,709.1064588402161
407,3312716.7941479245,2573.9917615050454,,,,2.192282376841179,1.8602955121975842,10.389308134693788,2.2096336254547064,1.5491153977933014,709.1064594672926
408,2060461.7570428667,2030.0057916384706,,,,2.121441148164238,1.8269384474629367,9.621484628268028,2.122887539954451,1.5024942809180484,550.0007615117868
409,2060461.8660290607,2030.0058453260965,,,,2.1214409582972316,1.8269395922864362,9.621490429910347,2.1228871714537245,1.50249985255025,550.0007745202905
410,2060461.9445497254,2030.0058840061154,,,,2.121441018781878,1.826938567369699,9.621484293054769,2.1228872934666763,1.5024881311206115,550.0007512974967
411,2060461.8233394437,2030.00582429679,,,,2.1214411139380043,1.8269384328206628,9.621485487938113,2.1228872427766654,1.5024956510062242,550.0007582873577
412,2060462.1517068169,2030.0059860536458,,,,2.121441704084816,1.826938686684899,9.62148855622572,2.1228878785830645,1.5024942809180484,550.0007547685052
413,2060461.8306247354,2030.0058278855934,,,,2.1214412795854187,1.8269377667602134,9.621486333143343,2.1228874299892264,1.5024942809180484,550.0007615117868
414,2060461.9407795682,2030.005882148901,,,,2.1214412047845386,1.8269385406714562,9.621484564899232,2.1228877090080833,1.5024942809180484,550.0007631631246
415,2060462.1429872727,2030.0059817583167,,,,2.1214414282246064,1.8269378121533983,9.621476871896654,2.1228881089971616,1.5024942809180484,550.0007615117868
416,2060463.7682509737,2030.0067823783122,,,,2.1214425995443476,1.8269380495722087,9.62148576714743,2.1228885295296367,1.502498040998769,550.0007553305873
417,2060461.8479963585,2030.0058364430183,,,,2.121441426668056,1.8269384061288736,9.621489543369112,2.122887990622185,1.5024942809180484,550.0007615117868
418,2060462.2904688532,2030.0060544091257,,,,2.1214413088791004,1.826938086471777,9.621483585877574,2.122887547709443,1.5025002074361342,550.0007628691362
419,2060461.5991427524,2030.0057138553836,,,,2.1214409355438444,1.826938702665349,9.621488382666973,2.122887417626851,1.5024942809180484,550.0007615117868
420,2060461.8420625215,2030.005833519954,,,,2.1214411238027857,1.8269395647718487,9.621484282347394,2.122887458548933,1.5024942809180484,550.0007615117868
421,2060462.1562152682,2030.0059882745513,,,,2.1214415962221373,1.8269414681574379,9.621494198094787,2.122888123379602,1.5024982436918193,550.0007622035447
422,2060461.2623400404,2030.0055479431776,,,,2.1214414927100718,1.8269380296957964,9.621494983917216,2.122887764933039,1.5024900798625929,550.0007379121818
423,2060461.7783062095,2030.0058021129937,,,,2.121441249811417,1.826938518346216,9.621483721900747,2.122887731295441,1.5024942809180484,550.0007615117868
424,2060461.9797105687,2030.0059013266778,,,,2.1214412045849755,1.8269377290817763,9.621483249774002,2.1228880696008265,1.502494820642605,550.0007655206251
425,2060461.9396379748,2030.0058815865411,,,,2.1214412334452057,1.8269382332630215,9.621484628268028,2.1228873798870134,1.502494129151962,550.0007615117868
426,2060461.8390179418,2030.0058320201651,,,,2.121441278242907,1.8269384474629367,9.621484628268028,2.1228874887986984,1.5024942809180484,550.0007615117868
427,2060461.8358833694,2030.0058304760457,,,,2.121441072845284,1.8269384474629367,9.621484628268028,2.122887146992159,1.5024925409095469,550.0007608947109
428,2060461.6537869535,2030.0057407736333,,,,2.1214410054972874,1.8269384474629367,9.621484628268028,2.122887319774169,1.5024800864659955,550.000780240917
429,2060461.7573637525,2030.0057917965419,,,,2.121441145508366,1.8269384641901811,9.621484628268028,2.1228875399655105,1.5024942809180484,550.0007615117868
430,2060461.8604038036,2030.0058425550421,,,,2.121441284965551,1.8269384474629367,9.621484628268028,2.122887564025491,1.5024975968315881,550.0007624640772
431,2060461.766947186,2030.0057965174317,,,,2.1214411401727875,1.8269384474629367,9.621484628268028,2.122887517304552,1.5024903518633224,550.0007609335181
432,2060461.7406466478,2030.0057835615387,,,,2.1214410866522844,1.8269384474629367,9.621484628268028,2.122887470613035,1.5024942809180484,550.0007615117868
433,2594222.9557770663,2277.8160398842874,,,,2.076519276933157,1.7313478074889406,9.528164765270262,2.1045528436621366,1.466333757734984,714.3364645145676
434,2594223.059384818,2277.816085369852,,,,2.0765190700762894,1.731347334342916,9.528170446270138,2.1045524289978252,1.4663255013324985,714.3364651781183
435,2594223.117075589,2277.8161106970815,,,,2.076519100402969,1.7313446524195422,9.528164145754912,2.1045525525632107,1.4663603837043604,714.3364789144566
436,2594223.0278629116,2277.816071531199,,,,2.0765192283381055,1.7313517423919895,9.52816564202167,2.104552511699634,1.466348529500946,714.336475956962
437,2594223.3423451073,2277.8162095942284,,,,2.076519814169854,1.7313351187282227,9.528168720817863,2.1045531727030626,1.4663221922420506,714.3364622565035
438,2594223.032657287,2277.8160736360114,,,,2.076519390298322,1.7313420106145463,9.528166558871199,2.104552716375433,1.466333757734984,714.3364770871688
439,2594223.1226090994,2277.816113126387,,,,2.0765193429601108,1.7313495211655903,9.528164827847686,2.104553023646253,1.4663323236240415,714.3364645145676
440,2594223.31433035,2277.816197295274,,,,2.076519564644472,1.731342402534535,9.528156829222524,2.1045534137957835,1.466333757734984,714.3364645145676
441,2594224.8479850334,2277.8168705956296,,,,2.0765206091836568,1.7313483348064271,9.528165901276976,2.1045536884140006,1.466346243727081,714.3364532951903
442,2594223.0113254297,2277.816064270964,,,,2.076519525158853,1.731345810904336,9.528169798583491,2.1045532565765113,1.466333757734984,714.3364645145676
443,2594223.4385999828,2277.8162518517524,,,,2.0765193642568844,1.7313403435273325,9.528163731587838,2.104552775853709,1.4663223885611536,714.3364504689356
444,2594222.8149606753,2277.815978063494,,,,2.0765191022117144,1.731347905067269,9.528168600099713,2.1045527373177997,1.466333757734984,714.3364645145676
445,2594223.025849712,2277.8160706473705,,,,2.076519237214133,1.731349240297285,9.528164422696479,2.104552744063694,1.466333300429752,714.3364645145676
446,2594223.3599498104,2277.816217322991,,,,2.0765196754933193,1.7313512283191819,9.528174292580857,2.1045533785041513,1.466334635838602,714.3364731309803
447,2594222.4349990617,2277.81581125387,,,,2.0765196140430255,1.7313477568788054,9.528175414160406,2.104553045564458,1.4663419097213561,714.3364480965766
448,2594222.9820871023,2277.8160514348406,,,,2.0765193820839576,1.731347845732099,9.528163947132198,2.104553028942861,1.466333757734984,714.3364645145676
449,2594223.1733906884,2277.8161354203676,,,,2.0765193446634314,1.7313471768733661,9.528163314488124,2.1045534025658283,1.466316306032837,714.3364617601025
450,2594223.1116079628,2277.8161082967013,,,,2.0765193473066224,1.7313476097139484,9.528164765270262,2.1045526774307524,1.466339375712211,714.3364645145676
451,2594223.0516413073,2277.8160819703194,,,,2.076519385825961,1.731347777467744,9.528164765270262,2.104552773242262,1.466333757734984,714.3364645145676
452,2594223.0270304107,2277.8160711657165,,,,2.076519201114614,1.7313478074889406,9.528164765270262,2.104552414952405,1.4663564724298845,714.3364536298142
453,2594222.8867331333,2277.8160095728254,,,,2.0765191331544166,1.7313478074889406,9.528164765270262,2.1045526013612363,1.4663410451313947,714.3364761962947
454,2594222.956092052,2277.8160400225715,,,,2.076519274514765,1.7313478240003188,9.528164765270262,2.104552843682911,1.466333757734984,714.3364645145676
455,2594223.052178196,2277.8160822060227,,,,2.076519400694788,1.7313478074889406,9.528164765270262,2.104552838078834,1.4663333776013412,714.3364624758326
456,2594222.9591021053,2277.816041344036,,,,2.0765192656524034,1.7313478074889406,9.528164765270262,2.1045528166668297,1.466333542979197,714.3364645145676
457,2594222.9407748324,2277.816033298051,,,,2.076519219509526,1.7313478074889406,9.528164765270262,2.104552780537328,1.466333757734984,714.3364645145676
458,1656547.7715091296,1820.1910732168365,,,,2.0140728226271047,1.7100773539300738,8.980549955347838,2.0353103757776343,1.4290987644472175,423.8403342641658
459,1656547.8303438798,1820.1911055402286,,,,2.0140726077705553,1.7100754898333155,8.980555504631052,2.0353099297338684,1.4290998323360935,423.84033341292024
460,1656547.8948866907,1820.191140999588,,,,2.014072599224727,1.7100723688568864,8.980549619709077,2.035310039654263,1.4290989534836112,423.84032470821376
461,1656547.8292351407,1820.1911049310954,,,,2.014072765278041,1.7100800812465407,8.980550714465139,2.0353100241661957,1.4290978116777386,423.8403433347985
462,1656548.123400671,1820.1912665435307,,,,2.0140733523593917,1.7100646951962777,8.980553987124816,2.035310702617348,1.4290990946171767,423.8403286191027
463,1656547.8225245567,1820.1911012443481,,,,2.014072935985545,1.7100724497954483,8.980551693536567,2.0353102454756304,1.4290987644472175,423.8403342641658
464,1656547.917676995,1820.1911535204179,,,,2.0140729014082006,1.7100785520064927,8.980550160997257,2.03531057103596,1.4290990308813074,423.8403315237018
465,1656548.1334719574,1820.1912720766227,,,,2.0140731206399756,1.7100729851179035,8.98054217225969,2.035310944042586,1.4290987734914824,423.8403342641658
466,1656549.5433251553,1820.1920466396703,,,,2.014074023436201,1.7100765640855018,8.980550848405072,2.0353110552284632,1.4291019001541188,423.84033340321866
467,1656547.8688230095,1820.1911266803872,,,,2.0140730595356295,1.7100754414202053,8.980557101347022,2.035310757834377,1.4290987644472175,423.8403342641658
468,1656548.2084334476,1820.1913132599266,,,,2.0140728345891206,1.7100704334982992,8.980548278022635,2.0353102350854635,1.429105315667375,423.8403342722092
469,1656547.656996306,1820.1910103043058,,,,2.014072689390596,1.7100773453409612,8.980554264603395,2.0353102846641153,1.4290987644472175,423.8403342641658
470,1656547.83158102,1820.1911062199047,,,,2.0140727679557244,1.710077465825735,8.980549620390736,2.0353102585193503,1.4290987644472175,423.8403342641658
471,1656548.1134689706,1820.1912610871254,,,,2.0140731835704546,1.7100815631435613,8.980559632981564,2.0353108592403872,1.4291014642530355,423.8403270997046
472,1656547.3197907698,1820.1908250459726,,,,2.0140731427420655,1.710078769657767,8.980560349301879,2.03531055118901,1.4290933173064115,423.84033323665824
473,1656547.8053194203,1820.191091791969,,,,2.0140729290659247,1.710077249963844,8.980549282270939,2.0353105520032253,1.4290987644472175,423.8403342641658
474,1656548.00316311,1820.1912004858773,,,,2.0140728946377275,1.7100770016400868,8.980548146239487,2.0353109563644383,1.4291015699683631,423.84032934335227
475,1656547.8999751124,1820.1911437951303,,,,2.014072876701493,1.7100773797465747,8.980549955347838,2.035310199406126,1.4291005863762638,423.8403342641658
476,1656547.846847997,1820.1911146074726,,,,2.014072911022946,1.7100804119491757,8.980549955347838,2.035310290446875,1.4290987644472175,423.8403342641658
477,1656547.8320950065,1820.1911065022853,,,,2.0140727512282752,1.7100773033274632,8.980549955347838,2.0353099220350384,1.4291027479609044,423.84031794317326
478,1656547.6509155347,1820.191006963574,,,,2.014072678921433,1.7100773539300738,8.980549955347838,2.03531011319092,1.429096437115111,423.84031522494456
479,1656547.7718169144,1820.1910733859313,,,,2.014072820384846,1.7100773539300738,8.980549955347838,2.0353103758063567,1.4290987644472175,423.8403342641658
480,1656547.857165534,1820.1911202758536,,,,2.0140729357413596,1.7100773539300738,8.980549955347838,2.035310347309326,1.429098142033259,423.8403364948234
481,1656547.7759450935,1820.191075653923,,,,2.014072808203085,1.7100773539300738,8.980549955347838,2.035310345336007,1.429098275130156,423.8403342641658
482,1656547.7579767276,1820.1910657822311,,,,2.0140727701590073,1.7100773539300738,8.980549955347838,2.0353103205005083,1.4290987644472175,423.8403342641658
483,2823557.162672594,2376.365781049961,,,,1.9890028245482274,1.6595677639850501,8.72884340651843,2.040896175075408,1.3968364401187334,768.0047423708916
484,2823557.2247727015,2376.365807182346,,,,1.9890025978438455,1.6595659642541367,8.7288487948333,2.0408957050584253,1.3968467385747645,768.0047423658652
485,2823557.278606934,2376.3658298363634,,,,1.9890025522993584,1.6595625826241496,8.728842663049134,2.0408957988492076,1.3968308156888853,768.0047399381632
486,2823557.189069848,2376.3657921582053,,,,1.989002744823136,1.6595703468100256,8.728844178936207,2.0408957973060775,1.3968362826245033,768.004749785711
487,2823557.4744933504,2376.3659122674485,,,,1.9890033716536488,1.659556120293918,8.728847440735596,2.040896521582014,1.3968486462011658,768.0047310910719
488,2823557.177502303,2376.3657872904596,,,,1.9890029210736155,1.6595628144821504,8.72884517742747,2.040896029211073,1.3968364401187334,768.0047309217796
489,2823557.2977679754,2376.3658378995333,,,,1.989002918128981,1.659568709188652,8.72884380437558,2.0408963876733726,1.3968364401187334,768.0047423708916
490,2823557.4968197825,2376.3659216626475,,,,1.9890031374107981,1.6595633014790412,8.728836023992326,2.040896741369841,1.396836420771085,768.0047423708916
491,2823558.833086616,2376.3664839778467,,,,1.9890039044955583,1.6595668726361965,8.72884427759857,2.0408966950636716,1.3968359760521714,768.0047423469996
492,2823557.2658173637,2376.365824454377,,,,1.989003043768147,1.6595659526809063,8.728851212613034,2.040896529926412,1.3968364401187334,768.0047423708916
493,2823557.5622618217,2376.365949201352,,,,1.9890027660100595,1.65956017468539,8.728841504526102,2.040895960969299,1.3968376702576542,768.004742646039
494,2823557.061905117,2376.365738645934,,,,1.9890027254967033,1.6595677381939131,8.728847743811585,2.0408960960754015,1.3968364401187334,768.0047423708916
495,2823557.2105421843,2376.365801193993,,,,1.9890027586352015,1.6595678747490075,8.728843082594,2.0408960432251733,1.3968277305479573,768.0047423708916
496,2823557.467250057,2376.3659092193925,,,,1.9890031809031925,1.6595718911471518,8.728852884327463,2.040896630200727,1.3968258529063824,768.0047273657015
497,2823556.728252569,2376.365598241385,,,,1.9890031300664002,1.6595690010153725,8.728853242910748,2.040896329821106,1.3968446925513471,768.0047459818843
498,2823557.203203768,2376.3657981059096,,,,1.9890029328571999,1.6595676658316114,8.728842829480374,2.040896341345625,1.3968364401187334,768.0047423708916
499,2823557.425347446,2376.3658915863302,,,,1.9890029098712663,1.6595674523902986,8.728841526257026,2.040896780467726,1.3968447998466007,768.0047434556927
500,2823557.265976472,2376.365824521331,,,,1.9890028640333715,1.659567790098015,8.72884340651843,2.0408959925728922,1.3968364401187334,768.0047423708916
501,2823557.216010652,2376.365803495183,,,,1.989002894369418,1.6595708708609211,8.72884340651843,2.0408960774616536,1.3968364401187334,768.0047423708916
502,2823557.2349682576,2376.365811472745,,,,1.989002754320929,1.6595677915263165,8.72884340651843,2.040895702930636,1.3968623799511724,768.0047424702113
503,2823557.0679858616,2376.365741204776,,,,1.9890026842020936,1.6595677639850501,8.72884340651843,2.040895904307543,1.3968362907008813,768.0047394609245
504,2823557.162972718,2376.365781176256,,,,1.9890028224630463,1.6595677639850501,8.72884340651843,2.040896175114169,1.3968364401187334,768.0047423708916
505,2823557.256748898,2376.3658206382706,,,,1.989002926900111,1.6595677639850501,8.72884340651843,2.0408961231002776,1.396830797745813,768.0047473336748
506,2823557.1601903657,2376.365780005413,,,,1.989002807018401,1.6595677639850501,8.72884340651843,2.0408961412209567,1.3968364401187334,768.0047423708916
507,2823557.150551589,2376.3657759493135,,,,1.9890027768813257,1.6595677639850501,8.72884340651843,2.040896126496814,1.3968364401187334,768.0047423708916
508,1580852.7582046157,1778.1185327219416,,,,1.934236260203873,1.6164382586679062,8.562605070566367,1.9703145619693676,1.3670984527481578,418.99011367309186
509,1580852.7842511046,1778.1185473702835,,,,1.9342360058738808,1.6164358946462123,8.562610146106113,1.9703140623952389,1.367102969324317,418.9901128379272
510,1580852.8249432503,1778.1185702552293,,,,1.9342359604219268,1.616432863517975,8.562604764847572,1.970314159426253,1.367097685235966,418.9901040160421
511,1580852.796994864,1778.1185545372755,,,,1.9342361617127375,1.6164405016649468,8.56260572038396,1.9703141697341746,1.367090397064329,418.99012287151345
512,1580853.0675755616,1778.1187067097414,,,,1.9342368175094822,1.616428165616477,8.56260880038114,1.9703149203368044,1.3670984560577144,418.99010789018877
513,1580852.7741621758,1778.1185416963494,,,,1.934236334700587,1.6164334209096873,8.562606675302355,1.9703143954518267,1.3671032668639433,418.99011367309186
514,1580852.8841106158,1778.1186035304938,,,,1.9342363530721416,1.6164388839760517,8.562605517086325,1.9703147775866623,1.367099748520476,418.990111097443
515,1580853.091655603,1778.1187202521673,,,,1.934236588085852,1.6164337669737323,8.562598183684056,1.970315121581761,1.3670984527481578,418.99011367309186
516,1580854.313980479,1778.1194076779427,,,,1.934237220598016,1.6164372614675155,8.562605716549287,1.9703149204082544,1.367084455407717,418.99011278960245
517,1580852.8601681767,1778.118590065453,,,,1.9342364654358357,1.616436534716224,8.562613946914752,1.9703148937477646,1.3670984527481578,418.99011367309186
518,1580853.1252632234,1778.1187391528288,,,,1.9342361523874134,1.6164302842273046,8.562602821420445,1.970314289169664,1.3670884540426422,418.99011367717367
519,1580852.6775313807,1778.1184873519428,,,,1.9342361902757397,1.6164382202144552,8.562609651277869,1.970314493586718,1.3671173519513202,418.99011367309186
520,1580852.7987491998,1778.1185555238997,,,,1.9342361853432795,1.6164383679178354,8.5626047527307,1.9703144181766394,1.3670984527481578,418.99011367309186
521,1580853.0567254329,1778.1187006077141,,,,1.9342365957581384,1.6164423785328794,8.562614429180128,1.9703149759188312,1.3670806603817491,418.9901064341776
522,1580852.363268759,1778.118310613081,,,,1.934236543984978,1.6164393768999732,8.562614194179833,1.9703146958980118,1.367092567345581,418.9901126898917
523,1580852.8025920514,1778.1185576850896,,,,1.9342363662409265,1.6164381649805861,8.56260453042542,1.9703147176180449,1.3670984527481578,418.99011367309186
524,1580852.9778762192,1778.1186562635344,,,,1.9342363662070756,1.6164379792036905,8.562602967368415,1.9703151962897352,1.3671041365813263,418.99010856663233
525,1580852.83914221,1778.1185782406133,,,,1.9342362839781513,1.616438285103314,8.562605070566367,1.9703143708926432,1.3670984544609526,418.99011367309186
526,1580852.815677169,1778.1185650440573,,,,1.934236315759545,1.6164413801456092,8.562605070566367,1.9703144583233723,1.367091976053416,418.99011367309186
527,1580852.8079484173,1778.1185606974677,,,,1.9342361901120002,1.6164383368930433,8.562605070566367,1.9703140772993244,1.3671046018532675,418.9900972086448
528,1580852.6360096168,1778.118464000426,,,,1.934236121515949,1.6164382586679062,8.562605070566367,1.9703142802245066,1.367094925981441,418.9900945444401
529,1580852.7584967164,1778.1185328862168,,,,1.9342362582960475,1.6164382586679062,8.562605070566367,1.970314562014994,1.3670984527481578,418.99011367309186
530,1580852.832662044,1778.1185745962189,,,,1.9342363551787558,1.6164382586679062,8.562605070566367,1.9703144981382574,1.367128419978618,418.99011592644433
531,1580852.7568322907,1778.1185319501571,,,,1.9342362401374633,1.6164382586679062,8.562605070566367,1.9703145256908203,1.3670984527481578,418.99011367309186
532,1580852.7473601361,1778.1185266230912,,,,1.9342362169669858,1.6164382586679062,8.562605070566367,1.970314519075274,1.3670984527481578,418.99011367309186
533,2508137.8972716425,2239.704398920377,,,,1.9030509660594497,1.566456651963712,8.312443228031304,1.97170850275705,1.3391998116292898,734.7633996723123
534,2508137.9314476755,2239.7044141795477,,,,1.9030507018679321,1.566456095871264,8.312448003690038,1.9717079882123698,1.3391996645928619,734.7634004357087
535,2508137.9681401155,2239.704430562263,,,,1.9030506538847842,1.5664552535860752,8.312442712570746,1.9717080904907938,1.3392008642195123,734.7634141281369
536,2508137.928042385,2239.7044126591277,,,,1.903050854360242,1.5664553713464864,8.312443935074976,1.9717081047443128,1.3392004902506374,734.763409089727
537,2508138.188315549,2239.704528867837,,,,1.9030515144035949,1.5664565302153275,8.312446913473234,1.9717088642077152,1.3391998116292898,734.7633974947828
538,2508137.926358037,2239.7044119070874,,,,1.903051014757293,1.5664570307210526,8.31244479981974,1.9717083159173785,1.3391998116292898,734.7634112300798
539,2508138.001338765,2239.704445385046,,,,1.9030510529405729,1.5664566081382962,8.312443705686348,1.971708713005321,1.3391998116292898,734.7633996723123
540,2508138.203972453,2239.7045358584487,,,,1.903051309844618,1.5664569692781707,8.312436738543633,1.9717090529004317,1.3391998116292898,734.7633996723123
541,2508139.3579542967,2239.705051096817,,,,1.9030518135712746,1.5664549862824741,8.312443958407101,1.9717087030180909,1.3392053650678775,734.7633871042768
542,2508137.987634835,2239.7044392664116,,,,1.9030511476370215,1.5664567404649188,8.312451734470814,1.9717088078623797,1.3391998116292898,734.7633996723123
543,2508138.210892686,2239.7045389482455,,,,1.9030508242424173,1.56645571975498,8.312441041476168,1.9717081770008855,1.3391871029555011,734.7633839599732
544,2508137.822854158,2239.704365693901,,,,1.9030509172843835,1.566456590970478,8.312447563785508,1.9717084403147835,1.3391998116292898,734.7633996723123
545,2508137.92863698,2239.704412924608,,,,1.9030508848284908,1.5664567677131762,8.312442914120034,1.9717083488021758,1.3391998116292898,734.7633996723123
546,2508138.206648236,2239.7045370531514,,,,1.903051262917398,1.566459254047141,8.312452288742715,1.9717088588967013,1.3392042006665652,734.7634062393398
547,2508137.4855234036,2239.7042150799293,,,,1.9030512283189005,1.5664583825757015,8.312451807161121,1.9717086208714523,1.3392056156094334,734.7633828175692
548,2508137.9464974026,2239.704420899063,,,,1.9030510669249932,1.5664565682282023,8.312442713326574,1.9717086468298248,1.3391998116292898,734.7633996723123
549,2508138.1543274797,2239.70451369259,,,,1.9030510959380549,1.566456273959526,8.31244125051072,1.9717091638768536,1.3392057203629233,734.76339791382
550,2508137.9579754556,2239.70442602387,,,,1.903050973537446,1.5664567163108862,8.312443228031304,1.9717083008500187,1.3391997262568425,734.7633996723123
551,2508137.9553765017,2239.704424863469,,,,1.9030510092756412,1.5664601532831641,8.312443228031304,1.9717083960189612,1.3391955518724905,734.7633996723123
552,2508137.9339447613,2239.704415294466,,,,1.9030508989002544,1.5664567722597642,8.312443228031304,1.971708017926313,1.339200448388969,734.7633868463943
553,2508137.820390813,2239.7043645940475,,,,1.9030508329788465,1.566456651963712,8.312443228031304,1.971708218446005,1.3391798119073786,734.7634121617523
554,2508137.8975546197,2239.704399046723,,,,1.9030509642878206,1.5664566525506156,8.312443228031304,1.971708502809189,1.3391998116292898,734.7633996723123
555,2508137.964652438,2239.7044290050594,,,,1.9030510555769524,1.566456651963712,8.312443228031304,1.9717084316369295,1.3392182103242314,734.7633984711395
556,2508137.892675934,2239.704396868451,,,,1.90305094364407,1.566456651963712,8.312443228031304,1.9717084642932798,1.3391998116292898,734.7633996723123
557,2508137.887669656,2239.704394633211,,,,1.9030509275488887,1.566456651963712,8.312443228031304,1.9717084657398807,1.3391998116292898,734.7633996723123
558,1936289.357185601,1967.8868652367196,,,,1.8841601314467207,1.550002276730348,7.947255194965752,1.942517179707762,1.332063510689235,624.1417910302952
559,1936289.3889016127,1967.8868813535055,,,,1.8841598661814791,1.5500014473904387,7.947259922501924,1.9425166625694437,1.3320619496864397,624.1417912440181
560,1936289.41458768,1967.8868944061194,,,,1.8841598150773968,1.5500009434703008,7.947254737726724,1.9425167645958974,1.3320637830113138,624.1418048171083
561,1936289.393937395,1967.886883912485,,,,1.8841600187431418,1.5500011552010222,7.947255903869116,1.942516782364259,1.332056613838182,624.1418034978826
562,1936289.6385831758,1967.8870082315068,,,,1.884160675435684,1.550002038681811,7.947258845235252,1.9425175401726928,1.3320623104073661,624.1417890261364
563,1936289.3837734284,1967.886878747571,,,,1.8841601738696225,1.5500031637533092,7.947256667927894,1.9425169881062816,1.3320715792067073,624.14180522007
564,1936289.4597020794,1967.88691733142,,,,1.8841602164193718,1.5500023488173835,7.947255672160716,1.9425173877158837,1.3320874130758633,624.1417910302952
565,1936289.6627056778,1967.8870204895802,,,,1.8841604780124495,1.5500025460363824,7.947248898126885,1.9425177256076815,1.332050669952064,624.1417910302952
566,1936290.8009814566,1967.8875989148655,,,,1.8841609498136882,1.5500003152697797,7.947255920486496,1.9425173384430385,1.3320680972371752,624.1417839198458
567,1936289.4555355227,1967.8869152141458,,,,1.884160307609288,1.5500021763694702,7.9472638701629,1.942517477693669,1.3320614831960642,624.1417910302952
568,1936289.669272105,1967.8870238263698,,,,1.8841599810230638,1.550001976388715,7.947252917116027,1.9425168402138262,1.3320621614631147,624.1417803367062
569,1936289.2875334742,1967.8868298423442,,,,1.884160087411691,1.5500022830792115,7.947259522776724,1.9425171176531932,1.332063510689235,624.1417910302952
570,1936289.3871101127,1967.8868804431388,,,,1.8841600492363293,1.5500023237681173,7.947254882250639,1.942517023594364,1.3320634801947475,624.1417910302952
571,1936289.6690049774,1967.8870236906268,,,,1.884160416959912,1.550004656183143,7.947264222159393,1.9425175200105338,1.3320898492040445,624.1418046252048
572,1936288.9792133486,1967.8866731665967,,,,1.8841603870975636,1.5500034018665452,7.947263493299498,1.9425172946972495,1.3320640632673906,624.141777750357
573,1936289.4075535128,1967.886890831642,,,,1.8841602308514345,1.5500022197785404,7.947254688754606,1.9425173199040562,1.3320655127057772,624.1417910302952
574,1936289.6029851031,1967.886990142017,,,,1.8841602664936132,1.5500020718379757,7.947253205585318,1.9425178472669775,1.3320656875452512,624.1417874474309
575,1936289.4127720762,1967.8868934835034,,,,1.8841601351595896,1.5500023023955403,7.947255194965752,1.942516974609077,1.3320653018424633,624.1417910302952
576,1936289.4094286826,1967.8868917845264,,,,1.8841601713471852,1.5500053902513,7.947255194965752,1.9425170721136242,1.3320693520982945,624.1417910302952
577,1936289.4002893574,1967.8868871402929,,,,1.884160064930676,1.5500023939056624,7.947255194965752,1.9425166952585307,1.332063510689235,624.141783529986
578,1936289.263387936,1967.886817572563,,,,1.8841599994544627,1.550002276730348,7.947255194965752,1.942516892840583,1.332063510689235,624.1418013462823
579,1936289.357466079,1967.8868653792472,,,,1.884160129693594,1.5500022912393323,7.947255194965752,1.942517179755687,1.332063510689235,624.1417910302952
580,1936289.422844601,1967.88689860195,,,,1.8841602193008276,1.550002276730348,7.947255194965752,1.9425171061327196,1.332063510689235,624.1417879986839
581,1936289.3542995385,1967.88686377014,,,,1.8841601084830988,1.550002276730348,7.947255194965752,1.942517141040481,1.332063510689235,624.1417910302952
582,1936289.347910266,1967.886860523372,,,,1.884160094265601,1.550002276730348,7.947255194965752,1.9425171441898927,1.332063510689235,624.1417910302952
583,1180728.2628326954,1536.703135177836,,,,1.8592422361443546,1.5337923467480108,7.809827151423462,1.9000021024975386,1.31778577473731,298.3107243637272
584,1180728.279013419,1536.7031457073415,,,,1.8592419699439933,1.5337915060024518,7.809831782770931,1.900001580728802,1.317786245085705,298.3107179077151
585,1180728.309243285,1536.7031653792378,,,,1.8592419162923979,1.5337910281003895,7.809826846807221,1.900001685419453,1.3177874397309683,298.3107353521678
586,1180728.2808674506,1536.7031469138406,,,,1.8592421190380768,1.533791218866862,7.809827825983765,1.9000017036124115,1.317786245085705,298.310719324815
587,1180728.5376596435,1536.7033140197511,,,,1.8592427723260239,1.53379216075414,7.809830740979303,1.9000024599164596,1.317785700637527,298.3107211181451
588,1180728.2748234845,1536.703142980767,,,,1.8592422689939747,1.5337931920604793,7.809828510920712,1.9000019042687142,1.31778577473731,298.3107243637272
589,1180728.3651532186,1536.703201762278,,,,1.8592423154832305,1.533792418565846,7.809827624743045,1.900002304739871,1.3178172361796934,298.3107243637272
590,1180728.5685929344,1536.7033341493955,,,,1.859242587146928,1.5337926077520572,7.809821118016315,1.900002639348549,1.3177925971342874,298.3107243637272
591,1180729.6582564712,1536.704043240904,,,,1.8592429969349429,1.5337904063596315,7.809827809884939,1.9000021785661452,1.3177954989506904,298.31073354931317
592,1180728.3634061879,1536.7032006254085,,,,1.8592424041417348,1.5337922531520514,7.809836308754239,1.90000238778255,1.3178026465501953,298.3107243637272
593,1180728.571446518,1536.7033360063474,,,,1.8592420730064165,1.5337919746255206,7.809824690293595,1.9000017389260742,1.31778577473731,298.3107258276214
594,1180728.1993135116,1536.7030938431221,,,,1.8592422009197789,1.5337923532043736,7.809831548729844,1.9000020410968526,1.31778577473731,298.3107243637272
595,1180728.2905317035,1536.703153202793,,,,1.8592421512972566,1.5337923909308526,7.809826841021051,1.9000019419839491,1.31778577473731,298.3107243637272
596,1180728.557020848,1536.7033266189333,,,,1.859242498196731,1.533794603364214,7.809836133720618,1.9000024071147577,1.31779770129388,298.310723196386
597,1180727.9278123265,1536.702917165401,,,,1.8592424807353642,1.533793412868646,7.809835070036264,1.9000022133072882,1.3177811959654575,298.31071386300687
598,1180728.3152847756,1536.7031693106999,,,,1.859242330918085,1.5337922930608177,7.809826662745298,1.9000022352376065,1.3177914062119862,298.3107243637272
599,1180728.501393331,1536.7032904196772,,,,1.859242382949671,1.5337921458392532,7.809825087337888,1.9000027865381477,1.31778577473731,298.31070804088887
600,1180728.3092071677,1536.703165355735,,,,1.859242232223309,1.5337923726560827,7.809827151423462,1.9000018937752754,1.3177390040760375,298.3107243637272
601,1180728.3052674744,1536.7031627920044,,,,1.8592422699211588,1.5337954367724276,7.809827151423462,1.9000019937802246,1.3177932015090543,298.3107329734071
602,1180728.318027712,1536.7031710956492,,,,1.8592421708705353,1.5337924845626385,7.809827151423462,1.90000162017055,1.31778577473731,298.3107353598538
603,1180728.1655270245,1536.703071856775,,,,1.8592421063989375,1.5337923467480108,7.809827151423462,1.900001812649071,1.31778577473731,298.3107237134478
604,1180728.2631081494,1536.7031353570858,,,,1.8592422344243853,1.5337923613079925,7.809827151423462,1.9000021025355167,1.31778577473731,298.3107243637272
605,1180728.3226816314,1536.703174124158,,,,1.8592423209975644,1.5337923467480108,7.809827151423462,1.9000020245484692,1.31778577473731,298.3107213538706
606,1180728.2628703509,1536.70313520234,,,,1.859242212125167,1.5337923467480108,7.809827151423462,1.9000020631937733,1.31778577473731,298.3107101806306
607,1180728.2541697538,1536.7031295404806,,,,1.8592422011238061,1.5337923467480108,7.809827151423462,1.9000020689982802,1.31778577473731,298.3107243637272
608,1260959.2570191787,1588.054946794461,,,,1.8411939363897951,1.517488709936881,7.725129166829159,1.8882073069723873,1.3032063880783131,303.2579524494374
609,1260959.253579792,1588.0549446286748,,,,1.8411936721094224,1.5174878587062266,7.725133683901267,1.8882067818524528,1.3032091800583145,303.25795244838616
610,1260959.2833024915,1588.0549633450926,,,,1.841193612941402,1.5174874027763003,7.72512887717836,1.8882068873259352,1.3032050970516995,303.2579463001943
611,1260959.2661492918,1588.0549525437034,,,,1.8411938173315265,1.5174875803965415,7.725129829918437,1.888206908809862,1.3032063869273924,303.2579442283436
612,1260959.5130065302,1588.0551079899778,,,,1.8411944666223803,1.517488586501087,7.7251326948070025,1.8882076607468077,1.3032072422423528,303.2579444717376
613,1260959.2611421994,1588.0549493907313,,,,1.8411939594668105,1.5174895158460806,7.725130457307506,1.8882071037059174,1.3032073497459955,303.2579392636558
614,1260959.3471946726,1588.0550035780702,,,,1.8411940105221547,1.5174887805232435,7.725129621976885,1.888207503571177,1.3032065998386526,303.2579524494374
615,1260959.56494185,1588.0551406937038,,,,1.8411942888453303,1.5174889612986544,7.725123349288906,1.8882078334000505,1.3032063880783131,303.2579524494374
616,1260960.6053043592,1588.05579581094,,,,1.8411946451015049,1.5174868091047864,7.725129804368986,1.8882073047734134,1.3032067269487102,303.25795247535507
617,1260959.3564813293,1588.0550094258883,,,,1.8411940935342115,1.5174886228530768,7.725138320049722,1.888207580195446,1.3032063880783131,303.2579524494374
618,1260959.5525784234,1588.0551329084412,,,,1.841193759010413,1.51748828512525,7.725126682713027,1.8882069173810525,1.3032057024616048,303.2579541504475
619,1260959.198754968,1588.0549101054207,,,,1.8411939098798762,1.5174887164182842,7.725133538222072,1.8882072466122817,1.3032063880783131,303.2579524494374
620,1260959.2824695872,1588.054962820612,,,,1.8411938497309284,1.5174887511454027,7.72512885816812,1.8882071429757985,1.3032063880783131,303.2579524494374
621,1260959.5216346097,1588.0551134230886,,,,1.841194175021086,1.5174908228286696,7.725138039327757,1.888207575100304,1.3032229476108501,303.2579353987074
622,1260958.9211226066,1588.054735279994,,,,1.8411941691302338,1.5174897136270253,7.725136794662027,1.8882074100956372,1.3032063497175788,303.2579567859835
623,1260959.3114871325,1588.054981092993,,,,1.841194026380385,1.5174886598615152,7.725128692261365,1.8882074323762332,1.3032063880783131,303.2579524494374
624,1260959.5066990806,1588.0551040181701,,,,1.8411940912012061,1.5174885132208908,7.725127100612444,1.8882080011605658,1.3031947337865124,303.2579544502277
625,1260959.2939129593,1588.054970026516,,,,1.8411939240095052,1.5174887360835538,7.725129166829159,1.8882070943064555,1.3032063880783131,303.2579524494374
626,1260959.3030546226,1588.054975783032,,,,1.8411939657215557,1.5174917655116025,7.725129166829159,1.8882071995065555,1.303206399858543,303.2579524494374
627,1260959.3014220763,1588.0549747550153,,,,1.8411938708971896,1.5174888681748269,7.725129166829159,1.8882068275226906,1.3032282333494356,303.2579529528215
628,1260959.161085964,1588.0548863852057,,,,1.841193810662899,1.517488709936881,7.725129166829159,1.8882070184939914,1.303215122805259,303.2579474489153
629,1260959.2572890862,1588.0549469644222,,,,1.8411939347060393,1.5174887245280084,7.725129166829159,1.8882073070002379,1.3032063880783131,303.2579524494374
630,1260959.317679947,1588.0549849926151,,,,1.8411940188644087,1.517488709936881,7.725129166829159,1.8882072266340995,1.303182132091061,303.2579575030868
631,1260959.2546801076,1588.0549453215453,,,,1.8411939112107898,1.517488709936881,7.725129166829159,1.8882072666977585,1.3032063880783131,303.2579524494374
632,1260959.248977516,1588.054941730617,,,,1.841193903560271,1.517488709936881,7.725129166829159,1.8882072756831774,1.3032063880783131,303.2579524494374
633,1183041.391425467,1538.2076527084807,,,,1.8249550498200604,1.5216171226855306,7.639884310222302,1.8725183115660675,1.2897156133496073,291.35461295618694
634,1183041.3907735725,1538.2076522846796,,,,1.8249547883445658,1.521616586878395,7.639888683281123,1.8725177847485568,1.2897170915083083,291.35460658182626
635,1183041.4297228863,1538.2076776059116,,,,1.8249547237908492,1.521613210132052,7.639884030342948,1.8725178888143548,1.2896950749527236,291.35462393620344
636,1183041.4030434755,1538.2076602614322,,,,1.8249549295823897,1.5216195925067544,7.639884961797014,1.8725179147170612,1.2897142846382321,291.3546078613475
637,1183041.6372676243,1538.2078125322496,,,,1.8249555708553447,1.5216106618808545,7.639887777428374,1.8725186586740963,1.2897155949686727,291.3546097721607
638,1183041.3970640819,1538.2076563741853,,,,1.8249550638492615,1.5216130628009592,7.63988551768113,1.872518105177151,1.2897156133496073,291.35461295618694
639,1183041.4826961067,1538.2077120441877,,,,1.8249551185864734,1.5216172233889653,7.6398847486254615,1.8725185007852123,1.2897113727945113,291.35461295618694
640,1183041.6837120256,1538.2078427260901,,,,1.8249554025475496,1.5216123872473686,7.6398787363952785,1.8725188246534838,1.289729694323504,291.35461295618694
641,1183042.6844934279,1538.2084933411516,,,,1.8249557081851295,1.5216172787359827,7.639884927637033,1.8725182300308048,1.2897156133495424,291.35462210498736
642,1183041.4897373356,1538.2077166217414,,,,1.8249551957793904,1.521615556261048,7.639893383604321,1.8725185743077084,1.2897186969486012,291.35461295618694
643,1183041.6774116063,1538.2078386301416,,,,1.8249548587537587,1.5216093667052037,7.639881823368659,1.8725179003554457,1.2897156133496073,291.35461444762063
644,1183041.338206636,1538.2076181105306,,,,1.8249550305627533,1.5216170629826022,7.63988864270624,1.8725182511834146,1.2897156133496073,291.35461295618694
645,1183041.4129410272,1538.2076666959033,,,,1.8249549603261739,1.5216172216456272,7.639884003382857,1.8725181444681973,1.2897156133496073,291.35461295618694
646,1183041.6681541256,1538.2078326117867,,,,1.8249552653898677,1.5216184508588309,7.639893045210031,1.8725185470889079,1.2897127076072357,291.35461191706565
647,1183041.0738437145,1538.2074462462563,,,,1.824955272252255,1.5216172194664268,7.639891616156211,1.872518413724095,1.289717525020973,291.3546025240529
648,1183041.44783318,1538.2076893795456,,,,1.824955135835353,1.5216171541998404,7.639883851302998,1.8725184299134474,1.2897261431970715,291.35461295618694
649,1183041.6289085099,1538.2078070979287,,,,1.8249552127431865,1.521617338080868,7.639882249363192,1.8725190157377498,1.2897156133496073,291.35459647888274
650,1183041.4196428196,1538.207671052787,,,,1.8249550297324126,1.5216171346588085,7.639884310222302,1.8725180954540879,1.2897177845521004,291.35461295618694
651,1183041.4272740928,1538.2076760139332,,,,1.8249550729131787,1.5216170324027565,7.639884310222302,1.8725182034422303,1.2897330131124334,291.3546216416986
652,1183041.4414615429,1538.2076852372977,,,,1.8249549853413083,1.5216171131002527,7.639884310222302,1.8725178406090444,1.2897145262746896,291.3546239692741
653,1183041.3048548487,1538.2075964282906,,,,1.8249549271202055,1.5216171226855306,7.639884310222302,1.8725180224156341,1.2897156133496073,291.3546123065745
654,1183041.3916895494,1538.2076528801629,,,,1.8249550481746055,1.5216171372897143,7.639884310222302,1.8725183115846882,1.2897156133496073,291.35461295618694
655,1183041.4464628496,1538.2076884886835,,,,1.824955129836893,1.5216171226855306,7.639884310222302,1.8725182273795518,1.2897156133496073,291.3546100114236
656,1183041.388530454,1538.2076508264115,,,,1.824955023574463,1.5216171226855306,7.639884310222302,1.8725182709638504,1.2897156133496073,291.35459877455094
657,1183041.384001834,1538.2076478823228,,,,1.8249550186668106,1.5216171226855306,7.639884310222302,1.8725182809437706,1.2897156133496073,291.35461295618694
658,1232907.788999391,1570.291558277883,,,,1.8070207388825903,1.5017698571097076,7.557537701540801,1.8578896729631988,1.2765093463877883,344.9617952747087
659,1232907.779616503,1570.2915523026306,,,,1.8070204810060513,1.5017700755639267,7.557541874545266,1.8578891468274572,1.27651623989779,344.9617952797654
660,1232907.7969061078,1570.291563313073,,,,1.8070204105854624,1.501769878827073,7.557537427453918,1.857889247290499,1.2765105940330366,344.9617894601846
661,1232907.7925144804,1570.2915605163776,,,,1.8070206189527662,1.5017695814944998,7.557538341748713,1.8578892760143226,1.2765093528951996,344.96178729475594
662,1232908.0188928738,1570.2917046796583,,,,1.807021251003051,1.501769866932304,7.557541117948466,1.8578900127211477,1.27650358883354,344.9617868948301
663,1232907.7870972748,1570.2915570665687,,,,1.8070207452803404,1.5017702854841224,7.557538820618208,1.857889464964669,1.276507885320766,344.96178214927846
664,1232907.8665631511,1570.2916076723782,,,,1.807020801800861,1.5017709975300795,7.55753812241313,1.8578898518107054,1.2765093463877883,344.9617952747087
665,1232908.0835977641,1570.2917458853078,,,,1.8070210925711092,1.5017696666116784,7.557532421513674,1.8578901721905172,1.2765093463877883,344.9617952747087
666,1232909.0418535005,1570.292356125763,,,,1.8070213479038428,1.5017695610394193,7.557538299932367,1.8578895160645201,1.276518191772626,344.9617952858387
667,1232907.8861487405,1570.2916201449589,,,,1.8070208684246458,1.5017689311108495,7.557546629642932,1.8578899220834322,1.2765093463877883,344.9617952747087
668,1232908.0600057219,1570.291730861321,,,,1.8070205353812658,1.5017698827024524,7.557535227084817,1.8578892443312376,1.2765017707340138,344.96179677519086
669,1232907.7404370925,1570.2915273522253,,,,1.8070207257518012,1.5017698608847452,7.557541975126947,1.8578896116361048,1.276505457056453,344.9617952747087
670,1232907.8087245733,1570.291570839361,,,,1.8070206475605006,1.5017698710775904,7.55753739655049,1.8578895040318046,1.2765093463877883,344.9617952747087
671,1232908.0350401783,1570.291714962655,,,,1.8070209314871084,1.5017714600177103,7.557546252042838,1.8578898744610624,1.2765149976882442,344.96177834184516
672,1232907.4861578352,1570.2913654209754,,,,1.8070209482641055,1.5017700560159175,7.557544622929677,1.8578897694265797,1.276498627924198,344.96179942756544
673,1232907.8472140455,1570.291595350396,,,,1.8070208211103187,1.501769700235873,7.557537259207214,1.8578897846242857,1.2765093463877883,344.9617952747087
674,1232908.0359503343,1570.2917155422645,,,,1.8070209111877988,1.501769963064556,7.5575356574046415,1.8578903896257575,1.2765150294820815,344.9617971380402
675,1232907.808651687,1570.291570792945,,,,1.8070207108028329,1.5017617708172883,7.557537701540801,1.857889453288287,1.2765094177946104,344.9617952747087
676,1232907.8288756658,1570.2915836720679,,,,1.8070207571952916,1.5017673395764906,7.557537701540801,1.8578895656052563,1.2765093463877883,344.9617952747087
677,1232907.8279960875,1570.2915831119308,,,,1.8070206742222275,1.501769847747295,7.557537701540801,1.8578892082756895,1.2765140526835297,344.9617957087355
678,1232907.695776912,1570.291498911531,,,,1.80702061899645,1.5017698542165467,7.557537701540801,1.8578893845900366,1.2765171041795738,344.961790421931
679,1232907.7892575793,1570.2915584423038,,,,1.807020737295596,1.5017698717118755,7.557537701540801,1.8578896729773346,1.2765093463877883,344.9617952747087
680,1232907.8444013163,1570.291593559181,,,,1.8070208178304996,1.5017698571097076,7.557537701540801,1.8578895887426068,1.2765043993470244,344.96180019293985
681,1232907.7861912183,1570.29155648957,,,,1.8070207114592984,1.5017698571097076,7.557537701540801,1.857889632251974,1.2765051911543064,344.9617952747087
682,1232907.7821654165,1570.291553925841,,,,1.8070207096598514,1.5017698571097076,7.557537701540801,1.857889643825746,1.2765093463877883,344.9617952747087
683,1140009.7802767546,1509.9733641867692,,,,1.792457913311646,1.501440601615456,7.4771777010165765,1.8421520362896142,1.2647164914802067,283.77296577813905
684,1140009.7740391283,1509.9733600558181,,,,1.7924576603434383,1.501440695991094,7.477181520843596,1.8421515135983857,1.264713289840231,283.772959489677
685,1140009.8024997483,1509.9733789042434,,,,1.7924575817958475,1.5014367805772975,7.477177292752548,1.8421516105246138,1.2647236354418416,283.77297674438864
686,1140009.7856771376,1509.973367763245,,,,1.7924577938286606,1.5014426965606438,7.477178329925947,1.8421516417060633,1.2647145339063322,283.77296063062937
687,1140009.9999882267,1509.9735096936147,,,,1.792458417841649,1.5014355500784333,7.477181007401685,1.8421523694025699,1.2647162133094199,283.77296265913947
688,1140009.7802166252,1509.9733641469477,,,,1.7924579158714988,1.5014364693431024,7.477178731164759,1.8421518293400532,1.2647154599655217,283.77296577813905
689,1140009.8594553801,1509.9734166238688,,,,1.7924579719221747,1.5014405020865382,7.477178095535656,1.8421522058254343,1.2647164936020734,283.77296577813905
690,1140010.058672859,1509.9735485582912,,,,1.7924582685804267,1.5014360484815612,7.477172894706178,1.8421525199275322,1.2647164914802067,283.77296577813905
691,1140010.9836957287,1509.9741611668253,,,,1.7924584744494516,1.5014407111039896,7.477178284841053,1.8421518049938173,1.2647197804004306,283.7729748781025
692,1140009.8761579266,1509.9734276853526,,,,1.7924580282271407,1.5014391163825922,7.477186061839754,1.8421522733227036,1.2647164914802067,283.77296577813905
693,1140010.042892039,1509.9735381072342,,,,1.7924577012113465,1.5014327694350595,7.477175357714307,1.842151593008874,1.2647097994762708,283.7729672994866
694,1140009.7360777208,1509.9733349153692,,,,1.792457904735,1.5014405200715835,7.477181828108633,1.8421519734380132,1.2647164914802067,283.77296577813905
695,1140009.796444311,1509.973374893949,,,,1.7924578211869109,1.5014406969207867,7.477177397936751,1.842151866102027,1.2647164914802067,283.77296577813905
696,1140010.03907131,1509.973535576905,,,,1.7924580829241359,1.5014421275023722,7.4771859170889625,1.8421522045064758,1.264728522213314,283.77296488147624
697,1140009.491466201,1509.973172918116,,,,1.7924581100668115,1.501440687124474,7.477184009368219,1.8421521310388451,1.2647178727037618,283.77295540966776
698,1140009.8401342724,1509.9734038282081,,,,1.7924579924374753,1.5014406336304855,7.477177276365291,1.8421521417550286,1.2647083840529323,283.77296577813905
699,1140010.0152020475,1509.9735197691698,,,,1.792458096149149,1.5014408195039355,7.47717572309443,1.8421527653006016,1.2647194943561906,283.7729491416601
700,1140009.7924080293,1509.9733722208678,,,,1.792457877225538,1.5014406134585647,7.4771777010165765,1.8421518118112277,1.2647164914802067,283.77296577813905
701,1140009.810992365,1509.9733845285914,,,,1.7924579266800094,1.501440499453952,7.4771777010165765,1.8421519289770203,1.2647121802217804,283.7729745446114
702,1140009.8257592933,1509.9733943081865,,,,1.7924578502112336,1.5014405945053053,7.4771777010165765,1.8421515798352583,1.2647128470750064,283.7729768085783
703,1140009.6962072477,1509.9733085106157,,,,1.7924577973426898,1.501440601615456,7.4771777010165765,1.8421517490967818,1.2647183406454303,283.7729651268037
704,1140009.780528956,1509.9733643537932,,,,1.79245791183324,1.5014406162038858,7.4771777010165765,1.8421520363086603,1.2647164914802067,283.77296577813905
705,1140009.8321982375,1509.9733985724633,,,,1.792457988759671,1.501440601615456,7.4771777010165765,1.8421519489016778,1.2647160216721252,283.7729629079481
706,1140009.7770071945,1509.9733620214595,,,,1.7924578841391132,1.501440601615456,7.4771777010165765,1.8421519953169465,1.2647164914802067,283.7729515974953
707,1140009.774012848,1509.9733600384134,,,,1.792457886196023,1.501440601615456,7.4771777010165765,1.842152009365905,1.2647164914802067,283.77296577813905
708,1231082.6519451514,1569.1288359756518,,,,1.7757344288295474,1.4837500146253857,7.399306676477035,1.8296271055574989,1.2516944815083568,398.0539755668284
709,1231082.6367406382,1569.1288262858714,,,,1.7757341799010256,1.4837521966125395,7.399310343659037,1.82962658412886,1.2516930767532464,398.0539755755198
710,1231082.643204931,1569.1288304055415,,,,1.7757340939530364,1.4837485655186462,7.399306156660261,1.8296266774870324,1.2516947899074595,398.0539701801458
711,1231082.666374803,1569.1288451716152,,,,1.7757343110360744,1.4837547911066395,7.39930729380237,1.8296267162698772,1.2516944815137112,398.0539832719379
712,1231082.8564358458,1569.1289662968086,,,,1.7757349232267567,1.4837454762312188,7.39930985621696,1.8296274314858365,1.2516961166065943,398.05396669497134
713,1231082.6450792197,1569.1288316000193,,,,1.7757344296356454,1.4837454620377337,7.399307613383901,1.8296268996412277,1.2516968364606886,398.053962532966
714,1231082.718145212,1569.1288781647042,,,,1.7757344816588996,1.4837498004855352,7.399307031502268,1.829627264319305,1.2516957007595557,398.0539755668284
715,1231082.9338152988,1569.129015610443,,,,1.7757347856085874,1.4837458460502488,7.399302187848278,1.8296275743021138,1.2516944815083568,398.0539755668284
716,1231083.8115557635,1569.129574991029,,,,1.775734944207421,1.4837496529779297,7.3993072430354,1.829626803016323,1.2516940667746996,398.0539755632444
717,1231082.7463740685,1569.1288961548503,,,,1.7757345349202849,1.4837488169156696,7.399314738658792,1.8296273356265609,1.2516941802735329,398.0539755668284
718,1231082.9003312562,1569.1289942711892,,,,1.7757342083176264,1.4837441944246614,7.3993044098413465,1.8296266461955177,1.2516899959152954,398.0539768459662
719,1231082.611804046,1569.1288103938737,,,,1.7757344254121128,1.4837499084547616,7.3993107005916885,1.8296270430766741,1.2516940209621619,398.0539755668284
720,1231082.6667521636,1569.1288454121056,,,,1.7757343365077733,1.483750155487493,7.3993063753629515,1.8296269347780998,1.2516944815083568,398.0539755668284
721,1231082.8802554386,1569.1289814769457,,,,1.7757345762111743,1.4837509160383706,7.399314647042276,1.829627238948387,1.25169486022487,398.0539587897244
722,1231082.3824675768,1569.1286642385808,,,,1.7757346163215746,1.483745810596396,7.3993125790037295,1.8296272003395568,1.251695446858597,398.05397951504153
723,1231082.7131937344,1569.1288750091462,,,,1.77573450218441,1.4837500011752502,7.399306270409859,1.8296272030258784,1.2516950968938478,398.0539755668284
724,1231082.8964231184,1569.1289917805468,,,,1.775734622334739,1.483751433571011,7.399304735064293,1.829627849566346,1.2516940806495502,398.0539772629797
725,1231082.6566181774,1569.1288389537535,,,,1.7757343864430906,1.4837500365986227,7.399306676477035,1.8296268795732211,1.2516944815083568,398.0539755668284
726,1231082.687944665,1569.128858918008,,,,1.775734439298931,1.4837499794938354,7.399306676477035,1.8296270014961578,1.2516920958429207,398.0539755668284
727,1231082.6847756384,1569.1288568983991,,,,1.7757343655388516,1.4837495575551232,7.399306676477035,1.8296266508953258,1.2516897269181777,398.05397592807543
728,1231082.5619355368,1569.1287786128562,,,,1.7757343166515782,1.4837472476254774,7.399306676477035,1.8296268211805533,1.2516943248980779,398.05397091402523
729,1231082.6521913246,1569.1288361325371,,,,1.7757344274543894,1.4837500576818738,7.399306676477035,1.82962710558134,1.2516944815083568,398.0539755668284
730,1231082.7014156787,1569.1288675030353,,,,1.7757345021536546,1.4837500146253857,7.399306676477035,1.8296270167764062,1.2516986763688875,398.05398033655285
731,1231082.6485593014,1569.128833817862,,,,1.7757343986237497,1.4837500146253857,7.399306676477035,1.8296270652734878,1.2516944815083568,398.0539755668284
732,1231082.6462284788,1569.1288323324375,,,,1.77573440360455,1.4837500146253857,7.399306676477035,1.829627080523254,1.2516944815083568,398.0539755668284
733,1116295.00103583,1494.1853974897697,,,,1.7627188776598477,1.4833245998323665,7.3247891123950835,1.814471066024774,1.2400350330773189,275.57738029960075
734,1116294.9896736462,1494.1853898855027,,,,1.7627186303152904,1.4833248920804474,7.324792681104864,1.8144705439114108,1.2400319201856584,275.57737409986834
735,1116295.0091445528,1494.1854029166211,,,,1.7627185423319833,1.483320848317327,7.324788536873979,1.8144706416788052,1.2400339210439872,275.5773912455137
736,1116295.0023889372,1494.1853983953504,,,,1.762718762522127,1.4833263912359753,7.324789718213102,1.8144706817144396,1.2400350330794065,275.5773751053247
737,1116295.196838025,1494.1855285325346,,,,1.762719362113841,1.4833207316602302,7.324792208751285,1.814471384141927,1.2400325933278984,275.57737724858595
738,1116294.996115557,1494.1853941968225,,,,1.7627188778415939,1.4833207120099101,7.324789903708341,1.814470863831984,1.2400329967275288,275.57738029960075
739,1116295.069439648,1494.1854432697755,,,,1.7627189257158813,1.4833243278216672,7.324789422441151,1.8144712156123473,1.2400383836214965,275.57738029960075
740,1116295.2660082227,1494.1855748254447,,,,1.7627192331382688,1.4833205308365414,7.324784932096914,1.8144715167467338,1.2400350330773189,275.57738029960075
741,1116296.1180319819,1494.186145051534,,,,1.7627193479828525,1.483324669474717,7.324789661568031,1.8144706964105568,1.240033597482289,275.57738933643986
742,1116295.093803316,1494.185459575428,,,,1.7627189756965058,1.4833231345189373,7.324797098774029,1.8144712913470524,1.24003494128195,275.57738029960075
743,1116295.2420285763,1494.1855587768046,,,,1.762718650653379,1.4833168280153224,7.324786851557575,1.8144705962730456,1.2400320219865277,275.57738185343453
744,1116294.9645882358,1494.1853730968157,,,,1.762718877930804,1.4833245108428996,7.324793038540719,1.8144710035770109,1.240034257061111,275.57738029960075
745,1116295.0126503396,1494.1854052629076,,,,1.7627187868065795,1.483324687299463,7.3247888132723125,1.8144708950930133,1.2400350330773189,275.57738029960075
746,1116295.2426489084,1494.1855591919687,,,,1.7627190023749213,1.4833262823934092,7.324796875416687,1.814471165821812,1.2400433883219277,275.5773795593249
747,1116294.7406370584,1494.1852232150193,,,,1.7627190588073316,1.4833246712406745,7.324794601060126,1.8144711644730496,1.2400365545031848,275.5773699866967
748,1116295.0633243683,1494.1854391770578,,,,1.7627189461026516,1.48332463209717,7.324788725325985,1.8144711564960374,1.2400350330773189,275.57738029960075
749,1116295.2335204785,1494.1855530826676,,,,1.7627190793639884,1.483324814448244,7.324787206864954,1.8144718216829336,1.2400447975417497,275.5773635019527
750,1116294.9996205748,1494.1853965425942,,,,1.7627188309648751,1.4833246115587213,7.3247891123950835,1.8144708407527292,1.2400348847013833,275.57738029960075
751,1116295.0287224008,1494.1854160193109,,,,1.7627188844080934,1.483324489259386,7.3247891123950835,1.814470963953717,1.2400310063300923,275.5773891509023
752,1116295.0420779798,1494.1854249576793,,,,1.7627188133590852,1.483324595986994,7.3247891123950835,1.8144706183968526,1.240053688171446,275.5773913472775
753,1116294.920770621,1494.1853437713953,,,,1.7627187697525983,1.4833245998323665,7.3247891123950835,1.8144707855511526,1.2400382209997525,275.5773796436418
754,1116295.0012760963,1494.1853976505706,,,,1.7627188763782171,1.4833246143694143,7.3247891123950835,1.814471066052401,1.2400350330773189,275.57738029960075
755,1116295.0490957762,1494.1854296544166,,,,1.762718948045279,1.4833245998323665,7.3247891123950835,1.8144709740997607,1.2400339566836285,275.57737751413913
756,1116294.997567781,1494.1853951687397,,,,1.7627188462380545,1.4833245998323665,7.3247891123950835,1.8144710262606725,1.2400350330773189,275.577366119287
757,1116294.9958353029,1494.1853940092597,,,,1.7627188543416081,1.4833245998323665,7.3247891123950835,1.8144710429595083,1.2400350330773189,275.57738029960075
758,1231954.8236772043,1569.6845693815076,,,,1.746922739614576,1.4502633725084264,7.253771289772945,1.8028332586350235,1.2299619101612376,447.4195145061868
759,1231954.8041104074,1569.6845569160755,,,,1.746922491097046,1.450263530901318,7.253774502583266,1.8028327369907646,1.229974233258406,447.4195145143452
760,1231954.802787629,1569.6845560733716,,,,1.7469224053449488,1.4502594609746553,7.253770685483801,1.8028328374268288,1.2299695381478937,447.41950952115235
761,1231954.8365900186,1569.6845776078826,,,,1.7469226303800443,1.4502652369751114,7.253771885187336,1.8028328834890164,1.229949536691762,447.41952195058775
762,1231955.004353113,1569.6846844848255,,,,1.7469232131178603,1.4502595033882373,7.253774190650339,1.8028335678285028,1.2299598875384579,447.4195051882682
763,1231954.81308734,1569.684562635015,,,,1.7469227391973117,1.450259433687954,7.253771855845492,1.802833061039062,1.2299521014577548,447.419501546104
764,1231954.880043,1569.6846052905023,,,,1.7469227809476355,1.4502635888705142,7.253771433877243,1.8028333971687902,1.2299619101612376,447.4195145061868
765,1231955.092178587,1569.684740435854,,,,1.7469230985214237,1.4502608601423417,7.253767673530876,1.8028336925039783,1.2299621069625994,447.4195145061868
766,1231955.901065551,1569.6852557538732,,,,1.7469231691091809,1.4502636991235538,7.253771832943689,1.802832823203763,1.22996815106825,447.41951449197984
767,1231954.9146006512,1569.6846273061676,,,,1.7469228227120188,1.4502602327815473,7.2537784261932545,1.8028334745684973,1.2299602810263317,447.4195145061868
768,1231955.0514303332,1569.6847144763392,,,,1.7469225085309197,1.4502555746532155,7.253769240161298,1.8028327802870947,1.2299688067256225,447.4195156158467
769,1231954.7905756535,1569.6845482934805,,,,1.7469227423816012,1.4502632821365233,7.253774984816153,1.8028331965426256,1.2299619101612376,447.4195145061868
770,1231954.834386388,1569.684576204014,,,,1.7469226494217227,1.4502634649002264,7.25377099265637,1.8028330882277772,1.2299641347334271,447.4195145061868
771,1231955.0367537742,1569.6847051263346,,,,1.7469228428289174,1.4502661131880346,7.25377868511723,1.802833326976853,1.229957800115647,447.41949785668305
772,1231954.5798166438,1569.684414025089,,,,1.746922908084185,1.4502632208973223,7.253776035803992,1.802833357235066,1.2299486777061663,447.4195182764957
773,1231954.8867272579,1569.684609548847,,,,1.7469228023840961,1.4502633660148665,7.253770921859128,1.8028333415417293,1.2299619101612376,447.4195145061868
774,1231955.0642728482,1569.684722657928,,,,1.746922949074826,1.4502635131590136,7.253769506447312,1.802834024862229,1.2299877484820037,447.4195160407693
775,1231954.8162569227,1569.684564654264,,,,1.74692269084541,1.4502646678989537,7.253771289772945,1.8028330367695466,1.2299624867096537,447.4195145061868
776,1231954.8561993907,1569.6845901004388,,,,1.7469227440842676,1.4502633486818906,7.253771289772945,1.8028331597213558,1.2299608862304912,447.4195145061868
777,1231954.852241102,1569.6845875787294,,,,1.746922675632167,1.4502633639376366,7.253771289772945,1.8028328163575227,1.2299626251672484,447.41951481297565
778,1231954.7378545862,1569.6845147064341,,,,1.7469226363378583,1.4502633695743437,7.253771289772945,1.8028329836879595,1.229961912063824,447.4195100410815
779,1231954.8239116601,1569.6845695308725,,,,1.7469227384242652,1.4502633725084264,7.253771289772945,1.8028332586667508,1.2299619101612376,447.4195145061868
780,1231954.8694823727,1569.684598562637,,,,1.7469228080711106,1.4502633725084264,7.253771289772945,1.8028331643517306,1.2299619101612376,447.41951913524565
781,1231954.8201592967,1569.6845671403519,,,,1.7469227069865403,1.4502633725084264,7.253771289772945,1.802833219321717,1.2299619101612376,447.4195145061868
782,1231954.8189621551,1569.684566377688,,,,1.7469227184314382,1.4502633725084264,7.253771289772945,1.8028332380731862,1.2299619101612376,447.4195145061868
783,1021735.8731292094,1429.5005233501731,,,,1.730424238442341,1.439439546804201,7.181090189233282,1.7806862177156735,1.2168652066054215,266.59738952453995
784,1021735.8599496426,1429.5005141304725,,,,1.7304239901965328,1.4394396444216497,7.181093231650685,1.7806856969578797,1.2168745347626309,266.59738341661165
785,1021735.8578978779,1429.500512695171,,,,1.7304239107510704,1.439435721614203,7.181089569858261,1.7806858047485958,1.216865000007659,266.5974004416628
786,1021735.8763082703,1429.5005255740696,,,,1.7304241356204102,1.4394413231652394,7.181090772707174,1.7806858529767018,1.216865838317864,266.5973842915588
787,1021736.0443173705,1429.500643103997,,,,1.7304246970571366,1.439436075990212,7.181092874061894,1.7806865164204555,1.2168652041984944,266.5973865454016
788,1021735.8689487972,1429.5005204257866,,,,1.7304242369565457,1.4394357236878106,7.181090619562798,1.780686025274014,1.2168549088156244,266.59738952453995
789,1021735.9250714369,1429.5005596861,,,,1.7304242776987622,1.4394397766656077,7.181090243334284,1.780686348591832,1.2168470738496933,266.59738952453995
790,1021736.1231766649,1429.5006982696195,,,,1.7304245951219024,1.4394372249915572,7.181086831187316,1.7806866307170934,1.216865080531528,266.59738952453995
791,1021736.911187435,1429.5012495184715,,,,1.7304246272220403,1.439439843938123,7.181090714164557,1.7806857152239877,1.2168662935317576,266.59739847963476
792,1021735.9618342423,1429.5005854033373,,,,1.7304243051057122,1.439436416487242,7.181096704489781,1.7806864233811113,1.2168652066054215,266.59738952453995
793,1021736.0908891647,1429.500675683062,,,,1.7304240077624342,1.4394317816963835,7.181088323645172,1.7806857340523043,1.2168537017762857,266.5973911145013
794,1021735.843321435,1429.500502498292,,,,1.7304242440516233,1.4394394615736537,7.181093792546711,1.7806861554143494,1.2168652066054215,266.59738952453995
795,1021735.8805487205,1429.5005285404552,,,,1.7304241488463439,1.4394396391838218,7.181089894283912,1.7806860483795877,1.2168652066054215,266.59738952453995
796,1021736.1026533239,1429.5006839126197,,,,1.7304243149508864,1.4394423425599097,7.181097383955033,1.7806862501297003,1.2168503254502574,266.5973889579478
797,1021735.6407502831,1429.5003607906388,,,,1.7304243956791316,1.4394394020884,7.181094630155174,1.780686316725987,1.2168708603656992,266.5973792562576
798,1021735.9367762693,1429.5005678741577,,,,1.730424296538733,1.4394395403403601,7.181089841959402,1.78068629399988,1.2168652066054215,266.59738952453995
799,1021736.110243549,1429.5006892223237,,,,1.7304244572438054,1.439439690408902,7.181088440530423,1.7806869959079814,1.2168453233996595,266.59737256335393
800,1021735.8605647204,1429.5005145607472,,,,1.7304241875298287,1.4394408187912826,7.181090189233282,1.7806859994806956,1.2168756228452073,266.59738952453995
801,1021735.9043370525,1429.5005451814645,,,,1.7304242411837831,1.4394395431986482,7.181090189233282,1.7806861233463138,1.2168652066054215,266.59739846505295
802,1021735.9080349846,1429.5005477683349,,,,1.730424177304423,1.4394395392889754,7.181090189233282,1.7806857865656038,1.2168651343747892,266.59740058913786
803,1021735.7930697456,1429.5004673449714,,,,1.7304241402132643,1.4394395438706995,7.181090189233282,1.7806859490700444,1.2168704255102842,266.59738886027134
804,1021735.8733575671,1429.5005235099195,,,,1.7304242373459455,1.439439546804201,7.181090189233282,1.7806862177517004,1.2168652066054215,266.59738952453995
805,1021735.9195902599,1429.5005558517703,,,,1.7304243046293715,1.439439546804201,7.181090189233282,1.7806861190129972,1.2168914397860395,266.5973868368081
806,1021735.8695913075,1429.5005208752514,,,,1.7304242049748537,1.439439546804201,7.181090189233282,1.7806861790947814,1.2168652066054215,266.59737534365746
807,1021735.8689042012,1429.5005203945896,,,,1.7304242191157801,1.439439546804201,7.181090189233282,1.7806861990400968,1.2168652066054215,266.59738952453995
808,1235869.807464885,1572.1767123735708,,,,1.7187315188556025,1.4291078973989308,7.112321596605982,1.775404475691934,1.2051345851104163,499.56690029715344
809,1235869.7850755628,1572.1766981326007,,,,1.718731276010905,1.4291079623582923,7.112324460524795,1.775403958014157,1.2051350926339974,499.5669003018103
810,1235869.7752011109,1572.1766918518485,,,,1.7187311981887607,1.4291041626648833,7.112320980611728,1.7754040724004727,1.2051317130834067,499.566895739208
811,1235869.820131881,1572.1767204305509,,,,1.7187314224404124,1.4291096106242462,7.112322168527098,1.7754041216088208,1.205134200647402,499.56690746077857
812,1235869.9659649797,1572.1768131892672,,,,1.7187319602752082,1.4291047297166204,7.112324069812044,1.7754047636065193,1.2051337188395705,499.56689051885036
813,1235869.794658884,1572.1767042281751,,,,1.7187315168826738,1.4291041850437618,7.112321890438036,1.7754042885079884,1.2051345851104163,499.5668874013577
814,1235869.8537875316,1572.176741837591,,,,1.7187315553372,1.4291081396937275,7.1123215829662545,1.7754045996647936,1.2051345851104163,499.56690029715344
815,1235870.0621918507,1572.1768743954042,,,,1.7187318728330643,1.4291057016794144,7.1123185264044455,1.7754048687427366,1.2051345851104163,499.56690029715344
816,1235870.8050452778,1572.1773468952401,,,,1.718731872736652,1.4291081681220428,7.112322104587059,1.7754039130609558,1.2051409947650775,499.5669002746131
817,1235869.893716986,1572.1767672351514,,,,1.7187315735595472,1.4291047831472043,7.112327586378901,1.7754046735212752,1.2051345851104163,499.56690029715344
818,1235870.015727663,1572.1768448413577,,,,1.718731287849982,1.4291002194934919,7.112319880119476,1.7754039898483427,1.2051186922168597,499.5669012592416
819,1235869.78063829,1572.1766953102249,,,,1.7187315249379351,1.4291078188574635,7.112325098234459,1.775404411789882,1.2051345851104163,499.56690029715344
820,1235869.8145960579,1572.1767169094305,,,,1.7187314301072676,1.4291079897630938,7.112321303797663,1.7754043080431563,1.2051345851104163,499.56690029715344
821,1235870.006408518,1572.176838913815,,,,1.7187315727295287,1.4291107293385532,7.1123285691812645,1.7754044733382373,1.2051307659495551,499.5668837633455
822,1235869.5881939372,1572.1765729039073,,,,1.7187316672646467,1.4291077592204573,7.112325684730847,1.7754045767762006,1.2051401837688607,499.56690389092216
823,1235869.8715472305,1572.1767531338394,,,,1.718731572470568,1.4291078909628552,7.112321269564885,1.7754045460012993,1.2051345851104163,499.56690029715344
824,1235870.0439800764,1572.1768628116088,,,,1.718731746193186,1.42910803844411,7.112319888435088,1.7754052663636026,1.205140968493291,499.56690165767066
825,1235869.7897617365,1572.1767011132922,,,,1.7187314666997047,1.4291091430255984,7.112321596605982,1.775404263286166,1.2051345851104163,499.56690029715344
826,1235869.83743789,1572.1767314382246,,,,1.718731519897013,1.4291079109295997,7.112321596605982,1.7754043852965282,1.2051345851104163,499.56690029715344
827,1235869.8323041748,1572.1767281728698,,,,1.718731460915856,1.4291078908854904,7.112321596605982,1.7754040531470998,1.2051290845168023,499.5669005572497
828,1235869.7262879026,1572.1766607400725,,,,1.7187314249908048,1.4291078944661755,7.112321596605982,1.775404213126897,1.2051331939028307,499.5668960330587
829,1235869.80768733,1572.1767125150593,,,,1.71873151783801,1.4291078973989308,7.112321596605982,1.7754044757307275,1.2051345851104163,499.56690029715344
830,1235869.8502069353,1572.1767395601141,,,,1.718731581345178,1.4291078973989308,7.112321596605982,1.7754043693200685,1.2051337239625535,499.56690477350986
831,1235869.8039398564,1572.176710131438,,,,1.718731484914042,1.4291078973989308,7.112321596605982,1.7754044378131186,1.2051489093498202,499.56690029715344
832,1235869.803693253,1572.1767099745834,,,,1.7187315013911066,1.4291078973989308,7.112321596605982,1.775404458970594,1.2051345851104163,499.56690029715344
833,1008456.0826764236,1420.1803284628497,,,,1.7025816965792722,1.422520580929369,7.044238031280805,1.7523224439459255,1.1950252913303399,287.5011020293653
834,1008456.067353441,1420.1803176733868,,,,1.7025814607671825,1.42252113911273,7.044240710291713,1.7523219327298531,1.1950286931441116,287.5011127459193
835,1008456.0518690547,1420.180306770274,,,,1.7025813838027382,1.4225173588410596,7.044237445148229,1.7523220508032065,1.1950244289162888,287.50110396983735
836,1008456.0882612888,1420.1803323953534,,,,1.702581607508184,1.422522389896069,7.044238591527818,1.7523221024486264,1.1950251691562153,287.50110159498047
837,1008456.2311403583,1420.1804330016364,,,,1.7025821205422358,1.422518381924272,7.04424028154425,1.7523227204947769,1.1950099316612306,287.5010916268109
838,1008456.0763209969,1420.180323987765,,,,1.7025816949880017,1.422516672696919,7.044238203544962,1.7523222634842388,1.1950252913303399,287.50109605861905
839,1008456.1244452026,1420.1803578737474,,,,1.7025817302825856,1.4225199026785473,7.044237966095604,1.7523225599060697,1.1950252913303399,287.5011020293653
840,1008456.3195403412,1420.180495247235,,,,1.7025820490849066,1.4225173377747293,7.044235297002299,1.7523228151286496,1.1950252913303399,287.50109160262383
841,1008457.0448496654,1420.1810059634406,,,,1.7025820155020284,1.4225216103818163,7.044238523271886,1.7523218236343898,1.1950267284250593,287.50110380286344
842,1008456.1662624979,1420.1803873188064,,,,1.7025817402658985,1.4225192212570716,7.044243661309348,1.7523226350554888,1.1950252913303399,287.5011020293653
843,1008456.2826787491,1420.1804692916667,,,,1.7025814658062763,1.4225128652876253,7.044236405101313,1.7523219571424518,1.195034456350971,287.5011024736326
844,1008456.0585777125,1420.1803114940813,,,,1.7025817030082409,1.4225204198170678,7.044241411883328,1.7523223775303622,1.195026272041118,287.5011020293653
845,1008456.0868470094,1420.1803313995088,,,,1.702581609331474,1.422520679975014,7.044237740687815,1.752322278725059,1.1950252913303399,287.5011002714407
846,1008456.2960503006,1420.1804787070557,,,,1.7025817261775416,1.4225226695180675,7.044244756343775,1.7523224059826867,1.19501589516045,287.50110598677054
847,1008455.8759810807,1420.1801829212238,,,,1.702581835967457,1.4225210033663842,7.044241684699128,1.752322548191707,1.1950160515455113,287.50110685385283
848,1008456.147108034,1420.1803738314607,,,,1.7025817432950197,1.4225205823282931,7.044237724978336,1.7523225057835883,1.1950252913303399,287.5011020293653
849,1008456.3156558318,1420.1804925120134,,,,1.7025819308483783,1.4225207103056556,7.0442363741959,1.7523232434656504,1.1950135277880398,287.50110109943887
850,1008456.0609346195,1420.180313153664,,,,1.7025816440283732,1.422520576407007,7.044238031280805,1.7523222391173552,1.1950252913303399,287.5011020293653
851,1008456.1114769385,1420.1803487423267,,,,1.7025816958400521,1.4225200823438526,7.044238031280805,1.7523223578346536,1.1950252913303399,287.5011020293653
852,1008456.1102680843,1420.1803478911293,,,,1.7025816422948143,1.4225209033661614,7.044238031280805,1.7523220336062142,1.1949920304566075,287.50110406573054
853,1008456.0010490951,1420.180270986113,,,,1.702581607524446,1.4225205240828236,7.044238031280805,1.7523221879284447,1.1950271891545459,287.5011009257413
854,1008456.0828928901,1420.1803286152715,,,,1.7025816956242996,1.422520589921036,7.044238031280805,1.7523224439853131,1.1950252913303399,287.5011020293653
855,1008456.1282093328,1420.180360524207,,,,1.702581755318124,1.4225213811010846,7.044238031280805,1.7523223297615864,1.1950250551105692,287.50111444852297
856,1008456.0791956639,1420.1803260119216,,,,1.7025816616910152,1.422520580929369,7.044238031280805,1.7523224065698126,1.195024537590775,287.5011020293653
857,1008456.0793420486,1420.1803261149962,,,,1.7025816810556174,1.422520580929369,7.044238031280805,1.7523224292589226,1.1950252913303399,287.5011020293653
858,968683.3917898264,1391.8932371341027,,,,1.6870577790247065,1.4156416377386905,6.9684708898189704,1.7356666884192185,1.1824393907661568,250.47723098515118
859,968683.3662086213,1391.893218755391,,,,1.6870575512092225,1.415642244208989,6.968473385440324,1.7356661857486682,1.1824465816879564,250.47722502708075
860,968683.354663695,1391.8932104609853,,,,1.68705747491069,1.415638483840497,6.96847035355551,1.7356663053316643,1.1824512184623106,250.47724183396102
861,968683.3977805717,1391.8932414381297,,,,1.6870576991214945,1.415643386992841,6.96847143659323,1.7356663616329029,1.182440046937942,250.47722571577395
862,968683.5425321473,1391.8933454343028,,,,1.6870581825801498,1.4156396659583137,6.968472889077302,1.735666952039096,1.1824393572259169,250.47722812863162
863,968683.3921658278,1391.8932374042395,,,,1.6870577792408412,1.4156378626188049,6.968470974682169,1.7356665179263409,1.182435939278094,250.47723098515118
864,968683.4287568504,1391.8932636929098,,,,1.6870578109538734,1.415640914170941,6.96847078006186,1.7356667974836504,1.1824388422677987,250.47723098515118
865,968683.6346758924,1391.8934116345922,,,,1.6870581262193416,1.4156384828005155,6.968468554042639,1.7356670344634693,1.1824404850939578,250.47723098515118
866,968684.3102639518,1391.8938970079237,,,,1.687058060725251,1.4156426172562853,6.968471363333265,1.7356660062965983,1.182454988286603,250.4772397602028
867,968683.4722882767,1391.893294967884,,,,1.6870578139664845,1.4156402810513935,6.968476373745119,1.7356668753463764,1.1824354118971903,250.47723098515118
868,968683.5810467054,1391.8933731049267,,,,1.6870575499412044,1.4156341132527577,6.968469278526362,1.7356662008912835,1.1824043416002687,250.47723264227966
869,968683.3703770821,1391.8932217502042,,,,1.6870577842441912,1.4156414863912725,6.968474130617753,1.7356666180428744,1.1824356403595595,250.47723098515118
870,968683.3961346245,1391.8932402556054,,,,1.6870576940084046,1.415641736854699,6.968470601828409,1.73566652652948,1.182432880105179,250.47723098515118
871,968683.5976796874,1391.8933850548235,,,,1.68705778139852,1.4156437389249834,6.968477342597375,1.7356666117731407,1.1824454817601546,250.4772307356105
872,968683.1939099869,1391.8930949681346,,,,1.6870579061244815,1.415642052139087,6.968474001274822,1.7356667958597198,1.1824756319123757,250.47722075373156
873,968683.4565538977,1391.893283663584,,,,1.6870578211270646,1.4156416391342788,6.968470607537405,1.7356667445912484,1.1824312801754546,250.47723098515118
874,968683.621256277,1391.8934019933258,,,,1.6870580183917243,1.4156417584443177,6.968469291983032,1.7356674953983675,1.1824393907661568,250.4772137637081
875,968683.3652515684,1391.8932180677998,,,,1.687057726028474,1.415641633210993,6.9684708898189704,1.735666490285498,1.1824361094776459,250.47723098515118
876,968683.3998964423,1391.893242958268,,,,1.6870577744164768,1.415641157651577,6.9684708898189704,1.735666606918735,1.18244174093155,250.47724007516354
877,968683.4114003502,1391.8932512232034,,,,1.6870577287851927,1.4156419582802156,6.9684708898189704,1.7356662915545715,1.1824393907661568,250.4772420748641
878,968683.3213491695,1391.8931865263005,,,,1.6870576953674878,1.415641587891059,6.9684708898189704,1.735666441095015,1.1824393907661568,250.47723029763367
879,968683.3919995005,1391.893237284742,,,,1.6870577781154577,1.415641646749025,6.9684708898189704,1.7356666884557674,1.1824393907661568,250.47723098515118
880,968683.4247992543,1391.8932608495911,,,,1.687057834938672,1.4156424266007994,6.9684708898189704,1.735666568802982,1.1824393907661568,250.47722848533678
881,968683.3883928744,1391.8932346935767,,,,1.6870577435467962,1.4156416377386905,6.9684708898189704,1.7356666520032116,1.1824393907661568,250.4772168008034
882,968683.388922813,1391.8932350743087,,,,1.6870577657458825,1.4156416377386905,6.9684708898189704,1.7356666760741473,1.1824393907661568,250.47723098515118
883,1004602.2399639067,1417.464101812746,,,,1.673425064531065,1.4091592954545713,6.897768307972624,1.7227356684838653,1.1710034527651207,333.4513736809024
884,1004602.2233428014,1417.4640900868012,,,,1.673424844469525,1.409159971058576,6.8977706759012705,1.722735171442262,1.1710020638490792,333.4513841318807
885,1004602.1994722593,1417.464073246486,,,,1.6734247677607146,1.4091562009863594,6.8977678042098844,1.7227352969748304,1.171006480387545,333.45137546456726
886,1004602.2460031299,1417.4641060733284,,,,1.673424994323333,1.4091609920917523,6.897768841482377,1.722735358045178,1.171001163374607,333.45137327252246
887,1004602.3687993166,1417.4641927042223,,,,1.6734254460414413,1.4091575147572946,6.897770075970696,1.7227359166246792,1.1710039620182247,333.4513630377891
888,1004602.2336270855,1417.4640973422115,,,,1.6734250651708327,1.409155645295789,6.897768341927812,1.722735505573324,1.1710078893958915,333.45136777557974
889,1004602.2727088566,1417.464124913824,,,,1.6734250949653564,1.4091585360178391,6.897768177337668,1.7227357723384393,1.1710057141085397,333.4513736809024
890,1004602.4628613748,1417.4642590636104,,,,1.6734254077080617,1.4091562178617703,6.897766337820637,1.7227359900572565,1.1709910283459506,333.4513636912195
891,1004603.1249582566,1417.464726163058,,,,1.6734253124378307,1.4091602317058278,6.89776876206452,1.7227349317745357,1.1710132396608839,333.4513754113872
892,1004602.3175266932,1417.4641565321454,,,,1.673425092110547,1.4091579460605805,6.897773823604277,1.722735849648318,1.1709975137782094,333.4513736809024
893,1004602.4222487914,1417.4642304120352,,,,1.6734248357711807,1.4091520023692703,6.897766657127203,1.722735176515407,1.1709848942936107,333.4513740449003
894,1004602.2207225601,1417.4640882382596,,,,1.6734250687171985,1.4091591522795595,6.897771427829064,1.7227355948317016,1.1710034527651207,333.4513736809024
895,1004602.2413633832,1417.464102800056,,,,1.67342498169154,1.4091593946347296,6.897768022587739,1.7227355093204317,1.1710034527651207,333.45137197034455
896,1004602.4416678944,1417.4642441119245,,,,1.6734250437603568,1.4091613813433799,6.897774521347922,1.722735559868416,1.1709978877217273,333.45137743226366
897,1004602.0581422044,1417.4639735402127,,,,1.673425181219309,1.4091597031012986,6.897770909260782,1.7227357825025935,1.1710281995000322,333.45137885143066
898,1004602.3049198855,1417.4641476382294,,,,1.673425103140659,1.4091592968851794,6.897768049014396,1.7227357197311497,1.1710034527651207,333.4513736809024
899,1004602.4669213423,1417.4642619278573,,,,1.6734253092428906,1.4091594083421302,6.897766758940401,1.722736481520913,1.1709951375697583,333.4513727780852
900,1004602.2102446294,1417.464080846234,,,,1.6734250116162899,1.409159290932243,6.897768307972624,1.7227354772538022,1.1710024578418101,333.4513736809024
901,1004602.247855779,1417.4641073803448,,,,1.6734250591015722,1.4091588328221787,6.897768307972624,1.722735592764937,1.171006591664761,333.4513736809024
902,1004602.2632698346,1417.4641182547339,,,,1.6734250184952235,1.409159614389767,6.897768307972624,1.7227352853115276,1.1710031199592492,333.4513754963988
903,1004602.1634136265,1417.4640478076522,,,,1.673424984723858,1.4091592542763318,6.897768307972624,1.7227354265123154,1.171003409326596,333.4513725728008
904,1004602.2401671169,1417.4641019561077,,,,1.6734250636441874,1.409159304482707,6.897768307972624,1.7227356685144253,1.1710034527651207,333.4513736809024
905,1004602.282401003,1417.4641317514906,,,,1.6734251195645757,1.4091600704591896,6.897768307972624,1.7227355508614774,1.1710034527651207,333.45138608046295
906,1004602.2366751034,1417.464099492544,,,,1.673425028717771,1.4091592954545713,6.897768307972624,1.7227356329755665,1.1710034527651207,333.4513736809024
907,1004602.2375123695,1417.4641000832225,,,,1.6734250535553938,1.4091592954545713,6.897768307972624,1.7227356588174523,1.1710034527651207,333.4513736809024
908,921492.3462885498,1357.5657231151279,,,,1.6586544865037824,1.402640198378589,6.826944046222989,1.7050532317809144,1.1606207507724589,237.6464494224955
909,921492.3205165386,1357.5657041311395,,,,1.6586542757007532,1.402640955872281,6.826946340318362,1.7050527401180549,1.1606230015634105,237.64644356988197
910,921492.3015784702,1357.5656901811199,,,,1.6586541978559501,1.402637164151546,6.8269435527663225,1.7050528745337907,1.1606207056815792,237.6464602022848
911,921492.3516008203,1357.5657270282131,,,,1.6586544280116566,1.4026418406562837,6.826944565601941,1.7050529407003459,1.1606211476306332,237.64644415406326
912,921492.4800693474,1357.5658216597437,,,,1.658654848585175,1.4026386026398519,6.826945605554389,1.7050534691219075,1.1606196806422968,237.6464466580981
913,921492.3458049392,1357.565722758894,,,,1.6586544891941757,1.402636672317186,6.826944031911508,1.705053077143078,1.1606163125215128,237.6464494224955
914,921492.3750541821,1357.5657443042546,,,,1.6586545165863664,1.4026394083193268,6.826943906256881,1.7050533293825174,1.1606207507724589,237.6464494224955
915,921492.5750417856,1357.56589161763,,,,1.6586548255603193,1.402637211787946,6.82694239303251,1.7050535306814476,1.1606207320070843,237.6464494224955
916,921493.1931338214,1357.5663469118713,,,,1.6586547033100845,1.4026410923473522,6.8269444776455135,1.705052445068433,1.1606221050506609,237.6464580234914
917,921492.4210081021,1357.5657781544896,,,,1.6586545096990415,1.4026388591259344,6.826949665135691,1.7050534062708647,1.1606207507724589,237.6464494224955
918,921492.5198535097,1357.565850965256,,,,1.658654261398202,1.4026331860397683,6.826942340415924,1.7050527387206453,1.1606262706392398,237.64645113594094
919,921492.3289762839,1357.5657103626947,,,,1.6586544912156094,1.4026400625799762,6.826947068609743,1.7050531574271466,1.1606208763868544,237.6464494224955
920,921492.3479910692,1357.565724369225,,,,1.6586544053925902,1.4026402976209995,6.826943763686903,1.7050530755661553,1.1606207507724589,237.6464494224955
921,921492.5418894148,1357.5658671971794,,,,1.6586544403917265,1.4026422456109222,6.826950046355346,1.7050530948408535,1.1606300502880766,237.64644943008165
922,921492.1688951354,1357.5655924448995,,,,1.6586545931472,1.4026405993267335,6.82694620471646,1.7050533519334248,1.1606273191336915,237.6464391806398
923,921492.4114005897,1357.565771077475,,,,1.6586545209183112,1.4026401998734175,6.826943811626429,1.705053278482,1.1606207507724589,237.6464494224955
924,921492.5690531316,1357.5658872063132,,,,1.6586547337055848,1.402640304016185,6.826942530201243,1.705054045887786,1.1606192928252204,237.64643202298825
925,921492.3129408169,1357.5656985507674,,,,1.658654436033844,1.4026401938726365,6.826944046222989,1.7050530497672518,1.1606210647643729,237.6464494224955
926,921492.3539583677,1357.5657287648123,,,,1.6586544800026048,1.4026397543036708,6.826944046222989,1.7050531614482638,1.1606207507724589,237.6464586214498
927,921492.3625688481,1357.5657351074003,,,,1.6586544429525456,1.4026405149670704,6.826944046222989,1.705052859586276,1.160627527034452,237.64646052752178
928,921492.2811401658,1357.565675126007,,,,1.658654410080406,1.402640168351796,6.826944046222989,1.70505299549756,1.1606147744780662,237.64644870895904
929,921492.3464852207,1357.5657232599979,,,,1.6586544856374323,1.4026402074246764,6.826944046222989,1.705053231803915,1.1606207507724589,237.6464494224955
930,921492.376493053,1357.5657453641447,,,,1.6586545406673925,1.402640955954935,6.826944046222989,1.7050531152771777,1.160621876824513,237.64644708328996
931,921492.3431363507,1357.5657207931783,,,,1.6586544504950582,1.402640198378589,6.826944046222989,1.7050531969831608,1.1606204251947487,237.64643523327328
932,921492.3442280021,1357.5657215973024,,,,1.6586544773000804,1.402640198378589,6.826944046222989,1.705053223813402,1.1606164386977693,237.6464494224955
933,1009799.1723325608,1421.1257314766774,,,,1.6467166671707012,1.39215274941556,6.760464255280308,1.6948983956423038,1.150753450810648,382.7421151022613
934,1009799.1558372963,1421.1257198694955,,,,1.6467164663179015,1.3921532214397823,6.760466515380001,1.6948979115435105,1.1507542453231667,382.74212526672375
935,1009799.125445674,1421.125698483898,,,,1.6467163867360346,1.392147456294171,6.760463754439915,1.694898049232381,1.150753429337125,382.74211672079014
936,1009799.1767550504,1421.1257345886402,,,,1.6467166161076807,1.3921539771334013,6.760464760546548,1.6948981154658813,1.150753357707804,382.7421147163659
937,1009799.2847378984,1421.1258105726586,,,,1.6467170123056458,1.39215591292553,6.760465637546816,1.6948986227310052,1.1507562363295438,382.7421042165938
938,1009799.1642297228,1421.1257257749737,,,,1.6467166725179245,1.392153176705258,6.7604641934625835,1.6948982489004032,1.150753450810648,382.7421092718522
939,1009799.197598235,1421.1257492553111,,,,1.6467166951207681,1.3921535894039323,6.76046410610275,1.6948984861983702,1.1507570513007974,382.7421151022613
940,1009799.3822134122,1421.1258791630053,,,,1.6467170008713643,1.3921489357877026,6.760462858201104,1.6948986714454535,1.150753450810648,382.7421055821968
941,1009799.9892478918,1421.1263063133354,,,,1.646716857954521,1.3921528963495713,6.760464662537705,1.6948975667086086,1.150755757173164,382.74211679202097
942,1009799.2445488421,1421.125782292927,,,,1.6467166874755825,1.3921513045569505,6.760469988826957,1.6948985667751966,1.1507534802699149,382.7421151022613
943,1009799.3399985628,1421.1258494577903,,,,1.6467164484620018,1.3921437920354347,6.760462499333362,1.6948979056094062,1.1507596800453554,382.74211539304963
944,1009799.1566447077,1421.1257204376448,,,,1.646716671847009,1.392152559457279,6.760467205096621,1.694898319950686,1.150752061785902,382.7421151022613
945,1009799.1710845843,1421.125730598517,,,,1.6467165862838602,1.3921524104199023,6.7604639757053375,1.6948982415693723,1.150753450810648,382.7421134384192
946,1009799.363850952,1421.1258662419398,,,,1.6467166017079067,1.392151492315326,6.760470070111488,1.6948982340803092,1.1507591607739918,382.74211863913666
947,1009799.009247467,1421.125616718991,,,,1.6467167658851507,1.3921511492651346,6.7604660599500805,1.6948985217713957,1.1507535616506153,382.7421206429334
948,1009799.2375728742,1421.1257773841653,,,,1.6467166984964825,1.3921526927621601,6.760464044473419,1.6948984382153145,1.150753450810648,382.7421151022613
949,1009799.3924135925,1421.1258863405403,,,,1.6467169169996039,1.3921515658516483,6.760462756651678,1.6948992106735907,1.1507580646799684,382.7421142309609
950,1009799.1368708282,1421.1257065234086,,,,1.6467166189715263,1.392152764851366,6.760464255280308,1.6948982227330442,1.1507539930728747,382.7421151022613
951,1009799.1798084569,1421.1257367372225,,,,1.6467166600220045,1.3921527128968867,6.760464255280308,1.6948983309320216,1.150753450810648,382.7421151022613
952,1009799.1920028136,1421.1257453179949,,,,1.646716625912319,1.39215274941556,6.760464255280308,1.694898033998433,1.1507561152732915,382.7421167007342
953,1009799.1005631618,1421.1256809748825,,,,1.6467165929987764,1.39215274941556,6.760464255280308,1.6948981624491972,1.150758856441003,382.74211399234645
954,1009799.1725230466,1421.1257316107162,,,,1.6467166663282535,1.39215274941556,6.760464255280308,1.6948983956578432,1.150753450810648,382.7421151022613
955,1009799.212132297,1421.1257594824583,,,,1.646716720785895,1.39215274941556,6.760464255280308,1.6948982813068068,1.1507527493220526,382.7421274826612
956,1009799.1693347935,1421.125729367246,,,,1.6467166311066856,1.39215274941556,6.760464255280308,1.694898361810934,1.150753450810648,382.7421151022613
957,1009799.1706163338,1421.1257302690244,,,,1.6467166595629452,1.39215274941556,6.760464255280308,1.6948983892033642,1.150753450810648,382.7421151022613
958,877210.977864255,1324.5459432305508,,,,1.6324148336031405,1.373410801579989,6.692840751117019,1.6759162430389647,1.1411041540950173,223.98374716119284
959,877210.9531944446,1324.5459246054436,,,,1.6324146423368182,1.3734114301069087,6.692842981789898,1.6759157683998551,1.1411049581720052,223.9837414074367
960,877210.9281076472,1324.5459056655204,,,,1.6324145614436798,1.373405762381566,6.692840219616115,1.6759159076553019,1.1411042210296454,223.98375785378224
961,877210.981638649,1324.5459460801264,,,,1.6324147918412957,1.3734121613061572,6.692841241276834,1.6759159755182798,1.1411067622760112,223.98374192254573
962,877211.0970031088,1324.5460331774875,,,,1.6324151629186516,1.3734137695663124,6.692841972329815,1.6759164604098948,1.1411153529528686,223.98374448990194
963,877210.9757088708,1324.5459416032886,,,,1.6324148415857984,1.3734114469725758,6.692840642988422,1.6759161052877183,1.1410998584427086,223.98374716119284
964,877210.9998656884,1324.5459598410985,,,,1.6324148606270281,1.373411623598447,6.692840590780066,1.6759163284864889,1.1410793027363264,223.98374716119284
965,877211.1931369621,1324.5461057562036,,,,1.632415164129952,1.3734071191649768,6.69283959191756,1.6759164970522282,1.1411141576223753,223.98374716119284
966,877211.7606877878,1324.546534243163,,,,1.6324150026545798,1.3734109371894787,6.6928411314947995,1.6759153748246778,1.141109461490508,223.9837555458996
967,877211.0476748291,1324.545995935837,,,,1.6324148517562358,1.3734093636930549,6.69284656848218,1.6759164107880895,1.141110048769434,223.98374716119284
968,877211.1381171755,1324.5460642176065,,,,1.632414621567253,1.3734022450234094,6.6928389576968055,1.675915755274079,1.1411016670042804,223.98374893820278
969,877210.9636387577,1324.5459324906462,,,,1.6324148373061487,1.3734106187179225,6.692843639845574,1.6759161658383204,1.141106179248718,223.98374716119284
970,877210.977089348,1324.545942645515,,,,1.6324147536440516,1.3734104631848443,6.692840474860914,1.6759160914408369,1.1411010973055584,223.98374716119284
971,877211.164653654,1324.5460842520006,,,,1.6324147453846576,1.373409081644105,6.692846375938881,1.6759160557140782,1.141098412867891,223.98374744818534
972,877210.8169453715,1324.5458217406986,,,,1.632414923901197,1.373409238148371,6.692842234758336,1.675916376312292,1.1410786487922338,223.98373686872168
973,877211.0432248667,1324.5459925762239,,,,1.6324148609648403,1.3734107464072074,6.692840565254993,1.6759162807097252,1.141106653066664,223.98374716119284
974,877211.1934153318,1324.546105966366,,,,1.632415083646887,1.373409620830662,6.692839260405828,1.6759170533396637,1.1411041540950173,223.98372959915594
975,877210.9395999212,1324.5459143419089,,,,1.6324147880314883,1.3734108166649523,6.692840751117019,1.6759160805167788,1.1411086761121154,223.98374716119284
976,877210.985187359,1324.5459487593166,,,,1.6324148256741735,1.3734107647037166,6.692840751117019,1.6759161836450263,1.1411041540950173,223.98375646643444
977,877210.9914911254,1324.545953518507,,,,1.6324147935875373,1.373410801579989,6.692840751117019,1.6759158908252858,1.1411041540950173,223.98375827820252
978,877210.9175974433,1324.5458977305718,,,,1.6324147623300989,1.373410801579989,6.692840751117019,1.6759160161783748,1.1411041540950173,223.98374641252
979,877210.9780484329,1324.5459433696008,,,,1.632414832833375,1.373410801579989,6.692840751117019,1.6759162430608725,1.1411041540950173,223.98374716119284
980,877211.0058545235,1324.5459643625234,,,,1.6324148865772359,1.373410801579989,6.692840751117019,1.6759161306604542,1.1411041540950173,223.9837450037776
981,877210.9750655182,1324.5459411175727,,,,1.6324147975227292,1.373410801579989,6.692840751117019,1.6759162102967664,1.1411041540950173,223.9837329649504
982,877210.9764729263,1324.5459421801318,,,,1.6324148275541113,1.373410801579989,6.692840751117019,1.6759162380687842,1.1411041540950173,223.98374716119284
983,1024620.3616182174,1431.516930824234,,,,1.6220656066262185,1.361478647961979,6.629666433669979,1.6687716618529747,1.1322010950308972,435.54627930533854
984,1024620.3460246928,1431.5169199312263,,,,1.6220654219566244,1.3614790372404904,6.629668559847743,1.6687711950348256,1.1322061988577246,435.5462891634105
985,1024620.3101534247,1431.516894873005,,,,1.6220653436065953,1.3614755284446702,6.629665839476214,1.6687713396969022,1.1321987920443797,435.5462807508853
986,1024620.3645565072,1431.5169328768047,,,,1.6220655757667095,1.3614797367650535,6.629666909238586,1.6687714076696298,1.132196305923497,435.54627893998367
987,1024620.4596683948,1431.5169993181323,,,,1.622065918592716,1.3614787046410477,6.629667408608494,1.6687718692196754,1.1322069216179038,435.5462681776213
988,1024620.351899762,1431.516924035313,,,,1.6220656165744947,1.3614752293035677,6.629666286817495,1.6687715325379264,1.132200764262122,435.54627355882997
989,1024620.3808096144,1431.5169442305698,,,,1.6220656309695936,1.3614781455061407,6.629666262077348,1.668771740454749,1.1321716260550843,435.54627930533854
990,1024620.5594478309,1431.5170690200175,,,,1.62206593490511,1.3614767973298516,6.6296656025391165,1.6687718959241353,1.1322015520276714,435.5462702891636
991,1024621.1176383265,1431.5174589492974,,,,1.6220657561296998,1.3614787625255598,6.629666790552461,1.668770758885388,1.1322039553719168,435.5462809592972
992,1024620.429274275,1431.5169780860265,,,,1.6220656205241026,1.3614775071418066,6.629672054942669,1.6687718261449542,1.1322010950308972,435.54627930533854
993,1024620.5164904362,1431.5170390117169,,,,1.622065402415497,1.3614727301149467,6.629664672729827,1.6687711776753507,1.1322151582265456,435.5462795306195
994,1024620.3485885739,1431.5169217222503,,,,1.6220656083848102,1.3614786128530008,6.629669221933579,1.6687715833545942,1.1322010950308972,435.54627930533854
995,1024620.358068733,1431.5169283447076,,,,1.6220655284791003,1.3614787290167012,6.629666160850555,1.6687715129628695,1.1322010950308972,435.54627768922546
996,1024620.5443872621,1431.5170584993127,,,,1.62206549617424,1.361481642587331,6.629671771265299,1.668771449211104,1.1321779717007494,435.54628261982054
997,1024620.2151039966,1431.516828475304,,,,1.622065689360515,1.3614786390150817,6.629667489736133,1.6687718042584947,1.132201695168693,435.54628524289456
998,1024620.4270824482,1431.5169765549049,,,,1.6220656307272976,1.361478193209713,6.629666271715249,1.6687716951707399,1.1321980134526233,435.54627930533854
999,1024620.5747046345,1431.517079677804,,,,1.622065856716007,1.361478741875941,6.629664972056137,1.6687724656251082,1.1322035979551668,435.5462784689538
1000,1024620.3219606435,1431.5169031210517,,,,1.6220655640021096,1.361478834595731,6.629666433669979,1.6687715099886946,1.1322010950308972,435.54627930533854
1001,1024620.3688492024,1431.5169358755084,,,,1.622065598115143,1.3614786004280308,6.629666433669979,1.6687716080114336,1.1322010950308972,435.54627930533854
1002,1024620.3781929357,1431.5169424026637,,,,1.622065568189028,1.3614786485812944,6.629666433669979,1.6687713207596135,1.1322010950308972,435.5462806926746
1003,1024620.2942563616,1431.516883767957,,,,1.6220655373922719,1.3614786466061717,6.629666433669979,1.6687714396037652,1.1322010950308972,435.54627819570806
1004,1024620.3617964592,1431.5169309487464,,,,1.6220656059154446,1.361478647961979,6.629666433669979,1.6687716618799657,1.1322010950308972,435.54627930533854
1005,1024620.3992189828,1431.516957090612,,,,1.6220656592452891,1.361478647961979,6.629666433669979,1.6687715522751652,1.1322010950308972,435.54629166696674
1006,1024620.3590234771,1431.5169290116528,,,,1.6220655705597344,1.361478647961979,6.629666433669979,1.6687716299969255,1.1322010950308972,435.54627930533854
1007,1024620.3605097937,1431.5169300499338,,,,1.622065601980294,1.361478647961979,6.629666433669979,1.6687716581941983,1.1322010950308972,435.54627930533854
1008,837907.2163724976,1294.532515136254,,,,1.6080363647416118,1.3558220318674714,6.565139646787982,1.6482177043357684,1.1221547810985824,209.47653587340153
1009,837907.193443614,1294.532497424158,,,,1.60803618879655,1.3558225068682437,6.565141780525263,1.6482172427000104,1.1221436400503546,209.47653020908996
1010,837907.1633508313,1294.532474178096,,,,1.6080361123698217,1.355819079646179,6.56513910669874,1.6482173964564428,1.1221521651947979,209.47654645816237
1011,837907.2187803396,1294.5325169962628,,,,1.6080363419975454,1.3558230409921093,6.565140106469271,1.6482174580766138,1.1221609978039944,209.4765306994203
1012,837907.3230696295,1294.5325975576122,,,,1.6080366648436553,1.3558222961147524,6.565140451657585,1.6482179128831949,1.1221504739889707,209.47653329560717
1013,837907.2126266483,1294.5325122426616,,,,1.6080363784318565,1.355818722472785,6.565139467380628,1.6482175838095408,1.1221547810985824,209.47653587340153
1014,837907.2328813551,1294.5325278890098,,,,1.6080363899712722,1.3558215022969524,6.565139463434011,1.648217778652761,1.1221547810985824,209.47653587340153
1015,837907.4189512891,1294.5326716242346,,,,1.6080366869911884,1.3558202279582865,6.565139064548052,1.6482179186288108,1.1221547326139902,209.47653587340153
1016,837907.9419089375,1294.5330755982543,,,,1.6080364898116004,1.355822137299052,6.5651399749500206,1.648216764425126,1.1221685126014278,209.47654399059851
1017,837907.2819426132,1294.5325657878318,,,,1.6080363741954375,1.3558209049203813,6.565145535835134,1.6482178650716632,1.1221547810985824,209.47653587340153
1018,837907.364878632,1294.5326298542127,,,,1.6080361677054342,1.355816396020505,6.565137784625214,1.6482172257504855,1.1221550147693495,209.47653772315604
1019,837907.2044249092,1294.532505906985,,,,1.6080363653497018,1.3558220061188282,6.565142375225568,1.648217625393139,1.1221547810985824,209.47653587340153
1020,837907.2134080383,1294.5325128462696,,,,1.6080362882037138,1.3558221129050194,6.5651393778731695,1.6482175581584348,1.1221602717990515,209.47653587340153
1021,837907.3958558898,1294.532653783511,,,,1.6080362285972516,1.3558249363541368,6.565144779566293,1.6482174644413545,1.1221563860764774,209.47653646576214
1022,837907.0701123255,1294.5324021532451,,,,1.6080364398646942,1.35582202319473,6.565140352306732,1.6482178533251601,1.122154601531227,209.4765254798035
1023,837907.2819304309,1294.5325657784208,,,,1.6080363885993332,1.3558215772133493,6.5651395098373815,1.6482177356685863,1.1221547810985824,209.47653587340153
1024,837907.4247911898,1294.5326761354386,,,,1.6080366119302913,1.3558221212438157,6.565138190949279,1.6482185009686874,1.122125675495724,209.4765181692435
1025,837907.1744574844,1294.53248275776,,,,1.6080363255751204,1.355822209438922,6.565139646787982,1.6482175643334716,1.1221547810985824,209.47653587340153
1026,837907.2235497525,1294.5325206805373,,,,1.6080363556039154,1.3558219843101895,6.565139646787982,1.6482176558195634,1.1221547810985824,209.47654528080227
1027,837907.2277977986,1294.532523962066,,,,1.6080363281582382,1.3558220325075059,6.565139646787982,1.6482173743946151,1.1221675256330743,209.4765469983725
1028,837907.1607377927,1294.5324721595769,,,,1.6080362982354457,1.3558220305338038,6.565139646787982,1.6482174898669564,1.1221542588646498,209.47653507842062
1029,837907.2165446247,1294.5325152692185,,,,1.6080363640726485,1.3558220318674714,6.565139646787982,1.6482177043644848,1.1221547810985824,209.47653587340153
1030,837907.2427509921,1294.5325355131033,,,,1.6080364174190733,1.3558220318674714,6.565139646787982,1.6482175985688894,1.1221561281248154,209.47653392222634
1031,837907.2140038677,1294.5325133065355,,,,1.6080363287408665,1.3558220318674714,6.565139646787982,1.6482176733379237,1.1221547810985824,209.47652166796865
1032,837907.2155317585,1294.5325144868,,,,1.6080363614912705,1.3558220318674714,6.565139646787982,1.648217701969044,1.1221547810985824,209.47653587340153
1033,1772610.0516105574,1882.8754879760681,,,,1.592823011325809,1.345117799647734,6.446636026788279,1.6481149864254283,1.106057275018116,964.8524184346882
1034,1772610.0510188916,1882.8754876618336,,,,1.5928228598902334,1.3451184196603838,6.446638066158614,1.6481145493144609,1.1060558485513228,964.8524321313362
1035,1772609.993149523,1882.8754569272614,,,,1.5928227818481464,1.3451151072755219,6.4466354877398295,1.6481147053038627,1.1060552781280735,964.8524183941365
1036,1772610.0526678737,1882.8754885376115,,,,1.592823010033702,1.3451186893431708,6.446636455610816,1.6481147638186338,1.1060609532762526,964.8524182297136
1037,1772610.1160890576,1882.875522220765,,,,1.592823280943583,1.3451183697595108,6.446636701977401,1.648115178037172,1.1060596756219234,964.8524060505165
1038,1772610.0354568674,1882.875479396803,,,,1.5928230345154497,1.3451146811904602,6.44663581911769,1.6481148854793002,1.106057275018116,964.852413374648
1039,1772610.063801847,1882.875494450893,,,,1.5928230322401729,1.3451172409207537,6.446635822362694,1.648115051022233,1.1060373996774566,964.8524184346882
1040,1772610.234586815,1882.8755851552253,,,,1.5928233210705143,1.3451159854463712,6.4466357384329935,1.6481151641422187,1.106063613395665,964.8524143489906
1041,1772610.728745828,1882.875847604312,,,,1.592823103666648,1.3451178935849772,6.446636293185,1.6481139937792282,1.1060838909356938,964.8524201061477
1042,1772610.1138133497,1882.8755210121296,,,,1.5928230184531509,1.3451167101143757,6.446642187738364,1.648115143061574,1.1060686500232688,964.8524184346882
1043,1772610.1897502926,1882.875561342435,,,,1.5928228285976664,1.3451126186258886,6.4466340638949,1.6481145178520276,1.106056816520966,964.8524184334606
1044,1772610.0413548695,1882.8754825292465,,,,1.5928230117580378,1.3451177971133261,6.446638734877368,1.648114908789139,1.1060513413686135,964.8524184346882
1045,1772610.044481215,1882.8754841896562,,,,1.592822938165037,1.3451178808166824,6.446635766020109,1.6481148467069477,1.1060594294407735,964.8524173114583
1046,1772610.2192912698,1882.8755770317237,,,,1.5928228219098484,1.3451205559409205,6.446640900680988,1.6481146917293015,1.106055658869043,964.8524199351735
1047,1772609.9402803713,1882.8754288483215,,,,1.5928230755359594,1.3451177913765124,6.446636342369615,1.648115148454907,1.1060606022408244,964.8524284928269
1048,1772610.1172568502,1882.8755228409823,,,,1.5928230329687227,1.3451173453182945,6.446635936142613,1.6481150155514768,1.1060654221553299,964.8524184346882
1049,1772610.2569243982,1882.8755970187729,,,,1.5928232517611658,1.3451178799408283,6.44663453233903,1.6481157668751114,1.1060586907506778,964.8524179050617
1050,1772610.0079468004,1882.8754647861344,,,,1.5928229778992906,1.3451179646066573,6.446636026788279,1.648114866376591,1.1060309973764302,964.8524184346882
1051,1772610.0587854772,1882.8754917866845,,,,1.5928230019705345,1.3451177520430255,6.446636026788279,1.6481149475523549,1.1060629785277971,964.8524184346882
1052,1772610.0649439362,1882.8754950574596,,,,1.5928229757913623,1.3451178003274449,6.446636026788279,1.6481146748860507,1.106057275018116,964.8524186388809
1053,1772609.9811271883,1882.8754505421696,,,,1.5928229474141675,1.3451177983564104,6.446636026788279,1.648114779915081,1.106057275018116,964.8524173423596
1054,1772610.05177133,1882.875488061455,,,,1.5928230107031587,1.345117799647734,6.446636026788279,1.6481149864529554,1.106057275018116,964.8524184346882
1055,1772610.0943578633,1882.8755106792714,,,,1.592823064488531,1.345117799647734,6.446636026788279,1.648114888379863,1.106057275018116,964.8524305828258
1056,1772610.0496678248,1882.8754869442782,,,,1.5928229755734153,1.345117799647734,6.446636026788279,1.6481149571034794,1.106057275018116,964.8524184346882
1057,1772610.0511864314,1882.8754877508138,,,,1.5928230105031707,1.345117799647734,6.446636026788279,1.6481149862995994,1.106057275018116,964.8524184346882
1058,1442261.2763099927,1698.3882219975462,,,,1.5852472583540889,1.3421577476461295,6.4139868251873295,1.6351472266530633,1.1019071023907983,799.3174825221729
1059,1442261.2715591786,1698.3882192002968,,,,1.5852471115972582,1.3421584077343218,6.4139888081345395,1.635146794905361,1.1019051761920342,799.3174952346187
1060,1442261.218966795,1698.3881882342412,,,,1.5852470365177702,1.3421551278867767,6.4139862865359225,1.6351469538132253,1.1019063024406315,799.3174829071081
1061,1442261.2770580084,1698.3882224379736,,,,1.58524726203702,1.3421586105703094,6.413987244884866,1.6351470095659775,1.1019128689919222,799.3174822707091
1062,1442261.3451575355,1698.3882625345343,,,,1.5852475210996546,1.3421583902184582,6.413987470704188,1.6351474159844823,1.101908095301438,799.3174703221018
1063,1442261.2614348005,1698.3882132391295,,,,1.5852472826244948,1.342154682508787,6.413986620979562,1.635147129470402,1.1019006840359902,799.3174772761504
1064,1442261.287355132,1698.3882285008528,,,,1.5852472781992724,1.342157184979551,6.413986615484473,1.6351472887782994,1.1019071023907983,799.3174825221729
1065,1442261.4551802813,1698.388327315212,,,,1.5852475648187063,1.3421559213444403,6.413986639757341,1.6351473941026515,1.101916746680627,799.3174769087192
1066,1442261.9394542456,1698.3886124525486,,,,1.5852473432672134,1.3421578390805011,6.413987073908771,1.6351462227361735,1.1019041576660342,799.31748414259
1067,1442261.337624664,1698.3882580992276,,,,1.5852472651910618,1.3421566670707878,6.413993071075048,1.6351473826056202,1.1019071023907983,799.3174825221729
1068,1442261.411687705,1698.388301707066,,,,1.5852470801149676,1.3421527068931363,6.413984827694521,1.6351467614245458,1.1019004806236052,799.3174825431748
1069,1442261.2664699848,1698.3882162038135,,,,1.5852472582426962,1.3421577535344928,6.413989519559538,1.6351471492023737,1.1019071023907983,799.3174825221729
1070,1442261.2688433446,1698.3882176012326,,,,1.5852471861176183,1.3421578288795537,6.413986567085245,1.6351470885387245,1.1019047704588845,799.3174812406864
1071,1442261.4449401395,1698.3883212858848,,,,1.5852470571699664,1.3421604564711032,6.413991613615357,1.6351469198437814,1.1019085616191955,799.3174845248159
1072,1442261.1622119748,1698.3881548173692,,,,1.5852473197583288,1.3421577394762245,6.413987000904128,1.635147392574165,1.101909662393557,799.3174912158822
1073,1442261.3419888022,1698.3882606688037,,,,1.5852472795377628,1.3421572936142703,6.413986747587756,1.635147255194532,1.1019071023907983,799.3174825221729
1074,1442261.4784838157,1698.3883410361811,,,,1.5852474972922193,1.3421578245312693,6.413985324053633,1.6351480026424932,1.101906688380323,799.3174819030714
1075,1442261.2318920612,1698.3881958445547,,,,1.5852472266604487,1.3421579093076441,6.4139868251873295,1.6351471127415222,1.101907101711973,799.3174825221729
1076,1442261.2835019145,1698.3882262321026,,,,1.5852472490846494,1.3421577000152647,6.4139868251873295,1.6351471902070942,1.1019071023907983,799.3174825221729
1077,1442261.2886125534,1698.388229241214,,,,1.5852472228511145,1.3421577483371268,6.4139868251873295,1.6351469200936293,1.101906791190979,799.3174829454339
1078,1442261.2120172926,1698.3881841424184,,,,1.5852471950375153,1.3421577463669923,6.4139868251873295,1.6351470226078257,1.1019093594964442,799.3174814258984
1079,1442261.2764676115,1698.3882220903515,,,,1.5852472577407162,1.3421577476461295,6.4139868251873295,1.6351472266797835,1.1019071023907983,799.3174825221729
1080,1442261.315794927,1698.3882452460198,,,,1.585247311894643,1.3421577476461295,6.4139868251873295,1.6351471308029462,1.1019026301696582,799.3174947051655
1081,1442261.2744908328,1698.3882209264366,,,,1.5852472226989351,1.3421577476461295,6.4139868251873295,1.6351471978648873,1.1019071023907983,799.3174825221729
1082,1442261.2759961337,1698.388221812748,,,,1.5852472582220014,1.3421577476461295,6.4139868251873295,1.6351472271793626,1.1019071023907983,799.3174825221729
1083,931296.4445595734,1364.7684379114087,,,,1.5710226336739235,1.3363600667462752,6.351153590240189,1.6111890805205171,1.0922215759662144,389.4878081611652
1084,931296.431013139,1364.7684279855964,,,,1.5710224944130868,1.336360799470274,6.351155427163451,1.6111886577978956,1.0922160510208552,389.48781799323973
1085,931296.3892694003,1364.7683973989142,,,,1.57102242843897,1.336357653818961,6.351153052538104,1.6111888281368691,1.092225128441666,389.4878097083855
1086,931296.4448122546,1364.7684380965545,,,,1.571022644914032,1.3363608770050623,6.351153992284918,1.611188871896725,1.0922236413483062,389.4878077462595
1087,931296.5235580727,1364.7684957955857,,,,1.571022881631402,1.3363608485359904,6.351154130084009,1.6111892667799816,1.0922169532650159,389.48779707079586
1088,931296.4334941157,1364.7684298034706,,,,1.5710226608966578,1.336357101218932,6.351153365313986,1.6111889911623645,1.0922215759662144,389.48780251998835
1089,931296.4535515717,1364.7684445000707,,,,1.5710226486194967,1.3363594958069056,6.35115337053691,1.6111891363627984,1.0922180126346783,389.4878081611652
1090,931296.6195413786,1364.7685661249518,,,,1.5710229323078246,1.3363582405820564,6.351153630752874,1.611189227970772,1.0922348859708224,389.48779884307294
1091,931297.081111524,1364.7689043288788,,,,1.571022704019725,1.3363601538488945,6.351153806220173,1.6111880546471649,1.0922080350859766,389.4878097576999
1092,931296.50427932,1364.7684816695614,,,,1.5710226379072696,1.3363589847843835,6.351159816150155,1.6111892351067085,1.0922110981423092,389.4878081611652
1093,931296.5748204963,1364.7685333568443,,,,1.571022468356366,1.3363553742511183,6.351151581457518,1.6111886276950622,1.0922214370341417,389.48780844404394
1094,931296.4354512086,1364.768431237482,,,,1.5710226334164012,1.3363600908950422,6.3511562378090725,1.6111890036427057,1.0922268409334488,389.4878081611652
1095,931296.4369727821,1364.768432352377,,,,1.5710225629661374,1.336360148136195,6.351153337632497,1.6111889455287782,1.0922183200471134,389.487806452418
1096,931296.6144917571,1364.7685624249684,,,,1.5710224134419495,1.336362652234235,6.35115818280851,1.6111887560001978,1.092222687937723,389.4878115815013
1097,931296.3257715459,1364.7683508724447,,,,1.571022690623171,1.3363600587555327,6.35115347016831,1.6111892546383593,1.0922914456758468,389.487813950675
1098,931296.5102652424,1364.7684860555967,,,,1.5710226548345472,1.3363596154253905,6.351153537601834,1.611189108953684,1.092223329845293,389.4878081611652
1099,931296.6410523821,1364.768581886601,,,,1.571022869277531,1.336360135128773,6.351152088051407,1.6111898458310698,1.0922215759662144,389.4878073415158
1100,931296.3985103881,1364.7684041700174,,,,1.5710226059768735,1.3363602203607252,6.351153590240189,1.6111889791215,1.0922215759662144,389.4878081611652
1101,931296.4518062548,1364.7684432212338,,,,1.5710226254721866,1.336360018990717,6.351153590240189,1.611189050458397,1.0922215759662144,389.4878081611652
1102,931296.4545725691,1364.7684452481815,,,,1.5710225975364092,1.3363600674601117,6.351153590240189,1.6111887827268834,1.0922215759662144,389.487809742471
1103,931296.3926637489,1364.7683998860387,,,,1.5710225716274417,1.3363600654912875,6.351153590240189,1.6111888821179472,1.0922215759662144,389.48780708609286
1104,931296.4447110713,1364.7684380224152,,,,1.5710226330728743,1.3363600667462752,6.351153590240189,1.61118908054506,1.0922215759662144,389.4878081611652
1105,931296.476839914,1364.7684615640226,,,,1.571022687841747,1.3363600667462752,6.351153590240189,1.6111889889989088,1.0922215759662144,389.48782078383556
1106,931296.4429907476,1364.768436761891,,,,1.5710225982512591,1.3363600667462752,6.351153590240189,1.611189052747589,1.0922215759662144,389.4878081611652
1107,931296.4444361811,1364.768437820996,,,,1.5710226348196559,1.3363600667462752,6.351153590240189,1.6111890822412742,1.0922215759662144,389.4878081611652
1108,1273727.2486312182,1596.074715438609,,,,1.5542239324071927,1.3220779254594819,6.236401153083175,1.600612063123019,1.0772389818558246,663.6658956316858
1109,1273727.235915434,1596.0747074716974,,,,1.5542238096780885,1.3220805214357858,6.236402851825849,1.6006116593685855,1.077238508487979,663.6658983174752
1110,1273727.188116568,1596.0746775239363,,,,1.5542237456190906,1.322077113628302,6.236400612715553,1.6006118341893119,1.0772364502820313,663.6658959989161
1111,1273727.2461416095,1596.074713878777,,,,1.554223957605039,1.3220801221923777,6.236401521818597,1.6006118800415114,1.0772295917903487,663.6658937882173
1112,1273727.3214460735,1596.074761059816,,,,1.5542241571622064,1.322078156364183,6.2364014890588875,1.6006122349616896,1.0772392495061127,663.6658965667589
1113,1273727.2413134864,1596.0747108537794,,,,1.5542239622204943,1.322075093061278,6.236400823643293,1.6006119857146575,1.0772389818558246,663.6658955506433
1114,1273727.254326273,1596.0747190067727,,,,1.5542239424083062,1.3220768539935939,6.236400915514675,1.6006121096697412,1.0772389818558246,663.6658956316858
1115,1273727.4384156314,1596.074834345577,,,,1.554224220170053,1.322075926996979,6.236401447453175,1.6006121752562399,1.0772389818558246,663.6659093077778
1116,1273727.7993284806,1596.07506047083,,,,1.554223982933324,1.3220752340031343,6.2364013027663034,1.6006110086692846,1.0772445057600524,663.6658700131173
1117,1273727.30576138,1596.0747512327744,,,,1.554223932132398,1.3220766312912653,6.236407215091388,1.6006122153287905,1.0772389818558246,663.6658956316858
1118,1273727.3585016667,1596.0747842765184,,,,1.554223783938907,1.32207371898751,6.236399192805468,1.6006116257625003,1.077202445219799,663.6658869543245
1119,1273727.240622545,1596.0747104208785,,,,1.554223930219212,1.3220779835754188,6.23640377859651,1.6006119869143982,1.0772389818558246,663.6658956316858
1120,1273727.2398658923,1596.0747099468074,,,,1.5542238663777186,1.3220771796047543,6.2364009119038055,1.6006119355832231,1.0772389818558246,663.6658947200344
1121,1273727.3899141008,1596.0748039575712,,,,1.554223683864873,1.3220789568574154,6.236405457797853,1.6006117121795167,1.0772012259158479,663.6658870651542
1122,1273727.15892803,1596.0746592362343,,,,1.5542239817109862,1.322076894448338,6.236400738880274,1.6006122520405734,1.0772439796900402,663.6659123526824
1123,1273727.3142497053,1596.0747565510244,,,,1.5542239527828738,1.3220778710884853,6.236401145076506,1.6006120903549208,1.0772389818558246,663.6658956316858
1124,1273727.4476780745,1596.0748401488408,,,,1.5542241580999614,1.3220792031438349,6.236399609394345,1.6006128065207519,1.077245701886015,663.6658979960878
1125,1273727.201469437,1596.074685890004,,,,1.5542239107536664,1.322078016034608,6.236401153083175,1.6006119814390882,1.0772389818558246,663.6658956316858
1126,1273727.2560336494,1596.074720076507,,,,1.5542239266153488,1.322077889377474,6.236401153083175,1.600612044389196,1.0772389818558246,663.6658956316858
1127,1273727.2287176908,1596.0747029620452,,,,1.5542238946720002,1.3220780748958179,6.236401153083175,1.600611782196118,1.0772334903611427,663.6658752341913
1128,1273727.184077033,1596.0746749930177,,,,1.554223871125013,1.3220779257283906,6.236401153083175,1.6006118720406328,1.0772377177807777,663.6658963825455
1129,1273727.2487712938,1596.0747155263714,,,,1.5542239318124842,1.3220779279928476,6.236401153083175,1.6006120631417358,1.0772389818558246,663.6658956316858
1130,1273727.2548679633,1596.0747193461614,,,,1.5542239870274384,1.3220781653023654,6.236401153083175,1.6006119771565368,1.077238294348482,663.6658891040496
1131,1273727.2475612767,1596.0747147682507,,,,1.5542238976233897,1.3220779254594819,6.236401153083175,1.6006120376143333,1.0772535153840346,663.6658956316858
1132,1273727.248792221,1596.0747155394833,,,,1.5542239356891345,1.3220779254594819,6.236401153083175,1.6006120667453825,1.0772389818558246,663.6658956316858
1133,799397.7929217691,1264.434887941462,,,,1.528301947102128,1.3006726390491352,6.1068748108398205,1.561355095175343,1.0598952139088416,215.81872228867775
1134,799397.768920188,1264.4348689594,,,,1.5283018429248918,1.3006753393564288,6.106876303529163,1.5613547144555497,1.0598896656479833,215.81871090002363
1135,799397.7353316193,1264.4348423953047,,,,1.5283017766792348,1.3006718024784263,6.1068742631339505,1.5613548859630721,1.059893607265625,215.81871934029718
1136,799397.7915710964,1264.4348868732595,,,,1.5283019880061026,1.300674726677914,6.106875143044211,1.5613549375082834,1.0599471549064317,215.81872175436905
1137,799397.8692832863,1264.434948333275,,,,1.5283021440015747,1.3006730799511084,6.106874974341249,1.5613552534053499,1.0599003310788089,215.81872955738567
1138,799397.7867625668,1264.4348830703518,,,,1.5283019775610873,1.300669972782794,6.106874366590673,1.561355027207615,1.05990825809092,215.81872764709544
1139,799397.795300802,1264.4348898229607,,,,1.5283019542706904,1.3006715944421796,6.106874548634764,1.5613551322003345,1.0598955725107613,215.81872228867775
1140,799397.960998478,1264.4350208678004,,,,1.5283022190207505,1.3006706675768365,6.106875377389736,1.561355172805045,1.0598983288794321,215.81873596500486
1141,799398.3318753638,1264.4353141820768,,,,1.528301982692269,1.300669998150063,6.106874889652902,1.561354023590306,1.0598952062388447,215.81871655485043
1142,799397.8472723378,1264.43493092554,,,,1.5283019423535174,1.3006714022177057,6.106880593462722,1.5613552473642396,1.059903446167745,215.81872228867775
1143,799397.901720713,1264.434973986969,,,,1.528301816427614,1.30066876161733,6.106872940732896,1.5613546799708855,1.059895138012041,215.81872024068076
1144,799397.7855192537,1264.434882087056,,,,1.5283019409770335,1.300672702461671,6.10687739538764,1.561355019964631,1.0598952139088416,215.81872228867775
1145,799397.7840056607,1264.4348808900052,,,,1.5283018833096036,1.3006719064313632,6.106874584435748,1.56135497451203,1.059896549718979,215.8187230427311
1146,799397.9491343857,1264.435011484881,,,,1.5283016672738405,1.30067329396375,6.106878726754746,1.5613547141000628,1.0599027505423892,215.81871633661723
1147,799397.6890414476,1264.434805785927,,,,1.528301985467335,1.3006715531537119,6.106874100396197,1.561355292528663,1.0599012227576818,215.81872125814982
1148,799397.8582065479,1264.4349395730471,,,,1.5283019656876775,1.3006725855636345,6.106874850114685,1.5613551204480445,1.05989813145596,215.81872228867775
1149,799397.9766376392,1264.435033236298,,,,1.5283021583267622,1.3006738990702278,6.106873224695284,1.5613558117854098,1.059891131600498,215.81872433274037
1150,799397.7429640406,1264.4348484315358,,,,1.5283019324844649,1.3006727302520904,6.1068748108398205,1.5613550347276088,1.0599083399222333,215.81872228867775
1151,799397.8005586925,1264.434893981254,,,,1.528301944197671,1.300672613245492,6.1068748108398205,1.5613550895680224,1.0598952139088416,215.81872228867775
1152,799397.794218006,1264.4348889666135,,,,1.528301911299236,1.300672912906971,6.1068748108398205,1.561354838425844,1.0599173345004882,215.81871597765678
1153,799397.7544595626,1264.4348575229667,,,,1.5283018877515402,1.3006726392694805,6.1068748108398205,1.561354915087989,1.059896002931618,215.81872336773097
1154,799397.7930483766,1264.4348880415916,,,,1.5283019464970837,1.3006726416870196,6.1068748108398205,1.561355095185649,1.0598952139088416,215.81872228867775
1155,799397.8070464031,1264.434899112171,,,,1.5283020023318614,1.3006728971588792,6.1068748108398205,1.5613550158891196,1.0598945536575999,215.81870884114926
1156,799397.7924900664,1264.4348876000424,,,,1.5283019130909201,1.3006726390491352,6.1068748108398205,1.5613550719186995,1.0598952139088416,215.81872228867775
1157,799397.7933332761,1264.4348882669094,,,,1.5283019524417405,1.3006726390491352,6.1068748108398205,1.5613551004051331,1.0598952139088416,215.81872228867775
1158,3659846.072309626,2705.4929577840817,,,,1.5089947311601346,1.268202541953529,5.921715693308298,1.5699244621668111,1.0354881547845738,1635.5775887676032
1159,3659846.1123136263,2705.492972570293,,,,1.5089946600196977,1.268203775627554,5.921716855365429,1.56992411903564,1.0354913708163804,1635.577604500296
1160,3659846.0056769024,2705.4929331554013,,,,1.5089945784490904,1.2682003394142796,5.921715220829658,1.5699242658203354,1.0354860107904977,1635.5775874536826
1161,3659846.07012172,2705.4929569753917,,,,1.5089947906381116,1.268202883374708,5.921715980552884,1.5699243415604274,1.035489581342661,1635.5775886689207
1162,3659846.0768176485,2705.4929594503296,,,,1.5089948909070752,1.2682030662850639,5.921715585702859,1.5699246072915707,1.0354882240120182,1635.5775765205144
1163,3659846.048777303,2705.4929490861036,,,,1.508994764592788,1.268200289865854,5.921715125449843,1.5699244106968457,1.0354935263938292,1635.5775849600427
1164,3659846.070756723,2705.4929572100996,,,,1.5089947327747446,1.2682016188883423,5.921715376819082,1.5699244799693226,1.035492420396398,1635.5775887676032
1165,3659846.230506593,2705.493016256594,,,,1.5089949784263192,1.2682004700577436,5.921716580164313,1.5699244940408987,1.0354927891239074,1635.577591247706
1166,3659846.553926975,2705.4931357987125,,,,1.508994751368846,1.2682020384548238,5.921715691032832,1.5699233776418924,1.0355091726955725,1635.5775904894895
1167,3659846.1228729934,2705.492976473233,,,,1.5089947280242888,1.268201330445566,5.9217212799028385,1.5699246239192737,1.0354867226059628,1635.5775887676032
1168,3659846.1650807424,2705.492992073993,,,,1.5089946341523277,1.268199232651346,5.921713921991566,1.5699240908912848,1.0354914920499048,1635.577588241616
1169,3659846.0646219114,2705.4929549425615,,,,1.5089947154547907,1.2682026056271392,5.921718155531618,1.5699243873646176,1.0354930870112298,1635.5775887676032
1170,3659846.0589301796,2705.4929528387897,,,,1.5089946702034365,1.268202650853473,5.921715489650831,1.5699243523218671,1.0354881758520047,1635.5775881086824
1171,3659846.2049634615,2705.493006815378,,,,1.5089944172202672,1.2682030933492325,5.921719089562502,1.5699240455199168,1.0354984769931859,1635.5775886141037
1172,3659846.0442611417,2705.4929474168457,,,,1.5089947573127445,1.2682029442452198,5.9217146229371345,1.5699246681573396,1.0354849961190633,1635.5776059092263
1173,3659846.136607427,2705.4929815497317,,,,1.5089947496537304,1.2682025370819328,5.921715791084635,1.5699244873429405,1.0354877876456061,1635.5775887676032
1174,3659846.2548844,2705.4930252670765,,,,1.508994912253392,1.268202656172332,5.921714088751842,1.5699251273729293,1.0354883387189273,1635.5775886117008
1175,3659846.0215661237,2705.4929390283473,,,,1.5089947292573092,1.2682025530466832,5.921715693308298,1.5699244333661106,1.035486703616572,1635.5775887676032
1176,3659846.080276305,2705.4929607287127,,,,1.50899473053388,1.2682017447067515,5.921715693308298,1.5699244719623204,1.0354855264954175,1635.5775887676032
1177,3659846.078720102,2705.4929601535127,,,,1.5089946983737463,1.2682030118715595,5.921715693308298,1.5699242436126488,1.0354927623152186,1635.5775887671316
1178,3659845.999945032,2705.4929310367957,,,,1.508994674183266,1.268202386256093,5.921715693308298,1.5699242953919805,1.0354881547845738,1635.577587793633
1179,3659846.072415606,2705.4929578232545,,,,1.5089947305180296,1.2682025439658475,5.921715693308298,1.569924462163219,1.0354881547845738,1635.5775887676032
1180,3659846.120821036,2705.492975714791,,,,1.508994786692207,1.268202541953529,5.921715693308298,1.5699243929678062,1.0354881547845738,1635.5776022496152
1181,3659846.0729975477,2705.4929580383496,,,,1.5089946983368887,1.268202541953529,5.921715693308298,1.5699244412330196,1.0354881547845738,1635.5775887676032
1182,3659846.072949418,2705.492958020561,,,,1.508994738476702,1.268202541953529,5.921715693308298,1.569924468377725,1.0354881547845738,1635.5775887676032
1183,2923039.6442552786,2417.866681293773,,,,1.4971653778592604,1.2556588708477907,5.867563278412615,1.5494493338090214,1.0292092690125265,1463.1967644554832
1184,2923039.674214119,2417.8666936843797,,,,1.4971653166806238,1.2556602045321046,5.8675643364922125,1.5494490016476048,1.0292088641683237,1463.1967801971364
1185,2923039.580340463,2417.8666548593887,,,,1.497165231518843,1.2556566764431834,5.867562794815499,1.5494491432184787,1.0292075985847842,1463.1967634211715
1186,2923039.641738703,2417.8666802529474,,,,1.4971654419250433,1.255659191951439,5.867563555516105,1.5494492236454502,1.02920933228211,1463.1967643386101
1187,2923039.6566287694,2417.866686411296,,,,1.4971655277711533,1.255659455685549,5.86756310184498,1.549449473981872,1.0292011106991885,1463.19675170737
1188,2923039.620995536,2417.866671673829,,,,1.4971654126307714,1.2556566954231307,5.86756268933142,1.5494492878161943,1.0292181499836988,1463.1967604308002
1189,2923039.641553544,2417.8666801763707,,,,1.4971653773871663,1.2556579695845578,5.867562934839097,1.5494493450990368,1.029205707662402,1463.1967644554832
1190,2923039.791816815,2417.8667423234115,,,,1.4971656179948594,1.2556567744003773,5.867564287993433,1.5494493527820954,1.0292092690125265,1463.1967653473666
1191,2923040.108184201,2417.866873169073,,,,1.4971653958518847,1.2556583724195496,5.867563260012928,1.5494482499680142,1.029217064100754,1463.196766153556
1192,2923039.6936069243,2417.8667017050097,,,,1.4971653731000205,1.2556576749719857,5.86756866196842,1.5494494969825254,1.0292092690125265,1463.1967644554832
1193,2923039.7338837567,2417.86671836301,,,,1.4971652905375543,1.2556557490201796,5.867561567652382,1.5494489748497917,1.0292054209631036,1463.1967642157083
1194,2923039.636366527,2417.866678031083,,,,1.4971653592913532,1.2556589377466472,5.867565685954679,1.5494492592958442,1.0292092690125265,1463.1967644554832
1195,2923039.630334482,2417.866675536302,,,,1.49716531772155,1.2556589795588837,5.86756308062305,1.5494492273574683,1.0292092690125265,1463.196763697751
1196,2923039.7812520536,2417.8667379539534,,,,1.4971650567786683,1.255659386579119,5.86756650239807,1.5494489106421465,1.0292180205179067,1463.196764662383
1197,2923039.6086380105,2417.8666665629075,,,,1.4971653992103129,1.2556592704107592,5.867562066793528,1.54944954066641,1.0292121307564406,1463.1967798538144
1198,2923039.708218893,2417.86670774834,,,,1.4971653967053904,1.2556588665288042,5.867563390551563,1.549449359279224,1.0292092690125265,1463.1967644554832
1199,2923039.8202414135,2417.8667540794763,,,,1.497165549881875,1.255658978525364,5.867561685829776,1.5494499833831659,1.029211472925942,1463.1967642128857
1200,2923039.5931836907,2417.8666601711902,,,,1.4971653796111746,1.2556588820283454,5.867563278412615,1.5494493142080186,1.0292092690125265,1463.1967644554832
1201,2923039.652303357,2417.8666846223596,,,,1.497165377687846,1.2556580767075238,5.867563278412615,1.549449347225844,1.0292092690125265,1463.1967644554832
1202,2923039.6492571565,2417.86668336249,,,,1.4971653464751455,1.255659332428094,5.867563278412615,1.5494491263360815,1.02922054044126,1463.1967644574056
1203,2923039.5849897573,2417.866656782279,,,,1.4971653225719466,1.2556587179702314,5.867563278412615,1.549449172881754,1.0292003606747637,1463.196763472647
1204,2923039.644354857,2417.866681334958,,,,1.497165377203247,1.255658872886988,5.867563278412615,1.5494493338010162,1.0292092690125265,1463.1967644554832
1205,2923039.687167122,2417.866699041585,,,,1.4971654332833668,1.2556588708477907,5.867563278412615,1.549449267960938,1.0292079020496052,1463.1967776103647
1206,2923039.64531533,2417.866681732198,,,,1.497165345467797,1.2556588708477907,5.867563278412615,1.549449313637074,1.0292092690125265,1463.1967644554832
1207,2923039.6449520523,2417.8666815819506,,,,1.4971653857440224,1.2556588708477907,5.867563278412615,1.549449340217467,1.0292092690125265,1463.1967644554832
1208,1714219.7702539815,1851.604585355081,,,,1.4760900871042424,1.2316590017462365,5.764897630764706,1.5150948073616548,1.0187683735131359,1009.6359517235269
1209,1714219.7804690253,1851.6045908719416,,,,1.476090039992668,1.2316605442458897,5.764898569800711,1.5150944895480383,1.0187657056864092,1009.6359662069885
1210,1714219.714697965,1851.604555350827,,,,1.4760899500902633,1.2316568194536595,5.764897155749351,1.5150946239288074,1.0187700832820579,1009.6359515863207
1211,1714219.7668020283,1851.6045834907773,,,,1.4760901630717655,1.2316592616704893,5.76489788947555,1.5150947207500982,1.018768352894344,1009.6359515071481
1212,1714219.7990301468,1851.6046008962844,,,,1.476090226066507,1.2316597492234256,5.764897323483486,1.5150949438371384,1.0187685495844596,1009.6359386053991
1213,1714219.7489838693,1851.6045738676878,,,,1.4760901251956964,1.2316569781836044,5.764897036313775,1.5150947713262832,1.0187685446117951,1009.6359472412416
1214,1714219.7655510441,1851.6045828151562,,,,1.4760900838003463,1.2316581389981058,5.764897235176836,1.5150948064324474,1.0187681204337162,1009.6359517235269
1215,1714219.8991123643,1851.6046549478979,,,,1.4760903139491413,1.2316568785176867,5.764898796879018,1.5150948039442982,1.0187703008209696,1009.6359484579364
1216,1714220.1997572077,1851.6048173177796,,,,1.4760901014410792,1.2316585150322377,5.764897579708028,1.5150937286101231,1.0187644250312327,1009.6359532593887
1217,1714219.8175384938,1851.604610892128,,,,1.4760900809389517,1.2316578323614529,5.764902621145181,1.5150949733948411,1.0187703710668314,1009.6359517235269
1218,1714219.8533251248,1851.6046302194882,,,,1.4760900166213968,1.2316562167588425,5.7648960360939165,1.5150944702919158,1.018775627649989,1009.6359517226331
1219,1714219.7620374523,1851.6045809175632,,,,1.4760900649885322,1.231659078544816,5.764899985414605,1.5150947382595827,1.0187798473187442,1009.6359517235269
1220,1714219.755270354,1851.6045772628424,,,,1.476090027037477,1.2316591100319205,5.764897444676721,1.5150947062208193,1.0187708238454862,1009.6359505671549
1221,1714219.9169152891,1851.6046645627612,,,,1.476089758551386,1.2316594656112299,5.764900577870148,1.515094379191105,1.018771627376466,1009.6359529741267
1222,1714219.7165569593,1851.6045563548157,,,,1.4760900979833083,1.2316593919543957,5.7648962640063255,1.5150950159894008,1.0187616985724102,1009.6359627844646
1223,1714219.8334382558,1851.6046194791454,,,,1.4760901065680214,1.2316589986553517,5.764897768023251,1.5150948333114809,1.0187683735131359,1009.6359517235269
1224,1714219.9345657867,1851.604674095303,,,,1.4760902396897329,1.2316590916547874,5.764896035329574,1.5150954249768906,1.0187671434250645,1009.6359512674015
1225,1714219.7176006276,1851.604556918472,,,,1.476090094313947,1.2316590131098675,5.764897630764706,1.5150948025474027,1.0187683730182955,1009.6359517235269
1226,1714219.7783592385,1851.604589732505,,,,1.4760900899850253,1.2316582259321793,5.764897630764706,1.5150948291913604,1.01876560077812,1009.6359517235269
1227,1714219.770851901,1851.6045856780017,,,,1.476090057886602,1.2316594544821764,5.764897630764706,1.5150946183956424,1.018776117348183,1009.6359518893064
1228,1714219.7378196707,1851.6045678382145,,,,1.4760900339105572,1.2316588516900722,5.764897630764706,1.5150946565421577,1.0187558477925045,1009.635950730771
1229,1714219.7703411244,1851.6045854021445,,,,1.4760900864144746,1.2316590038410629,5.764897630764706,1.5150948073445023,1.0187683735131359,1009.6359517235269
1230,1714219.8069455288,1851.6046051711633,,,,1.4760901430630444,1.2316590017462365,5.764897630764706,1.5150947507277222,1.0187719245979834,1009.6359645570296
1231,1714219.772088186,1851.6045863456832,,,,1.4760900556320211,1.2316590017462365,5.764897630764706,1.5150947886443389,1.0187683735131359,1009.6359517235269
1232,1714219.7710158844,1851.6045857665638,,,,1.4760900958226384,1.2316590017462365,5.764897630764706,1.5150948137510618,1.0187683735131359,1009.6359517235269
1233,1501882.3632287001,1733.1372497460775,,,,1.4475971353632229,1.193255258846356,5.584583620933355,1.4850285374593943,0.9979804611894216,673.884923130501
1234,1501882.3613108431,1733.1372486394976,,,,1.4475971031182426,1.193257388608321,5.584584430740435,1.485028242210301,0.9979699662195705,673.8849324214791
1235,1501882.3019304583,1733.1372143777062,,,,1.4475970162447307,1.1932531385045153,5.584583036070677,1.485028368444189,0.9979883136574419,673.8849197031946
1236,1501882.3570851684,1733.1372462013312,,,,1.4475972211008203,1.1932556156536571,5.584583851702418,1.4850284828611053,0.9979789112803377,673.8849230953056
1237,1501882.3897243692,1733.1372650337707,,,,1.447597258828477,1.193256358300642,5.584583183157678,1.4850286611411523,0.9979804611894216,673.8849076914671
1238,1501882.35190287,1733.137243211206,,,,1.4475971718060239,1.1932539949100263,5.584583079243196,1.4850285109006989,0.9979821594595075,673.884923130501
1239,1501882.3555437424,1733.1372453119468,,,,1.4475971275881043,1.1932550599376224,5.584583153729401,1.4850285164276802,0.9979804611894216,673.884923130501
1240,1501882.5005754095,1733.137328993527,,,,1.4475973386277843,1.193253845422202,5.584584980219351,1.4850285001590786,0.997980462537781,673.884923130501
1241,1501882.6974611208,1733.1374425942802,,,,1.4475971411568773,1.1932554105266364,5.584583523701358,1.4850274670086494,0.9979773988605548,673.8849206131287
1242,1501882.4073332706,1733.1372751939007,,,,1.4475971306937863,1.1932534713389482,5.584587979940014,1.485028711643729,0.9979804611894216,673.884923130501
1243,1501882.4270520196,1733.1372865713895,,,,1.4475970957333322,1.1932531424954738,5.58458222345598,1.4850282364109333,0.9980083355910789,673.8849233590821
1244,1501882.3544168572,1733.1372446617472,,,,1.447597108655671,1.1932553555529934,5.584585864758981,1.485028475755522,0.9979804611894216,673.884923130501
1245,1501882.3487346764,1733.1372413831953,,,,1.4475970753989427,1.1932553513009512,5.584583457022816,1.4850284456622953,0.9979804611894216,673.884923130501
1246,1501882.4681104308,1733.1373102616142,,,,1.4475967917049137,1.1932564119667417,5.58458607362499,1.485028098837288,0.9979894664514569,673.8849074189541
1247,1501882.3100187527,1733.1372190445575,,,,1.4475971288321552,1.193255190051954,5.584582087319584,1.4850287513419027,0.9979387067024537,673.8849232994314
1248,1501882.4246467594,1733.1372851835822,,,,1.447597154056052,1.193255252637804,5.584583791902159,1.4850285629703142,0.9979804611894216,673.884923130501
1249,1501882.5336754285,1733.1373480918514,,,,1.447597269066638,1.193255316404382,5.5845820303610765,1.4850291175313486,0.9979870521719099,673.8849290627884
1250,1501882.311285235,1733.1372197753033,,,,1.4475971519796778,1.1932558931525867,5.584583620933355,1.4850285551915203,0.997981873154475,673.8849232763241
1251,1501882.3710890654,1733.1372542814172,,,,1.4475971460314707,1.1932552317663825,5.584583620933355,1.4850285739389313,0.9979752232517141,673.884923130501
1252,1501882.3429458768,1733.1372380431262,,,,1.4475971096321083,1.1932552634866656,5.584583620933355,1.485028375779942,0.997981083029279,673.8849250241936
1253,1501882.293443928,1733.1372094810777,,,,1.447597084351741,1.1932552560118723,5.584583620933355,1.4850283988500501,0.9979805519107094,673.884901316386
1254,1501882.363293196,1733.1372497832908,,,,1.447597134595117,1.193255258846356,5.584583620933355,1.4850285374239038,0.9979804611894216,673.884923130501
1255,1501882.3520520132,1733.1372432972594,,,,1.4475971896766269,1.193255258846356,5.584583620933355,1.4850284916599368,0.9979804611894216,673.8849220772529
1256,1501882.3666850955,1733.1372517403777,,,,1.447597105735582,1.193255258846356,5.584583620933355,1.485028521543984,0.9979804611894216,673.884923130501
1257,1501882.3639967248,1733.137250189219,,,,1.4475971451012664,1.193255258846356,5.584583620933355,1.4850285432780372,0.9979804611894216,673.884923130501
1258,1540438.582369085,1755.2427651861067,,,,1.42046051791508,1.1709409757957887,5.424511282615091,1.4517075218594309,0.9808649349237396,935.6710739603134
1259,1540438.5917177063,1755.2427705122204,,,,1.4204604986869802,1.1709433573438632,5.424512054707054,1.451707246489862,0.98086654952233,935.6710884694629
1260,1540438.5321537324,1755.2427365773274,,,,1.4204604079058423,1.1709394464313454,5.42451067892095,1.4517073581958304,0.9808653556588053,935.6710739828077
1261,1540438.574162855,1755.2427605108392,,,,1.4204606076170196,1.1709410378100764,5.424511492061644,1.4517074866311075,0.9808652985217412,935.6710737118783
1262,1540438.6008226993,1755.2427756995326,,,,1.4204606284167822,1.1709425912260367,5.424510787234553,1.451707632429455,0.9808660745954816,935.6710604317211
1263,1540438.5584079013,1755.2427515349,,,,1.4204605584796695,1.1709400980069868,5.424510823387699,1.4517075060960185,0.9808639430917905,935.6710697582419
1264,1540438.5719417294,1755.2427592454153,,,,1.4204605048160368,1.1709412808411725,5.424510737559829,1.4517074807098398,0.9808647726321248,935.6710739603134
1265,1540438.683752016,1755.2428229461666,,,,1.4204606956152044,1.170938877374263,5.42451264723763,1.4517074523799027,0.9808638175303049,935.671070298746
1266,1540438.8992565055,1755.242945723757,,,,1.4204605222966005,1.170941135086085,5.424511148849108,1.451706461018247,0.9808655686195596,935.6710753562445
1267,1540438.624105785,1755.2427889644123,,,,1.42046051630744,1.170939883246688,5.424515467432793,1.451707701846752,0.9808643660637671,935.6710739603134
1268,1540438.6433646348,1755.2427999365989,,,,1.42046050536784,1.1709399168764258,5.424509970963354,1.4517072497652375,0.980867241902328,935.6710739708575
1269,1540438.5729092741,1755.2427597966469,,,,1.420460489513853,1.170941112759651,5.424513472004326,1.4517074742597627,0.9808647586411793,935.6710739603134
1270,1540438.5644501294,1755.2427549772879,,,,1.4204604604835815,1.1709410402221785,5.424511140072319,1.4517074405594206,0.9808638175303049,935.6710726730739
1271,1540438.7139509348,1755.2428401511495,,,,1.4204601680729358,1.1709412907328909,5.424513446086327,1.451707080855191,0.9808677566357323,935.6710753104047
1272,1540438.54572225,1755.2427443076076,,,,1.4204605063514844,1.1709409246964115,5.4245097896492105,1.4517077506081393,0.9808644325142054,935.6710847979421
1273,1540438.6417421424,1755.2427990122292,,,,1.420460536160213,1.1709409519738738,5.424511481714255,1.4517075474509542,0.9808649349237396,935.6710739603134
1274,1540438.7262407506,1755.2428471529229,,,,1.4204606313620078,1.1709410613027296,5.424509676565028,1.451708064748485,0.9808668458799125,935.6710735011743
1275,1540438.5290419445,1755.2427348044737,,,,1.4204605410702704,1.1709409837304245,5.424511282615091,1.4517075526772074,0.9808638175303049,935.6710739603134
1276,1540438.5906226311,1755.2427698883316,,,,1.4204605325427417,1.1709409374436075,5.424511282615091,1.4517075686117504,0.980864480793266,935.6710739603134
1277,1540438.5809935094,1755.2427644024099,,,,1.420460491710172,1.1709409715408419,5.424511282615091,1.45170737708907,0.9808644677401062,935.671074203914
1278,1540438.5603281502,1755.2427526289057,,,,1.4204604679912747,1.1709409757957887,5.424511282615091,1.451707392506259,0.980866051424757,935.671073033946
1279,1540438.582411849,1755.2427652104702,,,,1.4204605170627285,1.1709409757957887,5.424511282615091,1.4517075218058741,0.9808649349237396,935.6710739603134
1280,1540438.6125960716,1755.2427824070778,,,,1.420460574214962,1.1709409757957887,5.424511282615091,1.4517074982215306,0.980867329535313,935.6710872781991
1281,1540438.585599467,1755.2427670265251,,,,1.4204604901080018,1.1709409757957887,5.424511282615091,1.4517075080729132,0.9808649349237396,935.6710739603134
1282,1540438.5830584564,1755.2427655788567,,,,1.4204605285876706,1.1709409757957887,5.424511282615091,1.4517075276228617,0.9808649349237396,935.6710739603134
1283,1384606.3501577144,1664.0951596334357,,,,1.3977736052828538,1.1540934652419386,5.277729665107703,1.428089350927,0.9654993384478086,672.1559521255547
1284,1384606.3412009259,1664.0951542510581,,,,1.397773595449053,1.154096072567325,5.277730471520024,1.4280890890138642,0.9654993444016984,672.1559537758493
1285,1384606.2967393603,1664.0951275328944,,,,1.3977735027292923,1.1540920303564026,5.2777291338452885,1.4280891918192096,0.9655105571904098,672.1559522472593
1286,1384606.337746374,1664.095152175123,,,,1.397773702215068,1.1540934477970572,5.277729856159045,1.428089334773578,0.9655011927485884,672.1559505379452
1287,1384606.3694699747,1664.0951712386973,,,,1.397773696591595,1.154095267251293,5.277729067308456,1.42808944726429,0.9654996416021969,672.1559527808762
1288,1384606.333131484,1664.0951494019105,,,,1.397773647638888,1.1540929576432692,5.277729323644032,1.428089343300729,0.9654993384478086,672.1559522404148
1289,1384606.3378957957,1664.0951522649143,,,,1.3977735887049374,1.1540938761283959,5.277729025596418,1.4280892914673127,0.9655155075712618,672.1559521255547
1290,1384606.4620724656,1664.095226886049,,,,1.3977737631941654,1.154091311509232,5.277730826533516,1.4280892592857564,0.9654993384478086,672.1559648021303
1291,1384606.5735042044,1664.0952938484045,,,,1.3977736095426876,1.1540936340541514,5.277729495242938,1.4280882998292437,0.9655023647526804,672.1559224709754
1292,1384606.3902118742,1664.0951837030689,,,,1.3977736109114023,1.154092414700441,5.277733848748903,1.4280895347029166,0.965498137798197,672.1559521255547
1293,1384606.3917882263,1664.0951846503401,,,,1.3977736122722706,1.1540930997463672,5.277728429295602,1.428089098783858,0.9655646477828355,672.1559437162528
1294,1384606.3398308181,1664.0951534277235,,,,1.39777357872429,1.15409362476101,5.277731875542481,1.4280893214982644,0.9655003356932411,672.1559521255547
1295,1384606.3325713172,1664.0951490652915,,,,1.3977735507710896,1.154093529424246,5.277729544055542,1.428089279177007,0.9654993384478086,672.1559509090932
1296,1384606.4414449127,1664.0952144903927,,,,1.3977732668466099,1.1540935463445225,5.277731703802547,1.4280889175184468,0.9655040862145619,672.1559452874701
1297,1384606.3227991164,1664.0951431929095,,,,1.397773592283108,1.1540934136499872,5.277728497657968,1.4280895969125456,0.9655037687750457,672.1559682343582
1298,1384606.4074531065,1664.0951940637933,,,,1.3977736223930577,1.1540934428694611,5.2777298862239395,1.4280893760068936,0.965502863846455,672.1559521255547
1299,1384606.4963887264,1664.095247507621,,,,1.397773704514748,1.1540935599591318,5.277728006716165,1.4280898624913445,0.9655180475241862,672.1559538471505
1300,1384606.2984349537,1664.0951285518229,,,,1.3977736348836247,1.1540934735684227,5.277729665107703,1.428089392466532,0.9654993384478086,672.1559521255547
1301,1384606.358648477,1664.0951647357654,,,,1.3977736246689914,1.1540934275313348,5.277729665107703,1.4280894074514239,0.9654992964201687,672.1559521255547
1302,1384606.320236051,1664.0951416526948,,,,1.3977735785048206,1.154093460984193,5.277729665107703,1.4280892227512543,0.965498137798197,672.155929747904
1303,1384606.2895752634,1664.0951232277941,,,,1.397773554082841,1.1540934652419386,5.277729665107703,1.428089227260548,0.9654991471355879,672.1559528932867
1304,1384606.3501804443,1664.0951596470948,,,,1.3977736043460205,1.1540934652419386,5.277729665107703,1.428089350855634,0.9654993384478086,672.1559521255547
1305,1384606.3368846453,1664.095151657288,,,,1.3977736620716128,1.1540934652419386,5.277729665107703,1.4280893452116339,0.9654993334265075,672.1559472776362
1306,1384606.3531554104,1664.0951614348328,,,,1.3977735793717774,1.1540934652419386,5.277729665107703,1.428089339296479,0.9654993384478086,672.1559521255547
1307,1384606.3507119478,1664.0951599664893,,,,1.3977736164148065,1.1540934652419386,5.277729665107703,1.4280893561803476,0.9654993384478086,672.1559521255547
1308,731770.8010387303,1209.7692350516527,,,,1.3684597627714734,1.1366869599036797,5.126099860488944,1.3819205690385699,0.9492589278317758,368.3805702912522
1309,731770.7879677982,1209.769224247169,,,,1.3684597593378878,1.136688538880966,5.126100544008594,1.3819203156198114,0.9492585258480256,368.38057853964386
1310,731770.7609532638,1209.7692019168485,,,,1.3684596692907671,1.136686691530096,5.1260993953511,1.3819204158808185,0.9492588771098871,368.3805801013996
1311,731770.7868283605,1209.7692233053053,,,,1.3684598604668199,1.1366868982808995,5.126100037336826,1.3819205724882941,0.9492582204781309,368.3805696830473
1312,731770.8360191742,1209.7692639666247,,,,1.3684598437414197,1.1366869386659537,5.126099175081106,1.3819206548539853,0.9492594570232287,368.3805762818746
1313,731770.7809467337,1209.769218443529,,,,1.368459807449389,1.1366840094867685,5.126099843071699,1.3819205737145812,0.9492580347952978,368.3805702912522
1314,731770.7872740878,1209.769223673745,,,,1.3684597324207681,1.1366863494649637,5.126098978147924,1.3819204786362291,0.9492607359514948,368.3805702912522
1315,731770.8827035606,1209.7693025561205,,,,1.3684599010912957,1.1366879062129773,5.126100560965029,1.3819204565954095,0.9492536557644196,368.3805702912522
1316,731771.0307239323,1209.7694249103276,,,,1.3684597732206958,1.1366868721296346,5.126099667976435,1.3819195437695706,0.9492609726364951,368.38057210835944
1317,731770.8397581105,1209.7692670572442,,,,1.3684597669017549,1.136687180545889,5.126103361734081,1.3819207543630991,0.9492589312040115,368.3805702912522
1318,731770.8440541674,1209.7692706083812,,,,1.368459791812025,1.1366887247891806,5.126098965736488,1.3819203409810006,0.9492641249537647,368.3805716127463
1319,731770.7894807793,1209.769225497805,,,,1.3684597348945826,1.136687017083673,5.1261020645558215,1.3819205552818015,0.9492579776978411,368.3805702912522
1320,731770.7833909375,1209.769220463918,,,,1.3684597117157815,1.136687067000311,5.126099768106298,1.3819205078031018,0.949259268324447,368.3805702912522
1321,731770.9190841055,1209.7693326284195,,,,1.3684594323803216,1.1366870019635078,5.126101773106966,1.3819201459986463,0.949255412630028,368.3805899069266
1322,731770.7578198296,1209.7691993267392,,,,1.3684597514489698,1.136687979934707,5.126099423613206,1.3819208381513948,0.9492621105095779,368.3805668520532
1323,731770.8558884185,1209.7692803906195,,,,1.3684597779430034,1.1366867561454121,5.126100102778695,1.3819205938941614,0.9492610151012132,368.3805702912522
1324,731770.9230482659,1209.7693359052098,,,,1.3684598458843407,1.1366867700309737,5.126098186262216,1.3819210471162473,0.9492603301629812,368.3805654680581
1325,731770.7465267471,1209.7691899918325,,,,1.3684597996284769,1.1366869541874705,5.126099860488944,1.3819206225490175,0.9492593133698877,368.3805672126264
1326,731770.8095839316,1209.7692421151498,,,,1.3684597823174898,1.136686970958646,5.126099860488944,1.3819206289379566,0.9492588376269712,368.3805702912522
1327,731770.7989484093,1209.7692333237846,,,,1.3684597372989915,1.1366868487182384,5.126099860488944,1.3819204585047238,0.9492568728431043,368.38056656190906
1328,731770.7949859397,1209.769230048392,,,,1.3684597083313523,1.136686954332189,5.126099860488944,1.381920448366474,0.9492602881980614,368.38059419392994
1329,731770.8010408435,1209.7692350533996,,,,1.3684597617409682,1.1366869671466224,5.126099860488944,1.3819205689472196,0.9492589278317758,368.3805702912522
1330,731770.8095367566,1209.7692420761546,,,,1.368459819154525,1.136686958873252,5.126099860488944,1.381920581252456,0.9492601031159937,368.3805815247946
1331,731770.8038005095,1209.7692373345503,,,,1.3684597394731168,1.1366869609881176,5.126099860488944,1.381920561572477,0.9492593562602278,368.3805702912522
1332,731770.8013764403,1209.7692353308048,,,,1.368459773976365,1.1366876658118432,5.126099860488944,1.3819205732594186,0.9492604041643066,368.3805702912522
1333,1.784128553037313e+24,1888983087821.2292,,,,6575410.779099937,1.1108858802525488,828501355.9104241,23590476.03430311,0.9324286467815915,944491834681.0936
1334,797945.8754008138,1263.2860922220384,,,,1.3606601350430312,1.1317878788725424,5.080281204981957,1.3744324127623895,0.9453796298577712,456.5891189568421
1335,797945.8390933579,1263.2860634815518,,,,1.3606601334175457,1.1317880202721284,5.080281972679,1.3744321594942839,0.9453778426873228,456.589100580024
1336,797945.836915039,1263.2860617572242,,,,1.3606600483569515,1.1317881827010674,5.080280766982622,1.3744322640425404,0.9453792123101122,456.58912699025
1337,797945.8575498742,1263.2860780914787,,,,1.3606602309363969,1.131787761116688,5.080281365273417,1.3744324231440872,0.945379650548969,456.5891148914509
1338,797945.9106270914,1263.2861201066773,,,,1.360660218019144,1.1317875880240518,5.080280536057865,1.3744325006636156,0.9453800852488364,456.5891222252737
1339,797945.8517318589,1263.2860734860174,,,,1.3606601775901983,1.1317877770376428,5.080281236004458,1.3744324203973828,0.9453780526311565,456.58911243723287
1340,797945.8613643164,1263.286081110939,,,,1.3606601028589151,1.1317889232649747,5.080280340608516,1.3744323148935138,0.9453796393624478,456.5891189568421
1341,797945.9547130247,1263.2861550044988,,,,1.3606602704988626,1.1317880855355695,5.080281731313755,1.3744322969041136,0.9453740665496868,456.58912125979697
1342,797946.0027659686,1263.2861930425495,,,,1.3606601472043,1.1317882194223396,5.080280970882587,1.3744313939983273,0.9453775900696012,456.5890376677705
1343,797945.914087715,1263.2861228460604,,,,1.3606601441033406,1.1317878315863306,5.080285054236122,1.3744326006187122,0.9453786366449982,456.5891189568421
1344,797945.9065836206,1263.286116905921,,,,1.3606601734852495,1.1317878448635303,5.080280248699406,1.3744321954290857,0.9453793153632312,456.58910576448716
1345,797945.863373508,1263.2860827013876,,,,1.3606601079858656,1.1317878768428553,5.0802835201697265,1.3744324049575114,0.9453796298577712,456.5891189568421
1346,797945.8559955317,1263.2860768610822,,,,1.3606600851059334,1.1317878890470308,5.080281128218697,1.3744323557230922,0.9453787780820692,456.5891145398276
1347,797945.9848637888,1263.2861788714283,,,,1.3606598106328507,1.1317877361656201,5.080283149073902,1.3744319940891347,0.9453780740287349,456.5891183524013
1348,797945.871501856,1263.2860891356765,,,,1.3606601226383863,1.1317880996990515,5.080281025748985,1.3744326866528664,0.9453792663655879,456.58916446560795
1349,797945.9293861068,1263.2861349560576,,,,1.3606601493419037,1.1317878929949337,5.080281456616664,1.374432437905218,0.9453796298577712,456.5891189568421
1350,797945.9955692097,1263.2861873456932,,,,1.3606602111489532,1.1317876920708796,5.0802794370549895,1.3744328778320183,0.9453800015897279,456.58911952253885
1351,797945.8235927069,1263.2860512114485,,,,1.36066017339746,1.1317878865199194,5.080281204981957,1.3744324691764078,0.9453765679213438,456.5891189568421
1352,797945.8838841527,1263.2860989373332,,,,1.3606601544847785,1.1317878786809672,5.080281204981957,1.3744324734579778,0.9453780661959086,456.5891189568421
1353,797945.8284080323,1263.2860550231944,,,,1.3606601103055196,1.1317877676229076,5.080281204981957,1.3744323087769668,0.9453811127646267,456.5890771194208
1354,797945.8548420374,1263.286075947992,,,,1.3606600794922836,1.131787873242217,5.080281204981957,1.3744322937701938,0.9453814233895378,456.5891198575323
1355,797945.8753958205,1263.286092218086,,,,1.3606601339812285,1.1317878861317545,5.080281204981957,1.3744324126642786,0.9453796298577712,456.5891189568421
1356,797945.9054470198,1263.2861160062039,,,,1.3606601915657792,1.1317878778146686,5.080281204981957,1.3744324321494492,0.9453820646912886,456.58914845965955
1357,797945.8780611864,1263.286094327953,,,,1.3606601125825255,1.1317878798861267,5.080281204981957,1.3744324060581625,0.9453796298577712,456.5891189568421
1358,797945.8756532139,1263.2860924218348,,,,1.3606601461962482,1.131788581525222,5.080281204981957,1.3744324164107031,0.9453796298577712,456.5891189568421
1359,1898393581505.5684,1948534.6194027788,,,,8.574442838141595,1.1286658700545238,779.6650756360638,29.160696049633003,0.9423482223680525,1113128.9477025901
1360,5206901.86645784,3227.0425675710685,,,,1.3705720207691423,1.130994067841041,5.073425549884885,1.4143500280423424,0.9446323335005908,2146.6504162074593
1361,650140.5750118475,1140.298710875223,,,,1.3590591475476528,1.131588519921788,5.078561171974134,1.3691866551840142,0.9451583135366044,270.5912863165231
1362,650140.5447535667,1140.2986843398241,,,,1.3590591459962462,1.1315886610263557,5.078561941327679,1.3691864019711861,0.9451547370116818,270.59127101720634
1363,650140.5297950733,1140.2986712217755,,,,1.3590590610966466,1.1315888235741225,5.078560734771414,1.3691865064236017,0.9451647580289467,270.59128378766144
1364,650140.5586691546,1140.2986965432829,,,,1.359059243321158,1.1315884019377431,5.078561331774682,1.3691866657376885,0.9451381252969733,270.59128334214085
1365,650140.6084843056,1140.2987402293363,,,,1.3590592305762392,1.1315882292291983,5.07856050237701,1.3691867431162568,0.9451583131178798,270.59128726662516
1366,650140.5568265447,1140.2986949273816,,,,1.3590591900692093,1.131588418149157,5.0785612041054184,1.3691866631124772,0.9451431926548368,270.59128865057056
1367,650140.5609642001,1140.2986985559528,,,,1.3590591153221199,1.1315895648038206,5.078560307329881,1.3691865570660107,0.9451642419938817,270.5912863165231
1368,650140.6485012191,1140.298775322695,,,,1.359059282875744,1.1315887266676796,5.078561694841097,1.3691865388622637,0.9451636116008126,270.59127574305995
1369,650140.7226132308,1140.2988403161958,,,,1.3590591595975838,1.1315888601145032,5.078560936731385,1.3691856360342607,0.9451595892082142,270.5911783981277
1370,650140.6136942114,1140.2987447982318,,,,1.35905915672953,1.131588472599399,5.078565027343395,1.3691868431289955,0.9451583135366044,270.5912863165231
1371,650140.6167750682,1140.2987475000298,,,,1.3590591865403343,1.1315884854961231,5.078560214952373,1.3691864387632644,0.9451462717395331,270.5912901075782
1372,650140.5629686828,1140.2987003138107,,,,1.3590591205073337,1.1315885178904135,5.0785634893442095,1.369186647601413,0.9451583135366044,270.5912863165231
1373,650140.5587328336,1140.2986965991267,,,,1.3590590976319454,1.1315885300807569,5.078561095696348,1.369186598358676,0.9451583135366044,270.5912865334882
1374,650140.6942929805,1140.298815480381,,,,1.3590588234439678,1.1315883774949977,5.078563115333592,1.369186237364179,0.9451391071834552,270.59131091033703
1375,650140.5368894696,1140.2986774433,,,,1.3590591345862932,1.1315887407393574,5.0785609982170445,1.3691869278521513,0.9451642943517825,270.5912888009842
1376,650140.6289642712,1140.2987581895115,,,,1.3590591618042744,1.1315885340490885,5.078561423889187,1.3691866803401949,0.9451583135366044,270.5912863165231
1377,650140.6940761834,1140.2988152902585,,,,1.359059223497033,1.131588333096497,5.078559401900868,1.369187119749952,0.9450927938043571,270.59128416956383
1378,650140.5232705515,1140.2986655000095,,,,1.3590591859640893,1.1315885275679032,5.078561171974134,1.3691867117079075,0.9451774525129302,270.5912863165231
1379,650140.5834929582,1140.2987183128448,,,,1.3590591669917425,1.1315885197306754,5.078561171974134,1.3691867159127662,0.9451583135366044,270.5912863165231
1380,650140.5431652488,1140.2986829469276,,,,1.3590591228268538,1.1315884088457246,5.078561171974134,1.3691865512976034,0.9451582773920854,270.59123533864545
1381,650140.5537463529,1140.2986922261666,,,,1.3590590919672214,1.1315885142874202,5.078561171974134,1.369186536280978,0.9451611256107404,270.5912878510928
1382,650140.575006583,1140.298710870606,,,,1.359059146484707,1.1315885271818478,5.078561171974134,1.3691866550856577,0.9451583135366044,270.5912863165231
1383,650140.6055569873,1140.298737662186,,,,1.359059204277805,1.1315885188627097,5.078561171974134,1.369186675558551,0.9451932046985803,270.591340085856
1384,650140.5776685387,1140.2987132050432,,,,1.359059125116502,1.1315885209327092,5.078561171974134,1.3691866485024289,0.9451583135366044,270.5912863165231
1385,650140.5752610415,1140.298711093757,,,,1.3590591586972598,1.1315892223470314,5.078561171974134,1.3691866588055965,0.9451583135366044,270.5912863165231
1386,642818.4730313935,1133.8593149340822,,,,1.3573173398272789,1.1306256244046011,5.070234655066644,1.3665613739454594,0.9442155715118629,269.794362281313
1387,642818.4418088932,1133.859287397597,,,,1.3573173385306336,1.1306257641505444,5.070235431662358,1.3665611206781363,0.9442178588007042,269.7943468557637
1388,642818.427344061,1133.8592746404302,,,,1.35731725466232,1.130625927165615,5.070234221621706,1.3665612256345199,0.9442156602072093,269.79435983736136
1389,642818.4564934026,1133.8593003485066,,,,1.3573174351791883,1.130625505284637,5.070234812561611,1.3665613856496064,0.9442160509260097,269.7943592871124
1390,642818.5051861939,1133.8593432928035,,,,1.3573174231876481,1.1306253344851664,5.070233981250886,1.3665614622120807,0.9442254589974167,269.7943632737759
1391,642818.4547746651,1133.8592988326768,,,,1.3573173820049567,1.1306255229265,5.070234691938096,1.3665613826765906,0.9442156126451803,269.7943645487235
1392,642818.4589342595,1133.8593025012046,,,,1.3573173073404192,1.1306266716530413,5.07023378844164,1.3665612745901357,0.9442037267377079,269.794362281313
1393,642818.5458460206,1133.8593791524772,,,,1.3573174751550214,1.1306258315498017,5.0702351630619695,1.3665612574371757,0.9442144017399837,269.79435173393523
1394,642818.618281301,1133.859443036306,,,,1.3573173520680648,1.130625962876402,5.070234414525345,1.366560355973828,0.9442134789463857,269.79425435623756
1395,642818.5116910556,1133.8593490297246,,,,1.3573173495322695,1.130625576905687,5.070238535482128,1.366561562306922,0.9442240064156466,269.794362281313
1396,642818.5142640949,1133.8593512990003,,,,1.357317380815118,1.1306255878847211,5.07023369553833,1.3665611597485323,0.9442154828922525,269.7943659728638
1397,642818.4609145831,1133.8593042477387,,,,1.3573173128802716,1.1306256223651916,5.070236981779563,1.3665613674600838,0.9442398593724944,269.794362281313
1398,642818.4567893232,1133.8593006094916,,,,1.3573172899024228,1.1306256344897176,5.0702345810961225,1.366561317772753,0.9442138697969786,269.79436246200237
1399,642818.589962159,1133.8594180604216,,,,1.3573170162910948,1.1306254834324967,5.070236593627162,1.3665609568236863,0.944214144859579,269.79438678943495
1400,642818.4353760048,1133.8592817241517,,,,1.3573173253805348,1.1306258451559899,5.070234505261359,1.3665616456530334,0.9442076271128834,269.79436507180435
1401,642818.5268237713,1133.8593623759264,,,,1.3573173538782264,1.1306256385481017,5.070234908299299,1.3665613991670122,0.9442122049738575,269.794362281313
1402,642818.5919977757,1133.8594198557205,,,,1.3573174149899898,1.1306254374927058,5.070232875438484,1.3665618361603866,0.9442155715118629,269.7943601424381
1403,642818.4215816525,1133.8592695583102,,,,1.3573173785267763,1.130625632044635,5.070234655066644,1.3665614309938943,0.9442332767257955,269.794362281313
1404,642818.4815022494,1133.8593224049,,,,1.3573173593327168,1.1306256242157509,5.070234655066644,1.366561434871774,0.9442155715118629,269.794362281313
1405,642818.441943232,1133.8592875160762,,,,1.3573173154696603,1.1306255141665267,5.070234655066644,1.3665612715706223,0.9442155715118629,269.79431131533795
1406,642818.4485076102,1133.8592933054879,,,,1.3573172840785885,1.1306256187506425,5.070234655066644,1.3665612553591102,0.9442155715118629,269.79436382202965
1407,642818.47302485,1133.8593149283113,,,,1.3573173387588848,1.1306256316694312,5.070234655066644,1.3665613738459432,0.9442155715118629,269.794362281313
1408,642818.5019510383,1133.8593404395785,,,,1.3573173967477161,1.1306256233396432,5.070234655066644,1.3665613960463074,0.9442155715118629,269.79441612314156
1409,642818.4756704299,1133.8593172615638,,,,1.3573173175399276,1.1306256254027132,5.070234655066644,1.3665613673716563,0.9442155715118629,269.794362281313
1410,642818.4732651719,1133.8593151402617,,,,1.3573173509586387,1.1306263256802742,5.070234655066644,1.3665613774367993,0.9442155715118629,269.794362281313
1411,638314.3683095259,1129.8799655799955,,,,1.353757607318972,1.1283372111094787,5.050351579409267,1.3624163549255577,0.9420777550667161,267.8736781286824
1412,638314.3370123766,1129.8799378804606,,,,1.3537576070720976,1.1283373481941739,5.050352371120987,1.3624161015023197,0.9420863173630576,267.87366257454727
1413,638314.322818955,1129.8799253185757,,,,1.3537575249824507,1.1283375116064898,5.050351154643278,1.3624162077855737,0.9420718819229391,267.87367573504736
1414,638314.35127475,1129.879950503371,,,,1.3537577016933358,1.1283370890710422,5.050351731647539,1.362416368821344,0.9420726387942893,267.8736751178386
1415,638314.399319915,1129.8799930257328,,,,1.3537576915360559,1.1283369231083635,5.0503508913616715,1.3624164442564612,0.9420886841359393,267.8736791523297
1416,638314.3498842036,1129.879949272668,,,,1.353757648109169,1.1283371102918167,5.0503516245086715,1.3624163650258623,0.9420815716749903,267.87368035661325
1417,638314.3541152705,1129.8799530173728,,,,1.3537575739063423,1.128338263884805,5.050350704975803,1.36241625243555,0.9420888369089959,267.8736781286824
1418,638314.4394785874,1129.8800285681552,,,,1.3537577433943608,1.1283374191895954,5.05035206038459,1.3624162382302847,0.9420724035477034,267.8736675703039
1419,638314.508590602,1129.8800897357223,,,,1.353757618688078,1.1283375456788214,5.050351327104291,1.3624153383385402,0.9420820622485334,267.87357021056494
1420,638314.4069101556,1129.879999743473,,,,1.3537576184640077,1.128337163179133,5.050355502706519,1.3624165444663119,0.9420777880045141,267.8736781286824
1421,638314.4084381462,1129.880001095821,,,,1.3537576520757528,1.1283371688567798,5.050350617666732,1.362416145200765,0.9420935918228079,267.8736817652464
1422,638314.3560236124,1129.8799547063502,,,,1.353757580640899,1.1283372090511476,5.050353923282633,1.3624163511621261,0.9420977016960328,267.8736781286824
1423,638314.3521520969,1129.8799512798669,,,,1.3537575572427152,1.1283372210213263,5.050351510809134,1.3624163000947498,0.9420780839629588,267.8736782880813
1424,638314.4829209608,1129.8800670168146,,,,1.353757285731816,1.1283370746305394,5.050353500865486,1.3624159406084964,0.942076441512966,267.8737026465211
1425,638314.3313100162,1129.8799328335876,,,,1.3537575879868577,1.1283374313164671,5.0503514752433585,1.3624166233422472,0.9420777550667161,267.87368107709915
1426,638314.4217146924,1129.8800128462246,,,,1.3537576211290006,1.1283372252602888,5.05035183561235,1.3624163804954545,0.9420777550667161,267.8736781286824
1427,638314.485944381,1129.8800696926917,,,,1.353757680247581,1.128337024176496,5.050349780393953,1.3624168112154658,0.9420777550667161,267.873675981662
1428,638314.3171004083,1129.8799202573769,,,,1.3537576465084493,1.128337218735047,5.050351579409267,1.3624164131810355,0.9420777550667161,267.8736781286824
1429,638314.3767578508,1129.8799730571834,,,,1.3537576269297982,1.1283372109261687,5.050351579409267,1.3624164163040429,0.9420777550667161,267.8736781286824
1430,638314.3381096948,1129.8799388516413,,,,1.353757583707166,1.1283371027732336,5.050351579409267,1.3624162554107888,0.9420777550667161,267.8736271762906
1431,638314.3423756057,1129.8799426271853,,,,1.3537575510156388,1.1283372054214942,5.050351579409267,1.3624162365089627,0.9420777550667161,267.87367968427446
1432,638314.3682999777,1129.8799655715447,,,,1.353757606237909,1.1283372183895988,5.050351579409267,1.362416354823364,0.9420777550667161,267.8736781286824
1433,638314.3958194965,1129.879989927688,,,,1.3537576643395424,1.1283372100313889,5.050351579409267,1.3624163802110643,0.9420777550667161,267.87373216531927
1434,638314.3709069967,1129.8799678788864,,,,1.3537575854194206,1.1283372120772537,5.050351579409267,1.3624163486542593,0.9420777550667161,267.8736781286824
1435,638314.3685060531,1129.8799657539319,,,,1.353757618400743,1.1283379092610282,5.050351579409267,1.3624163581024304,0.9420777550667161,267.8736781286824
1436,632407.4578081293,1124.6399048656679,,,,1.3470690572237891,1.1238564791790526,5.010782409964351,1.355356123746005,0.938118700090207,264.24966967599437
1437,632407.4274340251,1124.639877857819,,,,1.3470690603697597,1.1238566122079203,5.0107832318389525,1.3553558736014,0.9381182262123442,264.24965396712497
1438,632407.4129014054,1124.6398649357984,,,,1.3470689789808292,1.123856776676365,5.0107820029995125,1.355355978551158,0.9381212280038816,264.24966730183235
1439,632407.4397597152,1124.639888817496,,,,1.3470691492226798,1.1238563519264364,5.010782552305709,1.3553561420522364,0.9381187004488697,264.2496666489194
1440,632407.4868756629,1124.6399307117485,,,,1.3470691429467214,1.1238561951929462,5.0107816843323185,1.3553562131218078,0.9381177999785336,264.2496707235633
1441,632407.4390369316,1124.6398881748164,,,,1.3470690943015822,1.123856379554725,5.010782461973456,1.3553561354911934,0.9381264118369099,264.2496718887258
1442,632407.4435049511,1124.639892147661,,,,1.3470690215394059,1.1238575422054826,5.010781511400964,1.3553560150932784,0.938118700090207,264.24966967599437
1443,632407.5258358824,1124.6399653541416,,,,1.3470691918548854,1.1238566890764408,5.010782861284002,1.3553560057442893,0.9381217106975427,264.24965906126266
1444,632407.5885078817,1124.6400210804184,,,,1.3470690678697117,1.1238568078321076,5.010782136444026,1.355355110592805,0.9381071407172286,264.24956178818724
1445,632407.4962692497,1124.6399390642764,,,,1.3470690718905614,1.1238564303584502,5.010786395001525,1.35535631534462,0.9381291420684722,264.24966967599437
1446,632407.4959108962,1124.6399387456381,,,,1.3470691089895148,1.1238564254201027,5.010781447058027,1.3553559218723032,0.9381122778739925,264.2496732996679
1447,632407.445197767,1124.6398936528678,,,,1.3470690310037816,1.12385647708324,5.010784773880082,1.3553561255955588,0.9381166223163433,264.24966967599437
1448,632407.4418387407,1124.6398906661107,,,,1.3470690064436868,1.1238564887583498,5.010782351805334,1.3553560709855637,0.9381226065470308,264.24966982749794
1449,632407.5683107027,1124.640003121624,,,,1.3470687424945276,1.1238563531264663,5.010784281963856,1.3553557176149638,0.9381362783009529,264.2496943160388
1450,632407.4221639013,1124.6398731717643,,,,1.3470690333189046,1.1238566978003477,5.0107823620089125,1.3553563935244386,0.9381287214709415,264.249672637924
1451,632407.5104195827,1124.6399516463773,,,,1.3470690697933743,1.1238564932185664,5.010782671558301,1.3553561496864925,0.938118700090207,264.24966967599437
1452,632407.5727791701,1124.640007094866,,,,1.3470691249987852,1.1238562911827952,5.010780581499209,1.355356568632926,0.9381241120034088,264.2496674998386
1453,632407.4070232778,1124.639859709123,,,,1.3470690977781117,1.1238564867761383,5.010782409964351,1.3553561847817144,0.9381182194360266,264.24966967599437
1454,632407.466217949,1124.6399123434564,,,,1.3470690767282496,1.1238564790074737,5.010782409964351,1.3553561857211678,0.9381171742125637,264.24966967599437
1455,632407.4291128363,1124.6398793505737,,,,1.3470690351755594,1.1238563736960443,5.010782409964351,1.3553560299580645,0.9381228491760615,264.24961874389896
1456,632407.430207754,1124.6398803241452,,,,1.347068999666404,1.1238564735513683,5.010782409964351,1.3553560050977056,0.9381225884360552,264.2496712602875
1457,632407.4577928486,1124.6399048520807,,,,1.3470690561189989,1.123856486504015,5.010782409964351,1.355356123638921,0.938118700090207,264.24966967599437
1458,632407.4828762857,1124.6399271556081,,,,1.347069113935356,1.1238564780859936,5.010782409964351,1.3553561539060843,0.938118700090207,264.249724088701
1459,632407.4603258113,1124.639907104324,,,,1.347069036149406,1.123856480087122,5.010782409964351,1.3553561182051828,0.938118700090207,264.24966967599437
1460,632407.4579259288,1124.639904970412,,,,1.3470690682399036,1.1238571731942728,5.010782409964351,1.3553561264614116,0.938118700090207,264.24966967599437
1461,710346.593942691,1191.928348469564,,,,1.3373913793241525,1.109994345444937,4.944240515050676,1.3486834521745596,0.9312274894955248,296.0996698630179
1462,710346.5683177448,1191.9283269708333,,,,1.3373913894290814,1.1099943103882173,4.944241398341221,1.34868321009912,0.9312269593661008,296.09967804405215
1463,710346.555508036,1191.928316223787,,,,1.3373913072342711,1.109994384411956,4.944240162159722,1.3486833105942144,0.9312277916538344,296.09967926527065
1464,710346.5740425335,1191.9283317737973,,,,1.3373914643592777,1.1099942784621324,4.944240641208768,1.3486834745722902,0.9312287177320767,296.0996691544849
1465,710346.6267775571,1191.9283760172484,,,,1.3373914665390174,1.1099943064836195,4.944239716218427,1.348683539161397,0.9312167365398576,296.0996768204131
1466,710346.5745928439,1191.928332235495,,,,1.337391419886598,1.109994007324911,4.944240561524466,1.3486834733866222,0.9312274894955248,296.0996698630179
1467,710346.5796674263,1191.9283364929508,,,,1.337391342108387,1.109994184408155,4.944239581304667,1.3486833346392693,0.9312299540468052,296.0996698630179
1468,710346.6571292377,1191.9284014815971,,,,1.3373915107979426,1.1099943329957043,4.944240941607924,1.348683332036263,0.9312274894955248,296.0996698630179
1469,710346.7116719354,1191.9284472416414,,,,1.337391388838805,1.1099941530110269,4.944240208498496,1.3486824444561236,0.9312333015397756,296.09967185041967
1470,710346.6321118216,1191.9283804925715,,,,1.337391399312755,1.1099942724017644,4.944244719778076,1.348683648128825,0.9312367799599599,296.0996698630179
1471,710346.6291641451,1191.9283780195394,,,,1.3373914419892503,1.1099946243201544,4.9442395132329775,1.3486832622400917,0.9312295927586085,296.0996717882417
1472,710346.5807820983,1191.9283374281347,,,,1.3373913544119078,1.109994250168763,4.9442428916447,1.3486834643181274,0.9312274894955248,296.0996698630179
1473,710346.5783891941,1191.9283354205438,,,,1.3373913273659903,1.1099945424780144,4.9442404746941,1.348683401759441,0.9312274894955248,296.0996698630179
1474,710346.7099758232,1191.9284458186432,,,,1.3373910706858214,1.109994324763553,4.944242288103744,1.3486830560139111,0.9312312266478524,296.09968929481994
1475,710346.5591302891,1191.9283192627727,,,,1.3373913496058658,1.1099945265160578,4.944240513536791,1.348683726359056,0.9312131981441988,296.09966693950577
1476,710346.6451644794,1191.9283914434454,,,,1.3373913904208572,1.1099943774709105,4.944240784811693,1.3486834786578408,0.9312271558721317,296.0996698630179
1477,710346.700254912,1191.928437663027,,,,1.3373914373393774,1.1099941599426573,4.944238648640081,1.3486838759223805,0.9312618274867599,296.0996648259587
1478,710346.5416586074,1191.9283046044404,,,,1.337391422233187,1.1099943690576732,4.944240515050676,1.3486835169997522,0.9312357100909879,296.09966720559135
1479,710346.6023018459,1191.9283554826993,,,,1.3373913985356407,1.1099951726837807,4.944240515050676,1.3486835151945669,0.9312318120715598,296.0996698630179
1480,710346.5639407212,1191.9283232986127,,,,1.3373913598855152,1.1099942497681086,4.944240515050676,1.3486833676903491,0.9312274894955248,296.09966639681625
1481,710346.5882933291,1191.9283437298818,,,,1.3373913211546191,1.10999433983496,4.944240515050676,1.3486833368482505,0.9312274894955248,296.09969428646355
1482,710346.5939184977,1191.9283484492667,,,,1.3373913781834903,1.109994353481484,4.944240515050676,1.3486834520606803,0.9312274894955248,296.0996698630179
1483,710346.6256008164,1191.9283750299905,,,,1.3373914349234042,1.109994344317562,4.944240515050676,1.3486834898160274,0.9312274894955248,296.09968050695875
1484,710346.5963254523,1191.9283504686455,,,,1.3373913592075513,1.1099943462521595,4.944240515050676,1.348683447326796,0.9312274894955248,296.0996698630179
1485,710346.5939069493,1191.9283484395776,,,,1.337391390134882,1.1099950265208733,4.944240515050676,1.3486834540733745,0.9312274894955248,296.0996698630179
1486,606937.7770296389,1101.7602071500307,,,,1.324940025584569,1.1041603531913815,4.879565435689865,1.330528824810541,0.9233031950783881,252.9968178244666
1487,606937.7477398594,1101.760180565498,,,,1.3249400441767154,1.1041603050483124,4.879566280096005,1.3305285915983296,0.9233038528114454,252.99680170238645
1488,606937.7352111151,1101.760169193927,,,,1.3249399608111494,1.104160376814403,4.87956517990452,1.3305286883599146,0.9233023869385129,252.99681545588348
1489,606937.7555446661,1101.7601876494416,,,,1.324940104059018,1.1041602783405104,4.879565546513939,1.3305288516145413,0.9232987675156936,252.99681475604484
1490,606937.8026853374,1101.7602304361303,,,,1.3249401101557452,1.1041603206109647,4.879564583289744,1.3305289057559724,0.9233020456702621,252.99681892106122
1491,606937.7571170377,1101.7601890765864,,,,1.3249400694418776,1.104160020099665,4.879565465236269,1.330528853872352,0.9233046938748597,252.9968200332092
1492,606937.7629492733,1101.7601943701484,,,,1.3249399918805544,1.1041601877278406,4.879564500006553,1.3305287050922825,0.9233042754904461,252.9968178244666
1493,606937.8358923206,1101.7602605760662,,,,1.3249401530729608,1.1041603400113416,4.879565925557178,1.330528702939257,0.9232994281400142,252.99680701035084
1494,606937.8799114337,1101.760300529506,,,,1.3249400315850766,1.1041601662596348,4.879565103470886,1.3305278154899478,0.923300680674772,252.99671005657558
1495,606937.8148375398,1101.760241465937,,,,1.324940049447825,1.1041602783564506,4.8795699381045,1.3305290227124347,0.9233056849367236,252.9968178244666
1496,606937.8097419911,1101.7602368410207,,,,1.3249400974871464,1.1041606258503323,4.879564364211613,1.3305286462314945,0.9232992925127588,252.99682147665806
1497,606937.7633390434,1101.7601947239184,,,,1.3249400019564634,1.1041602580388885,4.879567760521716,1.3305288471996826,0.9233031950783881,252.9968178244666
1498,606937.7620035775,1101.7601935117982,,,,1.324939973705877,1.1041605407036668,4.8795654135034665,1.3305287781739916,0.923303126764772,252.99681797515825
1499,606937.8770174686,1101.760297902832,,,,1.3249397177860431,1.1041603159310072,4.879566993865612,1.3305284322037807,0.9232960461899573,252.99684291602227
1500,606937.7460915819,1101.760179069458,,,,1.324939991576235,1.1041605338362608,4.879565353159018,1.3305291072376528,0.9233072272391318,252.99682061914376
1501,606937.8268631732,1101.7602523808648,,,,1.324940035678486,1.1041603857639068,4.879565712784773,1.3305288535340738,0.9233031950783881,252.9968178244666
1502,606937.8823999575,1101.760302788186,,,,1.3249400736965713,1.1041601758383108,4.879563560184817,1.3305292288230994,0.9232951745653848,252.99681554639494
1503,606937.7274830773,1101.760162179662,,,,1.3249400694346398,1.1041603761951033,4.879565435689865,1.330528890265937,0.9233031961111645,252.9968178244666
1504,606937.7853595102,1101.7602147105429,,,,1.324940044522675,1.1041611817353387,4.879565435689865,1.3305288881364112,0.9232995819869647,252.9968178244666
1505,606937.7519863085,1101.7601844197388,,,,1.3249400106814928,1.1041602672877353,4.879565435689865,1.3305287517195925,0.9233040475917643,252.99676695865097
1506,606937.7517797163,1101.760184232228,,,,1.3249399669055337,1.1041603469447945,4.879565435689865,1.3305287112515407,0.923304146015111,252.99681950547492
1507,606937.7769973086,1101.7602071206863,,,,1.3249400244113847,1.1041603615055124,4.879565435689865,1.3305288246913205,0.9233031950783881,252.9968178244666
1508,606937.7964709947,1101.7602247957539,,,,1.3249400797131996,1.1041603519618053,4.879565435689865,1.3305288685462047,0.9233028986635626,252.9968734055311
1509,606937.7792698636,1101.7602091833448,,,,1.3249400060849266,1.104160353905396,4.879565435689865,1.3305288203035284,0.9232991572309842,252.9968178244666
1510,606937.7768332477,1101.7602069717786,,,,1.3249400357889838,1.1041609960695191,4.879565435689865,1.3305288250043021,0.9233031950783881,252.9968178244666
1511,997277.2620188808,1412.2869835970878,,,,1.3091593820185237,1.0930522505153966,4.7580684825997395,1.3228579162413137,0.9109414515281279,630.6597223400312
1512,997277.2432015555,1412.2869702730782,,,,1.3091594105991855,1.0930521847493861,4.75806941217999,1.3228576957401526,0.9109414168836375,630.6597297977896
1513,997277.2352337192,1412.2869646312806,,,,1.3091593271895836,1.0930522623065744,4.758068201352354,1.3228577847401894,0.9109349449760881,630.6597337095179
1514,997277.2370993043,1412.2869659522478,,,,1.3091594511206037,1.0930521598138432,4.758068563332563,1.3228579463864636,0.9109512289572903,630.659721814367
1515,997277.2891164715,1412.2870027841163,,,,1.3091594668719093,1.093052228958964,4.758067613840728,1.3228579957709654,0.9109399048599605,630.6597247369833
1516,997277.2411222641,1412.2869688007918,,,,1.309159421224587,1.0930519251457262,4.758068464448991,1.322857950598055,0.9109414515281279,630.6597223400312
1517,997277.2489070854,1412.286974313002,,,,1.3091593506597934,1.0930520778892086,4.758067582399793,1.3228577887625317,0.9109414515281279,630.6597223400312
1518,997277.3135597737,1412.2870200917198,,,,1.309159498819159,1.0930522357919852,4.7580688758773295,1.32285779067257,0.9109413609948912,630.6597223400312
1519,997277.3461387234,1412.2870431599408,,,,1.3091593814027542,1.0930520792236882,4.758068087660862,1.3228569087041941,0.9109337187938517,630.6597230643627
1520,997277.2990153488,1412.2870097932282,,,,1.3091594095792698,1.0930521733624277,4.758073083730563,1.3228581149403842,0.9109414515281279,630.6597223400312
1521,997277.2903388889,1412.2870036496754,,,,1.3091594663958612,1.0930525261809472,4.758067430701575,1.3228577546593834,0.9109555441198903,630.6597225804894
1522,997277.247298117,1412.2869731737364,,,,1.3091593623073061,1.0930521548064438,4.758070857089437,1.3228579582778044,0.9109414515281279,630.6597223400312
1523,997277.2481661226,1412.2869737883468,,,,1.3091593310554335,1.093052419525033,4.758068497041182,1.3228578762595498,0.9109414515281279,630.6597223400312
1524,997277.375369501,1412.287063857416,,,,1.3091590884766189,1.0930521770645723,4.758069828322678,1.3228575403962268,0.9109802573227992,630.6597425811368
1525,997277.2283482658,1412.2869597558883,,,,1.309159343028925,1.0930524325526212,4.7580685918895025,1.3228582143814247,0.9109380613648626,630.6597161872073
1526,997277.3092993255,1412.2870170750173,,,,1.309159389065503,1.09305228406655,4.758068772742674,1.3228579494208437,0.9109414515281279,630.6597223400312
1527,997277.3539003284,1412.2870486557104,,,,1.3091594157310218,1.093052075721547,4.758066525277344,1.3228582874359185,0.9109451909715723,630.6597188012211
1528,997277.2055268594,1412.286943596704,,,,1.3091594272691822,1.0930522725234564,4.7580684825997395,1.3228579809611762,0.9109607692760222,630.6597170553757
1529,997277.2732693711,1412.2869915632375,,,,1.3091593969960846,1.0930530818056603,4.7580684825997395,1.3228579743565692,0.9109414515281279,630.6597223400312
1530,997277.2341703835,1412.2869638783636,,,,1.3091593742695247,1.093052177716834,4.7580684825997395,1.3228578611479722,0.9109452172849744,630.6597187416721
1531,997277.273884846,1412.286991999038,,,,1.309159322295789,1.0930522439663428,4.7580684825997395,1.3228578090506304,0.9109337187938517,630.6597436224971
1532,997277.2619736566,1412.2869835650658,,,,1.309159380784107,1.0930522593898289,4.7580684825997395,1.322857916112961,0.9109414515281279,630.6597223400312
1533,997277.2994329311,1412.2870100889063,,,,1.3091594336895815,1.093052249175916,4.7580684825997395,1.3228579719342106,0.9109337187938517,630.6597362231621
1534,997277.2639571894,1412.2869849695487,,,,1.3091593638504944,1.0930522510662108,4.7580684825997395,1.3228579134965404,0.9109414515281279,630.6597223400312
1535,997277.2614688657,1412.286983207638,,,,1.3091593915946853,1.093052853813572,4.7580684825997395,1.3228579149585358,0.9109414515281279,630.6597223400312
1536,563226.1290348967,1061.3445520045755,,,,1.2866778358379034,1.0822221269581447,4.637756392777434,1.2874979845436383,0.8998176137784704,233.34738635188563
1537,563226.1021562351,1061.344526679471,,,,1.2866778697169623,1.0822220466008265,4.637757420138521,1.2874977730341908,0.899816976557055,233.34736954582758
1538,563226.0935780129,1061.3445185970606,,,,1.2866777985544902,1.0822221314734466,4.637756099274715,1.287497861601326,0.899818397647477,233.34738397713204
1539,563226.1016685711,1061.3445262199934,,,,1.2866778972844062,1.0822220257579542,4.637756442072449,1.2874980179753361,0.8998173776272549,233.34738320441798
1540,563226.1510112358,1061.3445727107066,,,,1.2866779197873532,1.0822221162966508,4.637755497798369,1.2874980626763508,0.89981787400886,233.34738752653973
1541,563226.1070513371,1061.3445312916415,,,,1.2866778675841584,1.0822218071983705,4.637756311706609,1.28749802178811,0.8998088416284413,233.3473885663553
1542,563226.1179473108,1061.3445415578399,,,,1.2866778039044728,1.0822219473481147,4.637755530129732,1.2874978527275438,0.8998173869138766,233.34738635188563
1543,563226.174278663,1061.344594633301,,,,1.2866779470509857,1.0822221107421064,4.637756636724073,1.2874978571743758,0.8998213839349809,233.34737519166623
1544,563226.1946142403,1061.3446137935032,,,,1.2866778296317314,1.0822219731072118,4.637755932570094,1.287496979800397,0.8998188388588373,233.34727887684727
1545,563226.1651819461,1061.344586062365,,,,1.2866778665010135,1.0822220487711955,4.637761130862597,1.2874981821780633,0.8998176137784704,233.34738635188563
1546,563226.1561891059,1061.3445775893013,,,,1.2866779361461642,1.0822223928828105,4.637755361752193,1.2874978454070856,0.899814900110695,233.34739008476984
1547,563226.1131928078,1061.344537078142,,,,1.286677816998158,1.0822220296365184,4.637758819816688,1.2874980413432187,0.8998176137784704,233.34738635188563
1548,563226.1163729961,1061.344540074519,,,,1.2866777853078466,1.0822222795213934,4.637756445616115,1.2874979498688213,0.8998209392218459,233.34738650879092
1549,563226.2132417818,1061.344631344392,,,,1.286677560866149,1.0822220579081927,4.637757547586033,1.2874976295690608,0.8998193021273828,233.3474122331251
1550,563226.106841801,1061.3445310942166,,,,1.2866777929110698,1.0822222955949332,4.6377567614336686,1.2874983017346533,0.8998185097488559,233.34738878315758
1551,563226.1740461182,1061.344594414197,,,,1.286677839891408,1.0822221615553314,4.637756696288969,1.2874980225081245,0.8998176137784704,233.34738635188563
1552,563226.2178365091,1061.344635673549,,,,1.2866778553495382,1.082221951688397,4.637754352616241,1.2874983252220218,0.899810565820697,233.34738389001484
1553,563226.0817444642,1061.3445074474776,,,,1.2866778805379862,1.082222148116545,4.637756392777434,1.2874980487232786,0.8998176137784704,233.34738635188563
1554,563226.1402987422,1061.3445626173832,,,,1.2866778478051397,1.082222961813084,4.637756392777434,1.2874980381219634,0.899817733781765,233.34738635188563
1555,563226.109732181,1061.3445338175359,,,,1.2866778289146383,1.0822220632711184,4.637756392777434,1.2874979413503467,0.8998176137784704,233.34733564244044
1556,563226.1124817255,1061.3445364081597,,,,1.2866777722706217,1.082222120734336,4.637756392777434,1.287497879149996,0.8998176137784704,233.34738823848735
1557,563226.1289782473,1061.3445519512006,,,,1.28667783458144,1.0822221363750804,4.637756392777434,1.2874979844206194,0.8998176137784704,233.34738635188563
1558,563226.1404174351,1061.3445627292156,,,,1.2866778862314132,1.0822221255715898,4.637756392777434,1.2874980539738052,0.8998176137784704,233.347443932344
1559,563226.1305531209,1061.344553435048,,,,1.2866778187382626,1.0822221273924741,4.637756392777434,1.287497983031383,0.8998176137784704,233.34738635188563
1560,563226.1281290241,1061.3445511510615,,,,1.286677844895133,1.0822226975635896,4.637756392777434,1.2874979821083756,0.8998176137784704,233.34738635188563
1561,607779.4422539691,1102.5238702667343,,,,1.2507441607959071,1.0497978357601372,4.378965454378634,1.251152348255887,0.8764185348039009,298.0418193748822
1562,607779.4259781996,1102.5238555044507,,,,1.2507442017433104,1.0497979425868103,4.378966546551102,1.2511521589666803,0.8764190127167535,298.0418275659803
1563,607779.4097556374,1102.523840790427,,,,1.2507441488029885,1.0497974446187182,4.378965203049213,1.251152240191473,0.8764180699317903,298.0418140401749
1564,607779.4110841748,1102.5238419954237,,,,1.250744201471628,1.049797525418743,4.378965433565652,1.2511523872346548,0.8764184190665433,298.04181907634484
1565,607779.4518488371,1102.523878969374,,,,1.2507442356318204,1.0497978951669766,4.378964489240719,1.2511524188126804,0.8764159290087173,298.0418062318695
1566,607779.4185496408,1102.5238487666747,,,,1.2507441719178145,1.0497977477011007,4.378965253782799,1.251152384435224,0.876427947300831,298.0418193748822
1567,607779.4390438881,1102.5238673551587,,,,1.2507441448215793,1.0497982195099032,4.378964592792703,1.2511522253051157,0.8764185348039009,298.0418193748822
1568,607779.4767480091,1102.5239015531674,,,,1.250744268761205,1.0497978808435326,4.378965354017578,1.2511522229127394,0.876418210871476,298.0418193748822
1569,607779.4801133018,1102.5239046055206,,,,1.2507441546138742,1.0497978306908482,4.37896485524285,1.2511513612747083,0.8764066602135681,298.04181709341424
1570,607779.4768879362,1102.5239016800826,,,,1.2507441840705888,1.049797783909505,4.378970120510122,1.2511525319758925,0.8764185348039009,298.0418193748822
1571,607779.4673515655,1102.5238930305006,,,,1.2507442838784029,1.0497984023313576,4.3789645828334605,1.2511522502971868,0.876428272418599,298.0418203741787
1572,607779.4240002366,1102.5238537104194,,,,1.2507441453959531,1.0497977978353523,4.378967924444857,1.2511524338318358,0.8764185348039009,298.0418193748822
1573,607779.4322085638,1102.5238611554528,,,,1.2507441125640562,1.0497978358883042,4.378965565246019,1.251152322006381,0.8764185348039009,298.0418193748822
1574,607779.5018026828,1102.523924278002,,,,1.2507439136370615,1.049797993962812,4.378966067428721,1.2511520437202752,0.8764140801438509,298.04180207057345
1575,607779.4296230158,1102.5238588103352,,,,1.2507441177647731,1.0497969263998304,4.378966430689953,1.2511526943932982,0.8763983937218265,298.0418199693014
1576,607779.4829810807,1102.5239072066245,,,,1.2507441617788162,1.049797147102332,4.378965788149232,1.2511523946850673,0.8764185348039009,298.0418193748822
1577,607779.520322728,1102.5239410758643,,,,1.2507441461382542,1.0497971125648098,4.378963274886101,1.2511526241441921,0.8764164685421589,298.04182382574754
1578,607779.3992995624,1102.5238313066639,,,,1.2507442094322085,1.0497978501938277,4.378965454378634,1.251152413355654,0.8764341218999776,298.04181999275113
1579,607779.453992806,1102.5238809139746,,,,1.2507441658575522,1.049797959126051,4.378965454378634,1.2511523882794573,0.876418620411517,298.0418193748822
1580,607779.4312191692,1102.5238602580619,,,,1.2507441486361204,1.0497974315096088,4.378965454378634,1.2511523355725986,0.8764104046087227,298.04182231330276
1581,607779.4079084317,1102.5238391149935,,,,1.2507440913722967,1.0497978357601372,4.378965454378634,1.2511522491570757,0.8764185348039009,298.041794859812
1582,607779.4421789278,1102.5238701986711,,,,1.2507441593401474,1.0497978391960805,4.378965454378634,1.2511523481160367,0.8764185348039009,298.0418193748822
1583,607779.4389781419,1102.523867295527,,,,1.2507442100139219,1.0497978357601372,4.378965454378634,1.2511524488646752,0.8764185348039009,298.0418140992441
1584,607779.4426383423,1102.5238706153643,,,,1.2507441476106518,1.0497978331298854,4.378965454378634,1.251152348303854,0.8764185348039009,298.0418193748822
1585,607779.4404430615,1102.5238686242233,,,,1.2507441684989824,1.0497978357601372,4.378965454378634,1.2511523441755787,0.8764185348039009,298.0418193748822
1586,5134391.975750482,3204.4943363190596,,,,1.2194497273062537,1.020829167551707,4.061083628406873,1.2419897234777675,0.8508496481523693,1869.6947747226604
1587,5134392.891032439,3204.494621943514,,,,1.2194497616260254,1.0208288932315384,4.061084436632222,1.2419895494416138,0.8508547180397644,1869.6949171461922
1588,5134391.972448451,3204.494335288627,,,,1.2194497213565734,1.020829487270166,4.061083542796405,1.2419896175285254,0.8508482465936614,1869.6947878109563
1589,5134391.964021989,3204.49433265905,,,,1.2194497615365354,1.0208291874845252,4.061083583129933,1.241989774529288,0.8508456912964831,1869.6947789934775
1590,5134391.435688617,3204.494167786426,,,,1.219449781283075,1.0208291873349455,4.061082258170904,1.2419897928631958,0.8508529622157699,1869.694691613277
1591,5134391.951087721,3204.4943286227553,,,,1.2194497048452044,1.0208292218222363,4.061082954742704,1.2419897461604141,0.8508496481523693,1869.6947747226604
1592,5134391.985491353,3204.494339358809,,,,1.2194497263919524,1.0208292063118272,4.061082929488615,1.2419896096151506,0.850820451104133,1869.6947747226604
1593,5134391.999580539,3204.4943437555116,,,,1.2194498270036591,1.0208292481671322,4.061083325868624,1.241989609037843,0.8508362967090995,1869.6947747226604
1594,5134391.877512748,3204.4943056628263,,,,1.2194497138499731,1.0208291104231892,4.061083036276001,1.241988730610262,0.8508790746399448,1869.6947082963193
1595,5134392.009813879,3204.494346948941,,,,1.2194497260365038,1.020829203036224,4.061086042504258,1.2419898822104625,0.8508445580249938,1869.6947747226604
1596,5134392.152752974,3204.4943915547656,,,,1.2194498408588015,1.0208291870438513,4.061083536299107,1.2419896416676401,0.8508488108903896,1869.6947931433747
1597,5134391.958360936,3204.4943308924508,,,,1.2194497115589953,1.020829202806432,4.061085544944492,1.241989846152666,0.8508472135764654,1869.6947747226604
1598,5134391.969064542,3204.494334232632,,,,1.2194496736669869,1.0208291805647547,4.061083747707804,1.2419897035125136,0.8508561944429257,1869.6947747226604
1599,5134391.942239362,3204.4943258615253,,,,1.2194494941035543,1.0208294606202588,4.061083182607735,1.241989446142038,0.8508615364290469,1869.6947214963639
1600,5134392.336762576,3204.49444897712,,,,1.2194497001344387,1.0208297338384482,4.061085024743678,1.2419901040182952,0.8508081238864023,1869.6948082965012
1601,5134392.011783045,3204.4943475634445,,,,1.2194497318382636,1.020829254256725,4.061084002960363,1.2419897837274505,0.8508521091340908,1869.6947747226604
1602,5134391.9195594145,3204.494318783983,,,,1.2194497209569384,1.0208291923672512,4.06108175506245,1.2419899605991052,0.8508496481523693,1869.6947596312593
1603,5134392.2534141,3204.4944229672424,,,,1.2194497902140784,1.0208291736608632,4.061083628406873,1.2419898013270312,0.8508552296012956,1869.6948278708744
1604,5134391.987096215,3204.494339859633,,,,1.219449732386794,1.0208290764666221,4.061083628406873,1.2419897634811885,0.8508496481523693,1869.6947747226604
1605,5134391.666028712,3204.49423966676,,,,1.2194497090663536,1.0208288245938077,4.061083628406873,1.241989749257218,0.8508496481523693,1869.6947228673698
1606,5134394.245978136,3204.4950447701194,,,,1.2194496702799806,1.020829167551707,4.061083628406873,1.2419896674209132,0.8508496481523693,1869.6951652925493
1607,5134391.97565,3204.494336287703,,,,1.2194497256664885,1.0208291705480483,4.061083628406873,1.2419897233152777,0.8508496481523693,1869.6947747226604
1608,5134392.03559346,3204.4943549937675,,,,1.219449777392334,1.020829167551707,4.061083628406873,1.2419898681529156,0.8508496481523693,1869.69478813035
1609,5134391.9745766055,3204.494335952738,,,,1.2194497170265834,1.0208291649252375,4.061083628406873,1.2419897217009714,0.8508496481523693,1869.6947747226604
1610,5134391.9726214595,3204.494335342612,,,,1.2194497340425383,1.020829167551707,4.061083628406873,1.2419897200338725,0.8508496481523693,1869.6947747226604
1611,1482561.1185558182,1721.9530298796292,,,,1.2098898841172634,1.0182539244529685,4.035169209786203,1.216977762897429,0.8481102589279514,1006.2013772915307
1612,1482561.093871595,1721.953015544614,,,,1.2098899228529216,1.0182536604193257,4.035170085828208,1.2169775916106165,0.8481027286952867,1006.2013729655914
1613,1482561.1235440278,1721.9530327764617,,,,1.2098898847690482,1.0182542410731483,4.035169147014378,1.216977663194187,0.848109144638446,1006.2013922555055
1614,1482561.0854309038,1721.9530106428015,,,,1.2098899201381375,1.0182539387141076,4.035169152160704,1.2169778177346604,0.8481154541749428,1006.2013766010241
1615,1482561.137860131,1721.9530410903376,,,,1.2098899431287415,1.0182539453009598,4.035167862563593,1.2169778385266925,0.8481129667338773,1006.2013786376635
1616,1482561.0928815117,1721.953014969637,,,,1.2098898552846356,1.0182539805147839,4.035168534819825,1.2169777795034282,0.8481150709159581,1006.2013772915307
1617,1482561.1292733534,1721.9530361036882,,,,1.2098898854434612,1.0182539740323575,4.035168606377113,1.2169776493291184,0.8481075889241412,1006.2013772915307
1618,1482561.141414624,1721.95304315456,,,,1.2098899844469748,1.0182540050798041,4.03516888769905,1.2169776508631356,0.8481162139061529,1006.2013772915307
1619,1482561.1214512843,1721.9530315611312,,,,1.2098898677954129,1.018253850902942,4.035168589532483,1.2169767683803723,0.8481164279052806,1006.2013687675665
1620,1482561.152838156,1721.9530497886146,,,,1.2098898856625824,1.0182539599141498,4.035172086737356,1.2169779191333572,0.8481102589279514,1006.2013772915307
1621,1482561.1309751717,1721.9530370919952,,,,1.209889993106237,1.0182539148034708,4.035168978168147,1.2169776849730165,0.8481067101192206,1006.2013698594224
1622,1482561.1020026482,1721.9530202666083,,,,1.2098898701485714,1.0182539599210914,4.035171171691742,1.2169778909408637,0.8481100561934378,1006.2013772915307
1623,1482561.1120120236,1721.9530260794124,,,,1.2098898281243795,1.0182539375019464,4.0351693282959245,1.2169777417502023,0.8481102589279514,1006.2013772915307
1624,1482561.2013057452,1721.9530779354852,,,,1.2098896554459093,1.0182541832090517,4.035168739537544,1.2169774907434958,0.8481071347281499,1006.2013920458171
1625,1482561.0586676325,1721.9529951004072,,,,1.2098898568371945,1.0182544832911615,4.035170614941377,1.2169781446043588,0.8480992553732226,1006.2013495345404
1626,1482561.1543282794,1721.9530506539827,,,,1.20988989028607,1.0182539944807354,4.035169596831135,1.2169778254717536,0.8481102589279514,1006.2013772915307
1627,1482561.1828180102,1721.953067198993,,,,1.2098898790226273,1.018253952207461,4.035167289988526,1.216977998386299,0.8480972352677723,1006.2013799220049
1628,1482561.0425653977,1721.9529857492607,,,,1.2098899457471315,1.0182539306419174,4.035169209786203,1.2169778373222195,0.8481023247203465,1006.2013578160797
1629,1482561.1292533292,1721.953036092058,,,,1.2098898736548884,1.0182538393536045,4.035169209786203,1.2169777872099734,0.8481036252970312,1006.2013772915307
1630,1482561.1180123896,1721.9530295640407,,,,1.209889864682943,1.0182536042106174,4.035169209786203,1.2169777878357972,0.8481102589279514,1006.201380433828
1631,1482561.0398665867,1721.9529841819647,,,,1.209889838259921,1.0182539244529685,4.035169209786203,1.2169777231926058,0.8481102589279514,1006.2013454284834
1632,1482561.1184548922,1721.9530298210182,,,,1.2098898824850497,1.0182539275559976,4.035169209786203,1.2169777627379865,0.8481102589279514,1006.2013772915307
1633,1482561.1497025508,1721.953047967655,,,,1.2098899404562755,1.0182539244529685,4.035169209786203,1.216977926158425,0.8481102589279514,1006.2013947805993
1634,1482561.117187892,1721.9530290852254,,,,1.2098898737845036,1.0182539218269222,4.035169209786203,1.2169777608766799,0.8481102589279514,1006.2013772915307
1635,1482561.1150849387,1721.9530278639647,,,,1.209889890500043,1.0182539244529685,4.035169209786203,1.216977759323057,0.8481102589279514,1006.2013772915307
1636,1443879.4253496833,1699.3407105990743,,,,1.2064912002746497,1.015928484797824,4.010235487339777,1.2127656345919184,0.8453397160677928,988.6743148663115
1637,1443879.3980475578,1699.3406945327688,,,,1.2064912393485745,1.0159282235303306,4.010236396197258,1.2127654608266416,0.8453351985200833,988.6743089053309
1638,1443879.4315058766,1699.3407142217698,,,,1.206491203753072,1.0159288096491736,4.010235434594837,1.2127655373337878,0.8453381366101278,988.6743299131906
1639,1443879.3921782316,1699.3406910788863,,,,1.206491233819772,1.015928484660249,4.010235423945444,1.2127656858215548,0.8453397128009679,988.674314133842
1640,1443879.4460530756,1699.340722782265,,,,1.2064912567478079,1.0159285100158155,4.0102341013743255,1.2127657089163342,0.8453387949184621,988.6743170226362
1641,1443879.400095814,1699.3406957380942,,,,1.2064911687549504,1.0159285420308821,4.010234812052677,1.2127656493116514,0.8453413390965011,988.6743148663115
1642,1443879.4365609004,1699.3407171964664,,,,1.2064912027381969,1.0159285340325255,4.010234955860505,1.2127655208673789,0.8453397160677928,988.6743148663115
1643,1443879.4472976339,1699.3407235146415,,,,1.206491301002175,1.0159285650751544,4.010235191033358,1.2127655244864601,0.8453397160677928,988.6743148663115
1644,1443879.425119118,1699.340710463394,,,,1.2064911836605205,1.0159284031198421,4.010234857164659,1.2127646396071636,0.8453450934831248,988.6743058101795
1645,1443879.4596477037,1699.340730782208,,,,1.2064912024492502,1.0159285201682824,4.010238538819752,1.2127657884831253,0.8453397160677928,988.6743148663115
1646,1443879.4356723342,1699.3407166735778,,,,1.2064913001383641,1.0159284697776143,4.010235195732541,1.2127655415845426,0.8453426870501847,988.6743067398859
1647,1443879.4093426452,1699.3407011795161,,,,1.206491186847933,1.015928520452583,4.01023743304086,1.2127657670087117,0.8453397160677928,988.6743148663115
1648,1443879.4189623126,1699.3407068403392,,,,1.206491143913013,1.0159284978064886,4.010235605207845,1.21276561389523,0.8453397160677928,988.6743148663115
1649,1443879.5079819604,1699.3407592251526,,,,1.2064909770671777,1.0159287375007624,4.010234949268072,1.21276537220807,0.8453284945947477,988.6743290608902
1650,1443879.3637111068,1699.3406743270198,,,,1.2064911717997182,1.0159290381452033,4.010236843721904,1.212766018194291,0.8453456254875111,988.6742858896548
1651,1443879.460774048,1699.34073144502,,,,1.2064912077780845,1.0159285608283635,4.01023588159023,1.212765699359725,0.8453343300517008,988.6743148663115
1652,1443879.4891539258,1699.3407481455422,,,,1.2064911981702864,1.0159285189273572,4.0102335683128745,1.2127658725489874,0.8453306824963146,988.6743178497173
1653,1443879.3505807118,1699.3406666002625,,,,1.2064912631051246,1.0159284910144777,4.010235487339777,1.21276571078839,0.8453397160677928,988.6742947861914
1654,1443879.435697338,1699.340716688292,,,,1.20649118077116,1.0159283971241035,4.010235487339777,1.2127656432124116,0.8453434727385237,988.6743148663115
1655,1443879.4273154945,1699.3407117558818,,,,1.2064911854730207,1.01592818139712,4.010235487339777,1.2127656690256523,0.8453377290248614,988.6743185682622
1656,1443879.3375563335,1699.3406589358906,,,,1.206491144251669,1.015928484797824,4.010235487339777,1.2127655747726742,0.8453374107218771,988.6742777728275
1657,1443879.4252447332,1699.340710537315,,,,1.20649119862987,1.0159284879171269,4.010235487339777,1.2127656344247644,0.8453397160677928,988.6743148663115
1658,1443879.45078091,1699.3407255644233,,,,1.2064912474589158,1.015928484797824,4.010235487339777,1.212765785494003,0.8453397160677928,988.6743319973616
1659,1443879.4238184746,1699.3407096980138,,,,1.2064911898359012,1.0159284821720052,4.010235487339777,1.2127656323868685,0.8453397160677928,988.6743148663115
1660,1443879.421784562,1699.3407085011306,,,,1.2064912069451834,1.015928484797824,4.010235487339777,1.212765631643079,0.8453397160677928,988.6743148663115
1661,1349520.2203307676,1642.875661960313,,,,1.200013665686621,1.0122188053356251,3.9611565063560614,1.204950112159408,0.8428448140528877,938.3343084299042
1662,1349520.1874528006,1642.8756419478611,,,,1.2000137075756765,1.0122185451654448,3.961157469363929,1.2049499416214098,0.8428413836033021,938.334297344607
1663,1349520.2274493135,1642.8756662932929,,,,1.2000136761501559,1.0122191410898855,3.9611564625081805,1.2049500179303934,0.8428477459786449,938.3343236928486
1664,1349520.1855717956,1642.8756408029171,,,,1.2000136971969042,1.0122187844866621,3.9611564371202665,1.2049501631582025,0.8428454588572625,938.3343075800351
1665,1349520.244004928,1642.8756763705107,,,,1.2000137193392897,1.012218836180379,3.9611550143119243,1.2049501869411894,0.8428444775026817,938.3343132907535
1666,1349520.193782127,1642.8756458004525,,,,1.200013632661717,1.0122188644273544,3.961155830279603,1.2049501256596136,0.8428448140528877,938.3343084299042
1667,1349520.2329984414,1642.8756696709836,,,,1.2000136692031063,1.0122188448225646,3.9611561002870936,1.2049499976602729,0.8428448140528877,938.3343084299042
1668,1349520.240577943,1642.8756742845421,,,,1.2000137686006744,1.0122188845652351,3.9611562496542025,1.2049500057754612,0.8428448140528877,938.3343084299042
1669,1349520.2133475374,1642.875657709699,,,,1.200013652378352,1.0122187145234331,3.9611558698828135,1.2049491228983675,0.8428493013152557,938.3342976513366
1670,1349520.2545775631,1642.8756828059531,,,,1.2000136640912402,1.0122188404482957,3.9611596662054587,1.2049502564829486,0.8428448140528877,938.3343084299042
1671,1349520.229339519,1642.8756674438382,,,,1.2000137704824563,1.012218801994636,3.961156169832098,1.2049500270778115,0.8428496265371118,938.3342982617819
1672,1349520.2050599216,1642.8756526651198,,,,1.2000136524113876,1.0122188413001467,3.961158390904278,1.2049502525203042,0.8428440088167175,938.3343084299042
1673,1349520.2143248303,1642.875658304567,,,,1.2000136074925654,1.01221881821568,3.961156622751752,1.2049500922395886,0.8428448140528877,938.3343084299042
1674,1349520.2961972435,1642.875708139385,,,,1.2000134413574188,1.0122190865629976,3.9611558231214294,1.2049498490423756,0.8428414858825596,938.3343206695554
1675,1349520.155740627,1642.875622645018,,,,1.2000136363220084,1.0122193520763707,3.961157790516355,1.2049505019195514,0.8428626670131941,938.3342755973903
1676,1349520.2550669368,1642.8756831038288,,,,1.200013674445822,1.0122188682863875,3.9611569095873373,1.2049501799922144,0.8428448140528877,938.3343084299042
1677,1349520.2832605038,1642.875700264938,,,,1.2000136610559502,1.012218846224046,3.961154615828691,1.2049503438881286,0.8428447161697021,938.3343124294929
1678,1349520.1487488053,1642.8756183891742,,,,1.200013730143207,1.012218811568767,3.9611565063560614,1.204950189925615,0.8428448140528877,938.3342865240807
1679,1349520.230348549,1642.8756680580234,,,,1.2000136443087215,1.0122187224442378,3.9611565063560614,1.204950116904233,0.842851520556538,938.3343084299042
1680,1349520.2258675399,1642.8756653304845,,,,1.2000136560508279,1.0122185266084958,3.9611565063560614,1.2049501574067483,0.8428494759137221,938.3343137669896
1681,1349520.1159145513,1642.875598403331,,,,1.2000136108543784,1.0122188053356251,3.9611565063560614,1.2049500556136188,0.8428395030332819,938.3342564825717
1682,1349520.220221151,1642.8756618935909,,,,1.2000136640190824,1.0122188083986918,3.9611565063560614,1.204950111987938,0.8428448140528877,938.3343084299042
1683,1349520.237687356,1642.8756725250735,,,,1.2000137087724114,1.0122188053356251,3.9611565063560614,1.2049502632511926,0.8428340066586596,938.334324536656
1684,1349520.218552036,1642.8756608776189,,,,1.2000136567747772,1.0122188027102486,3.9611565063560614,1.2049501100066813,0.8428448140528877,938.3343084299042
1685,1349520.2167401572,1642.8756597747488,,,,1.200013672693221,1.0122188053356251,3.9611565063560614,1.2049501098335345,0.8428448140528877,938.3343084299042
1686,1066863.9023648878,1460.7285184899267,,,,1.1869385988680956,1.0055322950348946,3.8706835414446124,1.185921198473421,0.8369208670004429,657.9767078721653
1687,1066863.8928766395,1460.7285119943663,,,,1.1869386411943488,1.0055320373530128,3.870684531290172,1.1859210333324788,0.8369244628115773,657.9767194711226
1688,1066863.9151368877,1460.728527233508,,,,1.1869386063169949,1.0055326407987084,3.8706835012037026,1.1859210988269382,0.8369206610782396,657.9767234840194
1689,1066863.8717552605,1460.7284975348844,,,,1.1869386300629134,1.00553226073316,3.8706834674532047,1.1859212539659543,0.8369193790379225,657.9767073367544
1690,1066863.9169145774,1460.7285284504965,,,,1.186938650376373,1.005532329596139,3.8706819033525166,1.1859212770649943,0.8369115609336621,657.9767015045692
1691,1066863.878587456,1460.728502212135,,,,1.186938570759827,1.0055323583237554,3.8706828527956896,1.1859212158372527,0.8369171144457764,657.9767078721653
1692,1066863.9179424143,1460.7285291541452,,,,1.186938604149306,1.0055323217456817,3.8706833128807085,1.1859210861498783,0.836936051336407,657.9767078721653
1693,1066863.9197874877,1460.7285304172613,,,,1.1869387013858594,1.0055323724049976,3.870683316672294,1.1859210959362716,0.8369235147863571,657.9767078721653
1694,1066863.8637209989,1460.7284920347108,,,,1.186938587676151,1.005532187184817,3.870682906042568,1.1859202157121906,0.8369212465628489,657.9766896829235
1695,1066863.9365557453,1460.7285418966424,,,,1.1869385946165352,1.0055323297145622,3.8706865792164744,1.1859213375568392,0.8369231883743344,657.9767078721653
1696,1066863.9193891098,1460.7285301445359,,,,1.1869387134559906,1.0055322915939016,3.8706832317988638,1.1859211303882793,0.8369213761448155,657.9766967364371
1697,1066863.888169784,1460.728508772101,,,,1.186938583251219,1.0055323315584186,3.8706853026350347,1.1859213509400717,0.8369208630636601,657.9767078721653
1698,1066863.8970932043,1460.7285148809851,,,,1.1869385386484703,1.0055323077753786,3.8706836546067995,1.1859211796899705,0.836919109462619,657.9767078721653
1699,1066863.9512850058,1460.728551980145,,,,1.1869383706208323,1.0055326108502556,3.8706826037923063,1.1859209368922676,0.8369148295209925,657.9767073030408
1700,1066863.8522757818,1460.7284841994294,,,,1.1869385736564413,1.0055328333793918,3.870684772843838,1.1859215980579008,0.8369259147221788,657.9766924724673
1701,1066863.9358643931,1460.7285414233497,,,,1.1869386075462,1.0055323254895618,3.870683952407374,1.1859212686098464,0.8369198928953148,657.9767078721653
1702,1066863.9562962493,1460.728555410793,,,,1.1869385851280378,1.0055323375058705,3.8706817193062992,1.1859214074426903,0.8369208670004429,657.9767079033132
1703,1066863.8733737632,1460.7284986428947,,,,1.1869386654759888,1.0055323013318556,3.8706835414446124,1.1859212778623975,0.8369353098070262,657.9767157641237
1704,1066863.9120295674,1460.7285251062685,,,,1.186938576332602,1.0055322242423783,3.8706835414446124,1.1859211997430494,0.8369208670004429,657.9767078721653
1705,1066863.8981753592,1460.7285156218181,,,,1.1869385927939602,1.0055320444880538,3.8706835414446124,1.1859212569957074,0.8369208670004429,657.9767037222083
1706,1066863.9043538112,1460.728519851525,,,,1.186938552383227,1.0055322950348946,3.8706835414446124,1.1859211638516565,0.8369208670004429,657.976743077743
1707,1066863.9022504257,1460.7285184115672,,,,1.1869385970735824,1.0055322980758818,3.8706835414446124,1.1859211982821376,0.8369208670004429,657.9767078721653
1708,1066863.8874475467,1460.7285082776657,,,,1.1869386418724779,1.0055322950348946,3.8706835414446124,1.1859213595930809,0.8369208670004429,657.9767053265856
1709,1066863.900247334,1460.7285170402708,,,,1.1869385909400108,1.0055322924108883,3.8706835414446124,1.185921195357821,0.8369208670004429,657.9767078721653
1710,1066863.8986712547,1460.7285159613023,,,,1.186938605078265,1.0055322950348946,3.8706835414446124,1.1859211951520743,0.8369208670004429,657.9767078721653
1711,1029105.452618221,1434.6466133638776,,,,1.1750214831874661,0.9989175131086665,3.7652933113569187,1.1732001484301664,0.8274739430462854,737.5263698114347
1712,1029105.4462528096,1434.6466089269588,,,,1.1750215330884466,0.9989171403055117,3.765294351867436,1.1732000028270444,0.8274711048090225,737.5263730982165
1713,1029105.4424279702,1434.6466062609081,,,,1.1750214936101864,0.998917861746802,3.7652932730251547,1.1732000562666605,0.8274736947971575,737.5263815224594
1714,1029105.4190013525,1434.6465899317175,,,,1.1750215165596432,0.9989172910670222,3.765293204038925,1.1732002141144826,0.8274775068453601,737.5263694102014
1715,1029105.4708977842,1434.6466261053865,,,,1.175021530947641,0.9989177674739971,3.765291595609841,1.1732002318900423,0.827473126872601,737.5263710819306
1716,1029105.4255665287,1434.64659450788,,,,1.175021457736419,0.9989174475647966,3.765292940236417,1.173200164396757,0.8274739430462854,737.5263698114347
1717,1029105.4716193244,1434.6466266083264,,,,1.175021492595804,0.9989174129282452,3.765293319045743,1.173200035512707,0.8274739430462854,737.5263698114347
1718,1029105.4671546378,1434.6466234962795,,,,1.1750215795800536,0.998917589871229,3.765292943247082,1.1732000448246966,0.8274739430462854,737.5263698114347
1719,1029105.4674987313,1434.6466237361246,,,,1.175021468150301,0.9989172183134127,3.7652925973265132,1.1731991661629808,0.8274739400732145,737.5263698367019
1720,1029105.4867957673,1434.6466371868491,,,,1.1750214838225002,0.9989182103443324,3.7652973022826193,1.1732002833556774,0.8274739430462854,737.5263698114347
1721,1029105.4807432324,1434.6466329680152,,,,1.1750215998792934,0.9989172737774146,3.765292746210629,1.1732000957819795,0.8274728598895784,737.5263709428294
1722,1029105.4396856047,1434.6466043493817,,,,1.1750214684117026,0.9989175497736644,3.7652951642226022,1.1732003129565773,0.8274739430462854,737.5263698114347
1723,1029105.4480329738,1434.6466101677959,,,,1.1750214207138827,0.9989176311334562,3.7652934205009605,1.1732001299237147,0.8274739430462854,737.5263698114347
1724,1029105.5196203322,1434.6466600667434,,,,1.1750212602509162,0.9989175359168387,3.7652921795608036,1.173199897682061,0.827488594610598,737.5263912268707
1725,1029105.44213931,1434.6466060597006,,,,1.1750214639462706,0.9989179258808071,3.765294720882199,1.1732005523470899,0.827484080404682,737.5263623064216
1726,1029105.4848369637,1434.6466358214927,,,,1.1750214935276313,0.9989178179991709,3.7652937077769026,1.1732002223116473,0.8274739430462854,737.5263698114347
1727,1029105.4976002988,1434.6466447179935,,,,1.1750214544922204,0.9989181221725059,3.765291368968128,1.173200327642628,0.8274721912742831,737.5263684101398
1728,1029105.4077854682,1434.646582113845,,,,1.1750215493589757,0.9989175477979979,3.7652933113569187,1.1732002241610362,0.8274739430462854,737.5263627311422
1729,1029105.4618780847,1434.6466198183332,,,,1.1750214588664762,0.9989174439610904,3.7652933113569187,1.1732001457251398,0.8274752002766907,737.5263698114347
1730,1029105.448344281,1434.6466103847881,,,,1.1750214857443775,0.9989175131086665,3.7652933113569187,1.1732002353653441,0.827473177290668,737.5263682118725
1731,1029105.4847311431,1434.646635747733,,,,1.175021448330928,0.9989175131086665,3.7652933113569187,1.1732001391922704,0.827466042661674,737.5263929646367
1732,1029105.4525044864,1434.6466132846006,,,,1.1750214812647852,0.9989175131086665,3.7652933113569187,1.1732001482135153,0.8274739430462854,737.5263698114347
1733,1029105.4742161491,1434.6466284184053,,,,1.1750215323893904,0.9989175131086665,3.7652933113569187,1.1732003283159698,0.8274505402530037,737.5263865257193
1734,1029105.4501206315,1434.646611622968,,,,1.1750214757119002,0.9989175131086665,3.7652933113569187,1.1732001444165034,0.8274739430462854,737.5263698114347
1735,1029105.4481402774,1434.6466102425904,,,,1.175021488056267,0.9989175131086665,3.7652933113569187,1.1732001444407227,0.8274739430462854,737.5263698114347
1736,876881.8182997887,1324.2974124416228,,,,1.169045071742271,0.9966535496596222,3.7236552256161413,1.1637345653014177,0.8247955133224938,635.7823928179319
1737,876881.8116564483,1324.297407425121,,,,1.1690451185962165,0.9966531735587834,3.723656319111847,1.1637344221414805,0.8247899758343437,635.7823961857232
1738,876881.8074012493,1324.2974042119456,,,,1.1690450813964612,0.9966538963030332,3.723655190415884,1.1637344740706255,0.8247822951483643,635.7824038943671
1739,876881.7858753987,1324.297387957401,,,,1.1690451036108602,0.9966533243333109,3.7236551072290047,1.1637346292614763,0.8247999429077773,635.7823923900339
1740,876881.8390628496,1324.2974281201714,,,,1.1690451153482484,0.9966538013293709,3.7236534974754667,1.1637346522047836,0.8247679772908341,635.7823956398413
1741,876881.7928380666,1324.297393215033,,,,1.1690450469542095,0.9966534911595293,3.723654841877498,1.163734581592212,0.8248006084776508,635.7823928179319
1742,876881.8383673222,1324.2974275949666,,,,1.1690450836263724,0.9966534517301984,3.7236553538985206,1.1637344523734678,0.8247722286568422,635.7823928179319
1743,876881.8317507107,1324.2974225986477,,,,1.1690451648463918,0.9966536228999051,3.723654770512915,1.1637344606759898,0.8247751358732046,635.7823928179319
1744,876881.8327802231,1324.2974233760517,,,,1.1690450536541417,0.996653253553162,3.723654489970013,1.1637335803790712,0.8247901668135725,635.782393395496
1745,876881.8524937889,1324.2974382621069,,,,1.1690450732146742,0.9966542352664874,3.7236593770741946,1.1637346982388532,0.824793083500794,635.7823928179319
1746,876881.8463771226,1324.2974336433053,,,,1.1690451848702497,0.9966533088055314,3.723654636381752,1.1637345113822681,0.8247980011596568,635.7823948316712
1747,876881.8058883307,1324.2974030695154,,,,1.169045057543006,0.9966535864487738,3.7236570826288147,1.1637347345854285,0.8247955133224938,635.7823928179319
1748,876881.8139871658,1324.2974091850858,,,,1.1690450086278104,0.9966536691103483,3.723655333172279,1.1637345470404266,0.8247955133224938,635.7823928179319
1749,876881.8829746023,1324.2974612786984,,,,1.1690448509633116,0.9966535711734162,3.723654013096462,1.1637343184966809,0.8247599451928076,635.7824141321579
1750,876881.8104094934,1324.297406483524,,,,1.1690450545807862,0.9966539639325502,3.7236567528920426,1.1637349699314326,0.824801622620132,635.7823869138742
1751,876881.8500765488,1324.2974364368065,,,,1.1690450828760157,0.9966538293594371,3.723655608251463,1.1637346407422946,0.8247947066828726,635.7823928179319
1752,876881.8614180149,1324.2974450009444,,,,1.1690450385450417,0.9966541317318266,3.723653265312122,1.163734734359843,0.824773175809349,635.7823911137547
1753,876881.7780256775,1324.2973820299412,,,,1.1690451392103203,0.9966535841534914,3.7236552256161413,1.1637346418240018,0.8247743310170356,635.7823870327501
1754,876881.8274236864,1324.2974193312368,,,,1.1690450475956922,0.9966534862669526,3.7236552256161413,1.163734562021554,0.8247955133224938,635.7823928179319
1755,876881.815484565,1324.2974103157987,,,,1.1690450821138862,0.9966535496596222,3.7236552256161413,1.1637346728400857,0.8247955133224938,635.7823911624856
1756,876881.8485714365,1324.2974353002703,,,,1.1690450280612612,0.9966535496596222,3.7236552256161413,1.1637345421595084,0.8247955133224938,635.7824186563524
1757,876881.8181857779,1324.2974123555312,,,,1.1690450697645396,0.9966535496596222,3.7236552256161413,1.1637345650669988,0.8247955133224938,635.7823928179319
1758,876881.8310118009,1324.297422040684,,,,1.1690451150139598,0.9966535496596222,3.7236552256161413,1.1637347371083135,0.8247955133224938,635.782408668364
1759,876881.8156646744,1324.2974104518019,,,,1.169045064339437,0.9966535496596222,3.7236552256161413,1.1637345608594876,0.8247955133224938,635.7823928179319
1760,876881.8137369102,1324.2974089961137,,,,1.1690450769533003,0.9966535496596222,3.7236552256161413,1.1637345620636312,0.8247955133224938,635.7823928179319
1761,611288.0575151744,1105.701639245573,,,,1.1582746093248562,0.9919788511235149,3.640961480092855,1.148709664445877,0.8196663313496478,392.8787431556498
1762,611288.045215726,1105.7016281219144,,,,1.1582746561746415,0.9919784696307896,3.6409626661457315,1.1487095250621377,0.8196659090293222,392.87873959929743
1763,611288.0406689205,1105.7016240097687,,,,1.1582746183337767,0.9919791980675872,3.6409614626332076,1.1487095819150996,0.8196671896683703,392.87875281054266
1764,611288.0225563175,1105.7016076286745,,,,1.1582746367982961,0.9919786161590338,3.640961342751351,1.1487097284557284,0.8196661579203515,392.8787425280322
1765,611288.079154285,1105.701658816052,,,,1.1582746494209346,0.991979100678657,3.640959725212595,1.1487097554283576,0.8196649109187377,392.87874958274085
1766,611288.0301046964,1105.7016144554523,,,,1.1582745876115073,0.9919788055179075,3.640961072655211,1.1487096809611452,0.8196593353843348,392.8787431556498
1767,611288.0800226792,1105.70165960143,,,,1.158274621369773,0.991978756368225,3.640961743758279,1.1487095483085612,0.8196745854534145,392.8787431556498
1768,611288.0689223965,1105.7016495623004,,,,1.1582747016314388,0.9919789173338667,3.640960959868333,1.1487095609361881,0.8196642024955954,392.8787431556498
1769,611288.0713112869,1105.7016517228205,,,,1.1582745848830387,0.9919785500616356,3.640960711728922,1.1487086745886537,0.8196554720825565,392.87874454898656
1770,611288.0917699012,1105.701670225654,,,,1.1582746128517862,0.9919795154937405,3.640965936085529,1.1487097941749926,0.8196663313496478,392.8787431556498
1771,611288.0866646396,1105.7016656084402,,,,1.1582747194113903,0.9919786019646184,3.640960815740482,1.1487096174460303,0.8196610971495466,392.87874812565184
1772,611288.0461043781,1105.7016289256132,,,,1.1582745957008767,0.9919788881305049,3.6409633189384842,1.148709844109904,0.8196663313496478,392.8787431556498
1773,611288.0537318479,1105.7016358239214,,,,1.1582745451750676,0.991978972903484,3.6409615845962677,1.1487096461843234,0.8196595637541302,392.8787431556498
1774,611288.1078696249,1105.7016847862944,,,,1.1582743856576974,0.9919788681455906,3.6409601343968143,1.1487094102608457,0.8196668076760842,392.87876332208134
1775,611288.0555804706,1105.7016374958216,,,,1.158274597165178,0.9919792654005334,3.6409630735451715,1.1487100744809995,0.8196602074990809,392.8787397681724
1776,611288.0885069179,1105.7016672746022,,,,1.1582746209575583,0.991979095335812,3.6409618592495883,1.1487097411837677,0.8196663313496478,392.8787431556498
1777,611288.0994273147,1105.7016771510428,,,,1.1582745668065977,0.9919793950342366,3.640959509682204,1.1487098131469506,0.8196631928329846,392.87874065275344
1778,611288.0242654837,1105.701609174449,,,,1.1582746774822246,0.9919788852382632,3.640961480092855,1.1487097396429868,0.8196663313496478,392.87873960489094
1779,611288.0663707097,1105.7016472545472,,,,1.1582745855274024,0.9919787956460105,3.640961480092855,1.148709660419557,0.8196663313496478,392.8787431556498
1780,611288.0567962672,1105.7016385953916,,,,1.1582746275633076,0.9919788511235149,3.640961480092855,1.1487097930083119,0.8196663313496478,392.8787417170005
1781,611288.0759263599,1105.701655896706,,,,1.1582745683383646,0.9919788511235149,3.640961480092855,1.1487096536228192,0.8196663313496478,392.87877247668575
1782,611288.0574035989,1105.7016391446637,,,,1.1582746072995478,0.9919788511235149,3.640961480092855,1.1487096641978967,0.8196663313496478,392.8787431556498
1783,611288.0580260145,1105.7016397075781,,,,1.1582746529067867,0.9919788511235149,3.640961480092855,1.1487098446384612,0.8196663313496478,392.8787568734616
1784,611288.0546815329,1105.7016366828186,,,,1.1582746021599346,0.9919788511235149,3.640961480092855,1.1487096599496338,0.8196663313496478,392.8787431556498
1785,611288.0527988933,1105.7016349801536,,,,1.1582746147839476,0.9919788511235149,3.640961480092855,1.1487096617311034,0.8196663313496478,392.8787431556498
1786,473412.4555201406,973.0492850006527,,,,1.1403287224020684,0.9835207769360967,3.5073996906358094,1.1261619170920723,0.8072742459513436,198.9856130169597
1787,473412.4524084817,973.0492818028094,,,,1.1403287691951367,0.9835203818772675,3.5074008292394563,1.1261617869451572,0.8072800210814792,198.9856221901662
1788,473412.4378586437,973.0492668499821,,,,1.1403287288579527,0.9835211277377467,3.507399771011769,1.1261618467251662,0.8072705835610723,198.9856083185624
1789,473412.42658131634,973.0492552603042,,,,1.140328740865288,0.9835205252379716,3.5073995176682753,1.126161982948567,0.8072840784191515,198.9856122816289
1790,473412.4689107183,973.0492987621113,,,,1.1403287595298823,0.9835210313904207,3.5073978878589216,1.126162009329628,0.8072742459513436,198.98559971285482
1791,473412.43525089667,973.0492641700076,,,,1.1403287067691077,0.9835207429027959,3.507399376728451,1.1261619364593378,0.8072150911986717,198.9856130169597
1792,473412.482231447,973.0493124517861,,,,1.1403287317546384,0.9835206840388198,3.5074000361169513,1.1261617910908557,0.8072742459513436,198.9856130169597
1793,473412.4638153438,973.0492935256095,,,,1.140328808097276,0.9835208355113711,3.5073990908834687,1.1261618124965564,0.8072742459516244,198.9856130169597
1794,473412.4657358036,973.0492954992606,,,,1.1403286892298123,0.9835204689588134,3.507398879044634,1.1261609236256376,0.8073247356726754,198.985611780721
1795,473412.4896945063,973.0493201215511,,,,1.1403287301974732,0.9835214131447183,3.507404398351555,1.1261620450161518,0.8072742459513436,198.9856130169597
1796,473412.48473305354,973.04931502268,,,,1.1403288280777397,0.9835205577147221,3.507398979939684,1.1261618779255083,0.8072726756354849,198.98561388056928
1797,473412.4457404272,973.0492749500689,,,,1.1403287107440292,0.983520814243378,3.507401445440606,1.1261621141781084,0.8072713817067652,198.9856130169597
1798,473412.4526201859,973.0492820203773,,,,1.1403286593527395,0.9835209013910426,3.507399790433937,1.1261619003330576,0.8072742459513436,198.9856130169597
1799,473412.4930568052,973.049323576976,,,,1.140328495326443,0.9835208031326096,3.5073981513551935,1.126161653137017,0.8072970239020278,198.98559488970824
1800,473412.4512484054,973.0492806106026,,,,1.1403287180056578,0.9835211788756761,3.507401347625768,1.1261623351798837,0.8072922539065867,198.98561365342968
1801,473412.48543589277,973.0493157449861,,,,1.1403287353532268,0.9835209784507757,3.507400077127388,1.1261619954995106,0.8072742459513436,198.9856130169597
1802,473412.4931559288,973.0493236788451,,,,1.1403286666906243,0.9835212984037738,3.5073977623452013,1.1261620339863363,0.8072373733549604,198.98561376038282
1803,473412.4285828328,973.0492573172571,,,,1.1403287892206604,0.9835208104067825,3.5073996906358094,1.1261619848383109,0.8072747557838102,198.98561397420838
1804,473412.4639290597,973.049293642475,,,,1.1403286968590935,0.9835207325089612,3.5073996906358094,1.1261619104335165,0.8072742461647666,198.9856130169597
1805,473412.4584264745,973.0492879874835,,,,1.1403287476372364,0.9835207769360967,3.5073996906358094,1.1261620677011803,0.8072739971287897,198.98561484291582
1806,473412.43473962287,973.0492636445733,,,,1.140328688783958,0.9835207769360967,3.5073996906358094,1.126161929606911,0.8072730604604835,198.98558264754536
1807,473412.45541547245,973.0492848930855,,,,1.1403287204114967,0.9835207769360967,3.5073996906358094,1.1261619168542325,0.8072742459513436,198.9856130169597
1808,473412.4316056532,973.0492604238011,,,,1.1403287671227584,0.9835207769360967,3.5073996906358094,1.1261621077033954,0.8072711697058252,198.985604243169
1809,473412.4523342657,973.0492817265381,,,,1.1403287154299586,0.9835207769360967,3.5073996906358094,1.1261619119567694,0.8072742459513436,198.9856130169597
1810,473412.4505761835,973.049279919762,,,,1.1403287274543723,0.9835207769360967,3.5073996906358094,1.1261619142144281,0.8072742459513436,198.9856130169597
1811,625398.8526426434,1118.3906765014124,,,,1.1252074453309024,0.9740137384680874,3.3848294396562295,1.1106540496316506,0.7953251413902962,447.45467737295724
1812,625398.846207032,1118.3906707470624,,,,1.125207486556882,0.974013481431246,3.3848304869701797,1.1106539335049868,0.7953291636561381,447.45467406548346
1813,625398.8398701508,1118.390665080991,,,,1.1252074452031686,0.9740134759906846,3.3848294564082364,1.1106539866962821,0.7953193122980049,447.4546873263706
1814,625398.8211934873,1118.3906483814033,,,,1.1252074525756968,0.9740139809656836,3.384829284837225,1.1106541133345462,0.795330764455288,447.45467684036254
1815,625398.8761012404,1118.3906974767278,,,,1.1252074850517353,0.9740134639295753,3.3848276369484576,1.1106541489549884,0.7953306528856874,447.45468305171136
1816,625398.828578033,1118.3906549842357,,,,1.1252074320543999,0.9740144028372029,3.3848291575559726,1.1106540682943395,0.7953251413902962,447.45467737295724
1817,625398.8827089736,1118.3907033849782,,,,1.1252074507273446,0.9740139445175168,3.3848298304945215,1.110653912297795,0.795297568799111,447.45467737295724
1818,625398.8582768906,1118.390681539229,,,,1.1252075272733166,0.974013663426853,3.3848288156843824,1.110653945216708,0.7953408359512846,447.45467737295724
1819,625398.8649314772,1118.3906874893742,,,,1.1252074005427797,0.9740135076127663,3.3848286864816464,1.110653051958784,0.7953076304313217,447.4546785970882
1820,625398.8867862081,1118.390707030605,,,,1.1252074511494812,0.9740136904036896,3.384833653517716,1.1106541744359242,0.7953325172690761,447.45467737295724
1821,625398.8826466209,1118.3907033292262,,,,1.1252075504068877,0.9740134466881119,3.3848288706254532,1.1106540233636764,0.795323591703716,447.4546816441241
1822,625398.844301377,1118.390669043136,,,,1.1252074397797822,0.9740137613544324,3.3848309570362374,1.1106542705817157,0.7953209626955347,447.45467737295724
1823,625398.8505401242,1118.390674621462,,,,1.1252073817109467,0.9740137121959047,3.3848295354953644,1.1106540331501715,0.7953287950768331,447.45467737295724
1824,625398.9013706398,1118.3907200711565,,,,1.1252072198607217,0.9740130979419477,3.3848277518133023,1.1106537849202953,0.7953113606682969,447.454697975112
1825,625398.8458416451,1118.3906704203544,,,,1.125207445603892,0.9740137177518671,3.3848310781369806,1.1106544737800454,0.7953173415963138,447.45467354305214
1826,625398.8819836117,1118.3907027364025,,,,1.1252074591048804,0.9740137472433809,3.3848298241874915,1.1106541286454856,0.7953207135956595,447.45467737295724
1827,625398.8865194777,1118.3907067921102,,,,1.1252073807816916,0.9740124783648902,3.3848276958231827,1.1106541416785813,0.7953251413902962,447.4546752266957
1828,625398.8222902155,1118.3906493620332,,,,1.1252075099789673,0.9740136613107744,3.3848294396562295,1.1106541106125964,0.7953485357037141,447.4546733777273
1829,625398.8607483042,1118.3906837490238,,,,1.125207418580808,0.9740137942378632,3.3848294396562295,1.1106540409617922,0.7953251413902962,447.45467737295724
1830,625398.8543102657,1118.3906779925037,,,,1.1252074750640206,0.9740137199003758,3.3848294396562295,1.1106542074622818,0.7953251413902962,447.4546759511371
1831,625398.8762559326,1118.3906976150442,,,,1.1252074199074154,0.9740137391842024,3.3848294396562295,1.1106540880386069,0.7953251413902962,447.454706445821
1832,625398.8525399703,1118.3906764096082,,,,1.1252074434063648,0.9740137382877776,3.3848294396562295,1.1106540494168515,0.7953251413902962,447.45467737295724
1833,625398.8492194461,1118.3906734405882,,,,1.1252074912014616,0.9740137384680874,3.3848294396562295,1.1106542480107946,0.7953251413902962,447.45469168682826
1834,625398.8492166961,1118.3906734381292,,,,1.125207438597016,0.9740137384680874,3.3848294396562295,1.1106540437722623,0.7953251413902962,447.45467737295724
1835,625398.8475382035,1118.3906719373188,,,,1.1252074499092675,0.9740137384680874,3.3848294396562295,1.1106540464866133,0.7953251413902962,447.45467737295724
1836,413143.4163907792,909.0032083450302,,,,1.107311888416288,0.966962457248348,3.262382816807492,1.085526497095812,0.7842105412582497,178.65287374556664
1837,413143.4190378294,909.0032112570664,,,,1.1073119251481232,0.9669620511816288,3.262383789094353,1.0855263966828803,0.7842066572181179,178.65286997310776
1838,413143.3965509539,909.0031865191166,,,,1.1073118796181407,0.9669623637316953,3.2623827752412584,1.0855264424545241,0.7842130367651696,178.65288284049066
1839,413143.38596876257,909.0031748775826,,,,1.1073118828400874,0.9669623440778783,3.262382671706066,1.085526560523624,0.7842093741063849,178.65286923628688
1840,413143.4307152847,909.0032241035066,,,,1.107311929135249,0.9669624693172199,3.2623810613469555,1.085526596725834,0.7842085631721827,178.65288384975906
1841,413143.39317145286,909.0031828013065,,,,1.1073118728335654,0.9669626764682138,3.2623825599939935,1.085526512583236,0.7842146449363754,178.65287374556664
1842,413143.4490930946,909.0032443210471,,,,1.1073118925471903,0.9669625772164345,3.2623832952552427,1.085526352120311,0.7842105412582497,178.65287184196032
1843,413143.4196139445,909.0032118908541,,,,1.1073119650886065,0.9669626431817697,3.2623821439270824,1.0855263925214051,0.7842049276017324,178.65287374556664
1844,413143.4256512702,909.003218532553,,,,1.1073118405698645,0.9669622950544423,3.2623821014939227,1.0855255104639616,0.7842085280131235,178.65286392999445
1845,413143.45082491287,909.0032462262307,,,,1.107311892400301,0.9669621782097748,3.262386806791034,1.0855266180526133,0.7842105412582497,178.65287374556664
1846,413143.44610603363,909.0032410349631,,,,1.1073119862066008,0.9669623661260538,3.262382314057119,1.0855264754374796,0.7842124234335672,178.6528735431992
1847,413143.40937672666,909.003200628828,,,,1.107311889267355,0.9669625085554343,3.2623841668390634,1.0855267442483396,0.7842105412582497,178.65287374556664
1848,413143.41507475486,909.0032068972636,,,,1.1073118253552177,0.966962509644653,3.262382908939128,1.0855264818851722,0.7842033166149962,178.65287374556664
1849,413143.4427562837,909.003237349883,,,,1.1073116617510035,0.9669625638845264,3.26238105260292,1.0855262272792945,0.7842116886088585,178.65287359462204
1850,413143.41015503276,909.0032014850473,,,,1.107311900558637,0.9669628709192516,3.2623844656129086,1.0855269366046283,0.7842002889947499,178.6528765620291
1851,413143.4453968817,909.0032402548208,,,,1.1073119029379703,0.9669623707591136,3.2623832033762548,1.085526576670089,0.7842105412582497,178.65287374556664
1852,413143.45006642974,909.0032453918186,,,,1.1073118195153075,0.9669624525394693,3.2623812073405936,1.085526565052179,0.7842126744713366,178.6528992434288
1853,413143.39299958176,909.0031826122303,,,,1.1073119496711268,0.966962739903815,3.262382816807492,1.085526550226302,0.7842105412582497,178.65287374556664
1854,413143.424191076,909.0032169261845,,,,1.1073118599433334,0.9669623992386264,3.262382816807492,1.0855264856435067,0.7842095968973256,178.65287374556664
1855,413143.4217427472,909.0032142327632,,,,1.1073119223806809,0.9669624563183588,3.262382816807492,1.0855266574476274,0.7842062374329166,178.6528696915487
1856,413143.3966683382,909.003186648252,,,,1.1073118697441768,0.9669624543868802,3.262382816807492,1.0855265560820235,0.7842105412582497,178.65285221843894
1857,413143.4162837984,909.00320822734,,,,1.107311886527763,0.966962457248348,3.262382816807492,1.0855264968940652,0.7842105412582497,178.65287374556664
1858,413143.38972529036,909.0031790101621,,,,1.1073119334628396,0.966962457248348,3.262382816807492,1.0855266954540328,0.7842105412582497,178.6528759050376
1859,413143.41280428367,909.0032043995045,,,,1.1073118822261352,0.966962457248348,3.262382816807492,1.0855264907398523,0.7842105412582497,178.6528848331502
1860,413143.411229937,909.003202667556,,,,1.1073118926147336,0.966962457248348,3.262382816807492,1.0855264938047617,0.784210377730607,178.65287374556664
1861,1270693.4746364823,1594.1728103543119,,,,1.084820903767504,0.9480425710430773,3.0420116101149177,1.0732453740101147,0.7633108585985298,928.2046460000001
1862,1270693.4866492068,1594.1728178897083,,,,1.0848209305073282,0.9480426337452496,3.042012425913271,1.0732452989567165,0.7633080750558415,928.2046500515302
1863,1270693.475633628,1594.172810979806,,,,1.0848208814699571,0.9480433064428798,3.0420114633738917,1.0732453383139586,0.7633088860157339,928.2046590648613
1864,1270693.4455426098,1594.1727921041759,,,,1.0848208888544153,0.9480421436879896,3.042011484596736,1.0732454489288992,0.7633099210184575,928.2046456513035
1865,1270693.49146345,1594.1728209096095,,,,1.084820930079868,0.9480422546497134,3.042009759704938,1.073245450941952,0.7633097401631508,928.2046445777917
1866,1270693.4533273021,1594.1727969873932,,,,1.0848208777883686,0.9480426285559871,3.0420113385707133,1.0732453821169097,0.7633094787592062,928.2046460000001
1867,1270693.5096614207,1594.172832324914,,,,1.0848208999705538,0.9480428353997259,3.0420121718498216,1.073245213535701,0.763304789935889,928.2046460000001
1868,1270693.4747686954,1594.1728104372478,,,,1.0848209757056648,0.9480431925435047,3.0420111417371043,1.0732452684709206,0.763314534820186,928.2046460000001
1869,1270693.4829727875,1594.1728155835465,,,,1.0848208457226052,0.9480423131237363,3.042010976413317,1.0732444087101276,0.7633072959986476,928.2046441711212
1870,1270693.5090507246,1594.1728319418344,,,,1.0848209022289697,0.9480432223903216,3.0420147301683715,1.0732454896036838,0.7633031771035697,928.2046460000001
1871,1270693.4985531487,1594.1728253568676,,,,1.0848209750880657,0.948042545610451,3.042011311586797,1.0732453506737665,0.7633112440207287,928.2046452499776
1872,1270693.469415834,1594.1728070794793,,,,1.0848209086719154,0.9480425696618734,3.0420125775669398,1.0732456483672792,0.7633107239335045,928.2046460000001
1873,1270693.4745850342,1594.1728103220394,,,,1.0848208441891676,0.948042412807051,3.042011695751969,1.0732453612662416,0.7633071619371545,928.2046460000001
1874,1270693.5340258253,1594.1728476083301,,,,1.0848206608309672,0.9480400217191733,3.042009678737202,1.0732450857805096,0.763299600546616,928.2046675635856
1875,1270693.4395411008,1594.1727883395197,,,,1.084820929944807,0.9480417539092079,3.0420128746834725,1.073245827010269,0.7633143028657594,928.2046333433482
1876,1270693.5031246915,1594.1728282245263,,,,1.0848209174505468,0.9480425379468151,3.042011937875752,1.073245451313763,0.763309514107117,928.2046460000001
1877,1270693.5041822162,1594.1728288878944,,,,1.0848208361946001,0.9480430969597882,3.0420103070768936,1.0732454162803318,0.7633022886048456,928.2046456922774
1878,1270693.428963109,1594.1727817041085,,,,1.0848209594637848,0.9480426670047991,3.0420116101149177,1.0732454110513976,0.7633111731151213,928.2046349650388
1879,1270693.4819443186,1594.1728149384055,,,,1.0848208739291585,0.9480426012050387,3.0420116101149177,1.073245361649565,0.7633120731568589,928.2046460000001
1880,1270693.4803668878,1594.172813948907,,,,1.0848209445892694,0.9480440482315508,3.0420116101149177,1.073245539264381,0.7633000922018427,928.2046452775191
1881,1270693.4903683586,1594.1728202226748,,,,1.0848208948006726,0.9480425709172344,3.0420116101149177,1.0732454635216595,0.7633108585985298,928.2046583355786
1882,1270693.4745174344,1594.1728102796349,,,,1.0848209018867898,0.9480425788700136,3.0420116101149177,1.073245373817153,0.7633108585985298,928.2046460000001
1883,1270693.4876361336,1594.1728185087927,,,,1.0848209459184284,0.948042532710158,3.0420116101149177,1.0732455646145462,0.7633108585985298,928.2046644523982
1884,1270693.47085485,1594.1728079821523,,,,1.084820897957509,0.9480425710430773,3.0420116101149177,1.073245365671381,0.7633108585985298,928.2046460000001
1885,1270693.4694564613,1594.1728071049652,,,,1.0848209076710706,0.9480425710430773,3.0420116101149177,1.0732453711684946,0.7633108585985298,928.2046460000001
1886,453578.4317542914,952.4478271845569,,,,1.05164775003114,0.9335079274539907,2.7960218855593353,1.0248300764814804,0.7440328609144665,294.7234444859608
1887,453578.43610050844,952.4478317477638,,,,1.0516477659276622,0.9335074873507203,2.7960224994373584,1.0248300150955287,0.7440343780059872,294.7234403264248
1888,453578.41696641094,952.447811658372,,,,1.0516477139185212,0.9335080535807005,2.7960217081535523,1.024830057339175,0.7440327729100289,294.7234531980189
1889,453578.40501417575,952.4477991094063,,,,1.051647726123221,0.9335077550459858,2.796021785725808,1.0248301552108519,0.7440326551327958,294.72344375852947
1890,453578.4569705963,952.4478536598173,,,,1.051647762975811,0.9335077113126434,2.796020122364615,1.0248301362697227,0.7440324515024543,294.72345215737437
1891,453578.4110728237,952.4478054705403,,,,1.051647726915319,0.93350771142081,2.796021534063013,1.0248300896021925,0.7440328609144665,294.7234444859608
1892,453578.4654483769,952.447862560862,,,,1.0516477299162352,0.933507898351819,2.796022482151099,1.0248298943621723,0.74402359847595,294.7234444859608
1893,453578.4291039868,952.4478244019326,,,,1.051647817667288,0.933507998132751,2.7960214843841675,1.0248299673435692,0.7440238692517922,294.7234444859608
1894,453578.4369500518,952.4478326397216,,,,1.0516476884443127,0.9335079233505343,2.7960213287679796,1.0248291441864552,0.7440328609144665,294.7234460073884
1895,453578.456381668,952.4478530414862,,,,1.0516477375448052,0.9335079404849336,2.7960239468671504,1.024830177547939,0.7440275453507207,294.7234444859608
1896,453578.46054355655,952.4478574111621,,,,1.0516478102978486,0.9335080523250676,2.7960218704963227,1.0248300248213496,0.7440305535665914,294.72345365507294
1897,453578.42805837217,952.4478233041142,,,,1.051647759185786,0.9335079312216739,2.796022620015022,1.0248303605541655,0.7440328609144665,294.7234444859608
1898,453578.4327767361,952.4478282580483,,,,1.0516476935987478,0.9335078260002596,2.7960219628889873,1.0248300667136112,0.7440328609144665,294.7234444859608
1899,453578.46100826864,952.4478578990755,,,,1.0516475095051827,0.9335083870231933,2.7960200282509673,1.0248297788511396,0.7440400693145615,294.72346226728405
1900,453578.41571726976,952.447810346866,,,,1.051647782903659,0.9335080106626505,2.7960230103321835,1.0248305378917961,0.7440786645593787,294.7234419010565
1901,453578.4594743785,952.4478562886045,,,,1.051647760479102,0.933507899670093,2.7960220085008363,1.0248301497926129,0.7440329210290382,294.7234444859608
1902,453578.45700793265,952.447853699018,,,,1.0516477034810112,0.9335076783338654,2.796020821676937,1.0248301427576754,0.7440180832361202,294.7234418706466
1903,453578.4118257555,952.4478062610634,,,,1.0516478027267495,0.9335078965835648,2.7960218855593353,1.0248301009857737,0.7440305755847931,294.7234415592553
1904,453578.4389875946,952.4478347789916,,,,1.0516477199799206,0.9335080444514957,2.7960218855593353,1.0248300643742665,0.7440329438468593,294.7234444859608
1905,453578.4367678221,952.4478324483941,,,,1.051647786156264,0.9335079843878784,2.7960218855593353,1.0248302222812151,0.744032858249948,294.72344370735607
1906,453578.44543050847,952.4478415435759,,,,1.051647746285501,0.9335079299104455,2.7960218855593353,1.0248301841079723,0.7440328609144665,294.72347546655425
1907,453578.4316181921,952.4478270416627,,,,1.0516477480955897,0.9335079520149963,2.7960218855593353,1.0248300762858327,0.7440328609144665,294.7234444859608
1908,453578.4149423514,952.4478095332591,,,,1.0516477856419781,0.933507926872247,2.7960218855593353,1.024830247925257,0.7440328609144665,294.7234577735422
1909,453578.4281904937,952.4478234428318,,,,1.051647744897727,0.9335079284080166,2.7960218855593353,1.024830068405145,0.7440328609144665,294.7234444859608
1910,453578.42701130593,952.4478222047718,,,,1.0516477532750004,0.9335081318171865,2.7960218855593353,1.0248300726339306,0.7440328609144665,294.7234444859608
1911,5077972.592502069,3186.839372325526,,,,1.023122456087811,0.9185928625779539,2.751493890226855,1.0248046413700063,0.7138701176826596,2137.758269211833
1912,5077972.716578811,3186.8394112596284,,,,1.0231224763059221,0.9185935964035328,2.7514942351827685,1.0248046045926296,0.7138709418707163,2137.7582940034063
1913,5077972.591294077,3186.8393719464702,,,,1.0231224173099973,0.918592928859587,2.7514935231279716,1.0248046419004129,0.713871384440252,2137.7582745019286
1914,5077972.569305109,3186.8393650465373,,,,1.0231224263795347,0.9185935466438915,2.7514937951228777,1.0248047194820484,0.7138724402935537,2137.758269129532
1915,5077972.500103208,3186.8393433316364,,,,1.0231224692348473,0.9185928244883725,2.751493869472076,1.0248046875034775,0.7138662483109321,2137.7582437885376
1916,5077972.578022172,3186.839367781869,,,,1.0231224270257249,0.9185928155049204,2.7514941541272893,1.0248046526015522,0.7138701176826596,2137.758269211833
1917,5077972.621118286,3186.839381305021,,,,1.0231224251868913,0.9185926070710569,2.75149392492106,1.0248044514625734,0.7138701176826596,2137.758269211833
1918,5077972.5879740035,3186.8393709046622,,,,1.0231225307932599,0.9185924195829386,2.751493991761245,1.0248045410352602,0.7138701176826596,2137.758269211833
1919,5077972.5896996865,3186.8393714461654,,,,1.0231223791479258,0.9185927211381026,2.751493924637754,1.0248037498855311,0.7138689847759419,2137.7582677085193
1920,5077972.609465176,3186.839377648388,,,,1.023122411643975,0.9185928590704744,2.7514938855856528,1.0248047376914933,0.7138701176826596,2137.758269211833
1921,5077972.630701707,3186.8393843122053,,,,1.0231225124077428,0.9185925261688934,2.751494479076793,1.0248045830907386,0.7138737177090146,2137.7582710486517
1922,5077972.589110933,3186.8393712614193,,,,1.0231224580077536,0.9185928401609124,2.751493870291207,1.0248049184701868,0.7138701176826596,2137.758269211833
1923,5077972.5944578145,3186.83937293922,,,,1.0231224010723723,0.9185927140563062,2.7514939774087477,1.0248046354139386,0.7138701176826596,2137.758269211833
1924,5077972.539000169,3186.839355537134,,,,1.0231221905417414,0.9185945370939763,2.7514932744754783,1.0248043235931634,0.7138596708158237,2137.758250121828
1925,5077972.571871299,3186.8393658517844,,,,1.0231225029815527,0.9185933162761594,2.751493717831885,1.0248050938481692,0.7138693362928513,2137.7582686730384
1926,5077972.616887425,3186.839379977419,,,,1.0231224513666302,0.9185929526943646,2.751493848379264,1.024804702615614,0.7138701176826596,2137.758269211833
1927,5077972.622097769,3186.8393816123735,,,,1.0231224294283883,0.9185928095699987,2.7514942476000646,1.0248047182761484,0.7138590237722549,2137.7582703954854
1928,5077972.57652326,3186.8393673115274,,,,1.0231225059444558,0.9185928555612333,2.7514938998763,1.024804653936174,0.7138701176826596,2137.758268697643
1929,5077972.59967782,3186.8393745772055,,,,1.0231224241815629,0.918592772506765,2.751493889234012,1.0248046231224102,0.7138701176826596,2137.758269211833
1930,5077972.594686672,3186.839373011032,,,,1.0231224876423382,0.9185928234803528,2.751494510429935,1.0248047735838681,0.7138492533339572,2137.7582684222652
1931,5077972.4164971905,3186.8393170968616,,,,1.0231224702512138,0.9185928625779539,2.751494015077813,1.0248047847071124,0.7138651699501164,2137.7582377506205
1932,5077972.5923533635,3186.8393722788637,,,,1.0231224541459147,0.9185928361332256,2.7514938873040773,1.0248046411808687,0.7138701176826596,2137.758269211833
1933,5077972.6092831595,3186.8393775912728,,,,1.0231224903322207,0.9185928625779539,2.7514941251549003,1.0248047938244798,0.7138799955898592,2137.758278264305
1934,5077972.589800121,3186.8393714776807,,,,1.0231224520378912,0.9185928599581645,2.751493889409645,1.0248046354682163,0.7138701176826596,2137.758269211833
1935,5077972.588349704,3186.839371022553,,,,1.0231224595692567,0.9185928625779539,2.751493890226855,1.0248046382608802,0.7138877191856933,2137.758269211833
1936,2184587.7152704475,2090.2572642000046,,,,1.0091773628816179,0.9126879008826895,2.495768408315218,0.9951230903586185,0.7065858100523967,1346.9734800545584
1937,2184587.785560106,2090.257297827283,,,,1.0091773828552535,0.9126886420050918,2.4957687369207915,0.9951230515992968,0.7065860331556473,1346.9735019388618
1938,2184587.7014037548,2090.2572575660406,,,,1.0091773155556427,0.912687958714315,2.4957679743992722,0.9951230939865914,0.7065862380342949,1346.9734809957638
1939,2184587.692648031,2090.257253377215,,,,1.0091773363033993,0.9126885911545062,2.495768307728849,0.9951231828464179,0.7065865105343379,1346.9734799601538
1940,2184587.6703274725,2090.257242698836,,,,1.009177372236665,0.9126878604270993,2.495768374341049,0.995123127544988,0.7066014684391431,1346.973456766265
1941,2184587.699128313,2090.2572564774473,,,,1.0091773290226675,0.9126878783861317,2.4957686683651716,0.9951230960130247,0.7065860779653348,1346.9734800545584
1942,2184587.743861407,2090.257277878206,,,,1.0091773291860757,0.9126876408467026,2.495768447484179,0.9951228933085693,0.7065858100523967,1346.9734800545584
1943,2184587.709459768,2090.2572614201185,,,,1.0091774303561922,0.9126874635507065,2.4957685117937682,0.995122984462626,0.7065844537604287,1346.9734800545584
1944,2184587.7054541986,2090.257259503817,,,,1.009177288967541,0.9126877555705054,2.4957684462387744,0.9951222148774557,0.7065838582166419,1346.9734785012342
1945,2184587.731019745,2090.2572717346266,,,,1.0091773627337624,0.9126878988416818,2.495768402784263,0.9951231911319354,0.7065858100523967,1346.9734800545584
1946,2184587.7477553515,2090.2572797411085,,,,1.009177402411076,0.912687554042792,2.49576900973411,0.9951230217123483,0.7065815779930913,1346.9734815497918
1947,2184587.7131464207,2090.257263183849,,,,1.0091773759748348,0.9126878786433081,2.4957683911653077,0.9951233690807393,0.7065858100523967,1346.9734800545584
1948,2184587.7175534912,2090.2572652922368,,,,1.0091773131245305,0.9126877556713808,2.495768496803566,0.9951230872395133,0.7065761831601176,1346.9734800545584
1949,2184587.689468789,2090.257251856233,,,,1.0091771397550535,0.9126895650975178,2.4957678010943174,0.9951227965711499,0.7065858156845235,1346.9734616578417
1950,2184587.6952298414,2090.2572546123797,,,,1.0091773958240746,0.9126883622411666,2.4957682522134355,0.9951235337273963,0.7065814557487367,1346.9734800312303
1951,2184587.7398628034,2090.257275965234,,,,1.0091773657259748,0.9126879957794196,2.4957683666557973,0.9951231549156403,0.7065858100523967,1346.9734800545584
1952,2184587.7417594036,2090.2572768725863,,,,1.0091773421700037,0.9126878474776741,2.495768747184518,0.9951231859176345,0.7065856904379542,1346.9734807018503
1953,2184587.7019271194,2090.2572578164218,,,,1.0091774089980814,0.9126878942671793,2.4957684180874193,0.9951230944452906,0.706581610259578,1346.9734800509268
1954,2184587.7226653947,2090.2572677378234,,,,1.0091773330313203,0.9126878071392351,2.495768407324006,0.9951230759584988,0.7065858100523967,1346.9734800545584
1955,2184587.7177574215,2090.2572653897982,,,,1.0091773914743392,0.9126878770519504,2.4957690313033636,0.9951232114678434,0.7065859550742707,1346.9734800485269
1956,2184587.6034859437,2090.25721072118,,,,1.0091773698213047,0.9126879008826895,2.495768554487147,0.9951232177061726,0.7065874955473339,1346.9734493440842
1957,2184587.715115394,2090.2572641258253,,,,1.0091773609026216,0.9126878749012972,2.4957684053850233,0.9951230901623624,0.7065858100523967,1346.9734800545584
1958,2184587.695095747,2090.257254548226,,,,1.0091773898791492,0.9126879008826895,2.4957686439464224,0.9951232254930502,0.7065855553240892,1346.9734815939132
1959,2184587.7125293785,2090.257262888649,,,,1.0091773592150157,0.9126878982621118,2.495768407377441,0.9951230855089894,0.7065761831601176,1346.9734800545584
1960,2184587.7110696333,2090.2572621902923,,,,1.0091773658531284,0.9126879008826895,2.495768408315218,0.9951230865450602,0.7065858100523967,1346.9734800545584
1961,498979.69398549356,998.9791729415524,,,,0.9841818250447348,0.9034719019379969,2.1671800413572013,0.9512672888547872,0.6889194306889341,431.38892957371536
1962,498979.72103349544,998.9792000171933,,,,0.9841818529266485,0.903472230267776,2.167180351676309,0.9512672546502343,0.6889151179293322,431.3889441399583
1963,498979.6728423077,998.9791517767602,,,,0.9841817829312086,0.9034719462617148,2.1671796090604243,0.9512673097225584,0.6889170428878669,431.38892587225985
1964,498979.6730211145,998.9791519557499,,,,0.9841817909812766,0.9034719721776631,2.167179944880401,0.9512673786881701,0.6889409201875151,431.38892937273135
1965,498979.7000243468,998.9791789865761,,,,0.9841818347095708,0.9034724307530885,2.1671799895428943,0.9512673222510417,0.6889253595081078,431.38891304598434
1966,498979.6821842004,998.9791611281993,,,,0.9841817978974435,0.9034719235437865,2.167180298235508,0.9512673024323005,0.6889194306889341,431.38892957371536
1967,498979.7203919325,998.9791993749748,,,,0.984181776575686,0.9034715914842768,2.1671800909442522,0.9512670839993419,0.6889194306889341,431.38892957371536
1968,498979.687310606,998.9791662598436,,,,0.984181887457728,0.9034718757387645,2.167180152376453,0.9512671790245997,0.6889194308948723,431.38892957371536
1969,498979.69219080976,998.9791711450342,,,,0.9841817466600542,0.9034717787454768,2.167180073722478,0.9512664562401517,0.6889403664386043,431.3889280701841
1970,498979.7059513234,998.9791849196095,,,,0.9841818172934216,0.9034719645838416,2.1671800333511415,0.951267390677976,0.6889194306889341,431.38892957371536
1971,498979.72730838443,998.9792062984939,,,,0.9841818585854217,0.903471763346647,2.167180636796232,0.9512672218205006,0.6889177333193282,431.38893136978163
1972,498979.6927703669,998.9791717251838,,,,0.9841818340365055,0.9034718337788501,2.1671800290045935,0.9512675567523675,0.6889230360916136,431.38892957371536
1973,498979.69701771304,998.9791759768704,,,,0.9841817775211499,0.9034717431770545,2.1671801355560314,0.9512672888768106,0.6889194306889341,431.38892957371536
1974,498979.68829593365,998.9791672461783,,,,0.9841816024787164,0.9034721882667129,2.167179372966726,0.9512669906118841,0.6889474849381212,431.38891058419665
1975,498979.66793111525,998.9791468605492,,,,0.9841818658465641,0.9034719038516216,2.1671798811289227,0.9512677236545226,0.6889156324730981,431.3889298866578
1976,498979.716976294,998.979195955846,,,,0.9841818183795878,0.9034718988138153,2.167179999660897,0.9512673452156658,0.6889194306889341,431.38892957371536
1977,498979.7174128661,998.9791963928639,,,,0.9841818171908445,0.9034718536382746,2.167180376654853,0.9512673979036741,0.6888827841703975,431.38892954687253
1978,498979.68212202424,998.9791610659598,,,,0.9841818687610443,0.9034719191618468,2.167180051545384,0.9512672809304253,0.6889357115384751,431.3889300582258
1979,498979.7017479234,998.9791807119137,,,,0.9841817979585202,0.9034718109714559,2.1671800403708277,0.9512672801175425,0.6889194306889341,431.38892957371536
1980,498979.70076025353,998.9791797232351,,,,0.984181845672918,0.9034719011813741,2.1671806403773552,0.9512673999142532,0.6889523518492078,431.38893028594316
1981,498979.6502985418,998.979129209957,,,,0.9841818336394338,0.9034719019379969,2.167180179785898,0.9512674210847643,0.6889220944152352,431.38889722540273
1982,498979.6938240092,998.979172779903,,,,0.9841818229863735,0.9034719134238577,2.1671800383749904,0.9512672886451897,0.6889194306889341,431.38892957371536
1983,498979.65882415936,998.9791377442871,,,,0.9841818459757752,0.9034719019379969,2.1671803206176334,0.9512674022403019,0.688931657668689,431.3889223047769
1984,498979.692020014,998.9791709740642,,,,0.984181822046827,0.9034718993157913,2.167180040203884,0.9512672858646423,0.6889194306889341,431.38892957371536
1985,498979.69008656166,998.9791690386363,,,,0.9841818283130439,0.9034719019379969,2.1671800413572013,0.9512672869613548,0.6889194306889341,431.38892957371536
1986,1074766.9708069847,1466.128896657444,,,,0.9573755609718797,0.8848687093502989,2.0880389891240068,0.9300385171636965,0.6630229662939058,811.7698072348392
1987,1074766.9650102302,1466.1288927036596,,,,0.957375591863659,0.8848690452643481,2.088039286530457,0.9300384872411029,0.6630231205100376,811.7698087113234
1988,1074766.9793579022,1466.128902489753,,,,0.9573755035147543,0.8848689789610668,2.088038567863521,0.9300385333737331,0.6630207642833186,811.7698192087721
1989,1074766.953632402,1466.1288849432071,,,,0.9573755330806297,0.8848687988897304,2.088038894552999,0.9300386179889621,0.6630214305897895,811.7698070483452
1990,1074766.987855188,1466.1289082854823,,,,0.9573755627964086,0.8848691221469729,2.0880389249625955,0.9300385358381633,0.6630214986048864,811.7698076011638
1991,1074766.955977867,1466.1288865429744,,,,0.957375534804142,0.8848685491629367,2.088039230949708,0.9300385391172805,0.6630229662939058,811.7698072348392
1992,1074766.994428719,1466.1289127690784,,,,0.9573755120434783,0.8848686868345195,2.088039060386573,0.9300383263781922,0.6630229662939058,811.7698072348392
1993,1074766.9626052908,1466.1288910633275,,,,0.9573756356895521,0.884868530557241,2.0880391146496056,0.9300384216377461,0.6630229478709586,811.7698072348392
1994,1074766.9300855654,1466.1288688826548,,,,0.9573755013379662,0.8848686393013425,2.0880390138569265,0.9300377373304803,0.6630209900486002,811.7698067343767
1995,1074766.9749451608,1466.1288994799625,,,,0.9573755318328169,0.8848687871376566,2.0880389761740497,0.9300386061976901,0.6630229662939058,811.7698072348392
1996,1074767.00135651,1466.128917494303,,,,0.9573756014643455,0.8848685888953014,2.088039528207291,0.930038455695259,0.6630237007899176,811.7698088440844
1997,1074766.969369411,1466.1288956769197,,,,0.9573755677896969,0.8848687869424006,2.0880389843779223,0.9300387676589829,0.6630278369809255,811.7698072348392
1998,1074766.9735654565,1466.1288985389097,,,,0.9573755230753648,0.8848687807709932,2.088039096352516,0.9300385218750328,0.6630229662939058,811.7698072348392
1999,1074767.0087499951,1466.1289225371659,,,,0.9573753839441793,0.8848670423784861,2.088038246351554,0.9300382477324097,0.663003195857418,811.7698296777631
2000,1074766.9284392875,1466.128867759779,,,,0.9573755697225202,0.8848689503739607,2.088038826300957,0.9300389316945679,0.6630254485860774,811.7697984092775
2001,1074766.990593427,1466.1289101531484,,,,0.9573755609376297,0.8848686548651481,2.088038946368867,0.9300385793068275,0.6630229662939058,811.7698072348392
2002,1074766.9939034241,1466.1289124107916,,,,0.957375574527258,0.8848692725362288,2.0880393222721576,0.9300386541583142,0.6630394041024493,811.7698069605783
2003,1074766.942594732,1466.1288774147615,,,,0.9573756024957804,0.8848687607125834,2.088038999823223,0.9300384975911657,0.6630042580631909,811.7697986645369
2004,1074766.978334586,1466.1289017917823,,,,0.9573755381937673,0.8848687094837078,2.0880389881486745,0.9300385133296467,0.6630229662939058,811.7698072348392
2005,1074766.9559320917,1466.1288865117494,,,,0.9573755714669967,0.8848676225373953,2.0880395424072935,0.9300386021482857,0.6630059752680784,811.7698066094813
2006,1074767.011544509,1466.1289244432155,,,,0.9573755676219393,0.8848694763613376,2.088039122211522,0.9300386436315143,0.6630210699145888,811.7698307171138
2007,1074766.9706398759,1466.1288965434646,,,,0.9573755588514857,0.8848687260568,2.088038986108884,0.9300385169433548,0.6630229662939058,811.7698072348392
2008,1074767.0075038294,1466.1289216871965,,,,0.9573755763631254,0.8848687093502989,2.088039310079777,0.930038611478523,0.6630188076734184,811.7698255624566
2009,1074766.9679096716,1466.1288946812792,,,,0.9573755587716096,0.8848687093502989,2.0880389875274017,0.9300385158719141,0.6630229662939058,811.7698072348392
2010,1074766.9673763865,1466.1288943175423,,,,0.957375565050521,0.8848687093502989,2.0880389891240068,0.9300385180675158,0.6630229662939058,811.7698072348392
2011,457225.33846857067,956.2691446120916,,,,0.9367598439181475,0.8708909574802033,1.9134017146849844,0.8959940792733325,0.6477927088283217,323.5086163347394
2012,457225.3669273395,956.2691743722994,,,,0.9367598949805058,0.8708911048384997,1.913402006972559,0.8959940571141188,0.6477952246092734,323.5086366813892
2013,457225.3105733301,956.2691154411818,,,,0.936759793248714,0.8708910392490312,1.913401251123891,0.8959941073951333,0.6478021711370773,323.50859630143225
2014,457225.3223845221,956.269127792508,,,,0.9367598032164974,0.8708907416321524,1.913401617513958,0.8959941496310414,0.6477485988530552,323.5086176409729
2015,457225.3536839101,956.269160523239,,,,0.9367598776862351,0.8708906879607261,1.913401650713756,0.8959941106960243,0.6477913587595968,323.50862730687385
2016,457225.3305893439,956.2691363725428,,,,0.936759818017499,0.870890774951022,1.9134019412610899,0.8959940839496607,0.6477918105636705,323.5086163347394
2017,457225.35456036864,956.2691614397787,,,,0.9367598035061467,0.8708920278583512,1.9134017925981757,0.8959938951283518,0.6477998002204685,323.5086122806839
2018,457225.33006368886,956.2691358228487,,,,0.9367599067282649,0.8708911628123195,1.9134018495172411,0.8959939792785043,0.6477881099296344,323.5086163347394
2019,457225.3362168438,956.2691422573919,,,,0.9367597527992687,0.8708909281325953,1.913401742797797,0.8959932997972104,0.6477865886910901,323.5086251464917
2020,457225.3444489994,956.2691508660093,,,,0.936759964200919,0.870890862773678,1.9134016978531425,0.8959942135586125,0.6477859988706085,323.5086163347394
2021,457225.3650086058,956.2691723658204,,,,0.9367598076861965,0.8708909469716842,1.9134021820949574,0.8959939798430143,0.6477916310286342,323.50861154843824
2022,457225.3361998915,956.2691422396642,,,,0.936759870962967,0.8708909410331805,1.913401713480598,0.8959943290681369,0.6477927088283217,323.5086163347394
2023,457225.34122304444,956.2691474925293,,,,0.9367598084661147,0.8708909719229105,1.913401828691312,0.8959940821630559,0.6477927088283217,323.5086163347394
2024,457225.3294992188,956.2691352325646,,,,0.9367596029966848,0.8708907882910962,1.9134008008554837,0.8959937731368125,0.6477730853621484,323.5086102674189
2025,457225.3288854227,956.2691345906998,,,,0.9367599381493533,0.8708911221519331,1.9134015703330705,0.8959945217163289,0.6477934342115831,323.50864486208695
2026,457225.3525835064,956.2691593725131,,,,0.9367598168674648,0.8708909427064069,1.9134016708884654,0.895994122418557,0.6477927088283217,323.5086163347394
2027,457225.3590822599,956.2691661684589,,,,0.9367598471981754,0.8708909529634946,1.9134020459555856,0.8959942124960181,0.647818383502911,323.5086172840342
2028,457225.32974571735,956.2691354903362,,,,0.9367598800897432,0.8708909574802033,1.9134017253982607,0.8959940513557819,0.6477800854369923,323.5086163347394
2029,457225.34833329153,956.2691549279334,,,,0.9367598213925828,0.8708909574802033,1.91340171371848,0.89599407443428,0.6477947303183801,323.5086163347394
2030,457225.338735653,956.2691448913876,,,,0.9367598556410722,0.8708909531915503,1.9134022303201823,0.8959941778105343,0.6477839805673548,323.5086144602645
2031,457225.29951395845,956.2691038760568,,,,0.9367598493493934,0.8708909574802033,1.9134018596730475,0.8959942033018802,0.6478023238635395,323.5085996763712
2032,457225.338307227,956.2691444433697,,,,0.9367598417717908,0.8708909574802033,1.9134017116841255,0.8959940790453433,0.6477927088283217,323.5086163347394
2033,457225.3154367509,956.2691205270103,,,,0.936759860582069,0.8708909574802033,1.9134020840851103,0.8959941720430032,0.6477927088283217,323.50860896060294
2034,457225.3389900764,956.2691451574464,,,,0.9367598419581084,0.8708909574802033,1.913401712820295,0.8959940784110071,0.6477927088283217,323.50862077164913
2035,457225.33510577015,956.269141095508,,,,0.9367598466196404,0.8708909574802033,1.9134017146849844,0.895994077016272,0.6477927088283217,323.5086163347394
2036,1081317.698941151,1470.590152925791,,,,0.9284188311464511,0.8627007505042865,1.955733892815258,0.8955791965179078,0.6404768765333605,797.1718451628749
2037,1081317.6967130748,1470.5901514106997,,,,0.9284188600808471,0.8627007313431356,1.9557341800805665,0.8955791677219382,0.6404735940549244,797.171846155534
2038,1081317.710294443,1470.5901606460209,,,,0.9284187816633505,0.8627005873847943,1.955733516693745,0.8955792189793788,0.6404771542334763,797.1718570269064
2039,1081317.6860085935,1470.590144131664,,,,0.9284188067553482,0.8627005376539869,1.95573381679377,0.8955792967253464,0.6404768765284815,797.171845009881
2040,1081317.7102051422,1470.5901605852946,,,,0.9284188311864106,0.8627003816536623,1.9557338470260985,0.8955792092853024,0.6404821049840337,797.1718457218453
2041,1081317.6888073378,1470.590146034807,,,,0.9284188044742064,0.8627006935117546,1.955734118270108,0.8955792204243966,0.6404768765333605,797.1718451628749
2042,1081317.7175031863,1470.5901655479577,,,,0.9284187825711023,0.8627017825414978,1.9557339812900834,0.8955790172649104,0.6404769168486925,797.1718451628749
2043,1081317.6937147912,1470.5901493718711,,,,0.9284189051668504,0.8627009296170458,1.9557340341790033,0.8955790962950532,0.6404740415966698,797.1718451628749
2044,1081317.6920352739,1470.5901482298007,,,,0.9284187694024034,0.8627007365326255,1.9557339115860704,0.8955784252019383,0.6404803789566132,797.1718447434328
2045,1081317.6985684484,1470.5901526723526,,,,0.9284187426322268,0.8627007384255111,1.9557338745239603,0.8955792663614816,0.6404768765333605,797.1718451628749
2046,1081317.7313343887,1470.5901749531638,,,,0.9284188964803773,0.8627006654760688,1.9557343267650547,0.895579159439723,0.6404794754146892,797.1718469873783
2047,1081317.6951940537,1470.5901503777682,,,,0.9284188281410769,0.8627007416574446,1.9557338928845536,0.8955794378760985,0.6404768765333605,797.1718451628749
2048,1081317.7021511616,1470.5901551085958,,,,0.9284187955567432,0.8627007245140017,1.9557340097493194,0.8955792032542869,0.6404768765333605,797.1718451628749
2049,1081317.7316471033,1470.5901751658096,,,,0.9284186603759789,0.8627012629179319,1.9557330075015944,0.8955789343113205,0.6405012765916346,797.171867740198
2050,1081317.6392673473,1470.590112347657,,,,0.9284187841993162,0.8627005003247499,1.9557337246623716,0.8955795643858055,0.6404766945451702,797.1718366119725
2051,1081317.7120750376,1470.5901618568223,,,,0.9284188328533695,0.8627007833784304,1.9557338483961373,0.8955792586225199,0.6404768765333605,797.1718451628749
2052,1081317.7238967982,1470.5901698956102,,,,0.9284188505991235,0.8627005099832542,1.9557342142705585,0.8955793285401245,0.6404787040702424,797.1718450240775
2053,1081317.6729506513,1470.590135252274,,,,0.9284188639075177,0.8627007580024708,1.9557339035681394,0.8955791648834039,0.6404768765333605,797.1718367492217
2054,1081317.7069269875,1470.5901583561526,,,,0.9284188089814209,0.862700751341873,1.9557338918543115,0.8955791926738625,0.6404862609855178,797.1718451628749
2055,1081317.6968614825,1470.590151511618,,,,0.9284188327797954,0.862700793371538,1.9557343889755967,0.8955792670107336,0.6404837363946722,797.1718446776562
2056,1081317.7404789885,1470.5901811714834,,,,0.9284188408138948,0.8627007478485145,1.9557340075282028,0.8955793248179875,0.6404687086050652,797.1718690527191
2057,1081317.6987852182,1470.590152819757,,,,0.9284188289767608,0.8627007505719562,1.955733889799908,0.8955791962876487,0.6404768765333605,797.1718451628749
2058,1081317.7237504912,1470.5901697961199,,,,0.928418845378896,0.862700750047867,1.9557342650920642,0.8955792842774571,0.6404768782421341,797.1718634990168
2059,1081317.698228976,1470.590152441513,,,,0.9284188295491587,0.8627007515952276,1.9557338908479602,0.8955791971686853,0.6404768765333605,797.1718451628749
2060,1081317.6960467068,1470.5901509575717,,,,0.9284188373459425,0.8627011410722494,1.955733892815258,0.8955792027683969,0.6404637517576354,797.1718451628749
2061,820838.7410990365,1281.2796268567108,,,,0.9189385495373802,0.847395242891999,1.880163616892295,0.8810180225589637,0.6336099813983849,657.8463377327871
2062,820838.7414847672,1281.2796271577622,,,,0.918938590830602,0.8473952221066353,1.8801638984704765,0.8810179938484038,0.6336081579321706,657.846336571048
2063,820838.7462177585,1281.279630851719,,,,0.9189385001256511,0.8473953996789645,1.8801632122746916,0.8810180452215237,0.6336101633986779,657.8463487091872
2064,820838.728355001,1281.2796169103779,,,,0.9189385167635961,0.8473948275745917,1.8801635338967584,0.8810181098602565,0.6336099797145515,657.846337566944
2065,820838.7559666765,1281.2796384604549,,,,0.9189385712433246,0.8473952783859523,1.880163573483283,0.8810180451781284,0.6336099774163019,657.846340447738
2066,820838.733030928,1281.279620559796,,,,0.9189385263122712,0.8473949602426576,1.8801638362210666,0.8810180431904021,0.633611347935123,657.8463377327871
2067,820838.7585468306,1281.2796404741875,,,,0.9189385086366533,0.8473951620779822,1.880163706808076,0.8810178466750194,0.63360977552188,657.8463377327871
2068,820838.7360173931,1281.2796228906425,,,,0.918938618191524,0.8473952091707939,1.8801637614452071,0.8810179309209057,0.6336113792133002,657.8463377327871
2069,820838.74391226,1281.2796290523472,,,,0.9189384755869983,0.8473951799040358,1.8801636383504583,0.8810172655157387,0.6335985113745941,657.8463380456305
2070,820838.7438423146,1281.2796289977568,,,,0.9189385927738017,0.8473951188489717,1.8801635976772595,0.8810181302189969,0.6336099021265568,657.8463377327871
2071,820838.7717601695,1281.279650786798,,,,0.9189385573322719,0.8473951755995031,1.8801640307104919,0.8810179588287134,0.6336086830186538,657.8463409603696
2072,820838.7378277335,1281.2796243035584,,,,0.918938566773848,0.8473951648190567,1.880163618556741,0.8810182643720074,0.6336126622924704,657.8463377327871
2073,820838.7447148621,1281.279629678753,,,,0.9189385198226713,0.8473952715013269,1.8801637351966636,0.8810180343922752,0.6336099813983849,657.8463377327871
2074,820838.7639282186,1281.2796446741975,,,,0.9189383499045402,0.8473957322783012,1.8801626765234867,0.8810177398335063,0.6336200109017156,657.8463597132337
2075,820838.6922897286,1281.2795887625223,,,,0.9189385947765742,0.8473954549420781,1.880163460129454,0.8810184456267174,0.6336178739775769,657.8463316279601
2076,820838.7528599552,1281.2796360357522,,,,0.9189385351208698,0.8473952882924018,1.8801635721508807,0.881018073844752,0.6336099813983849,657.8463377327871
2077,820838.7663052328,1281.2796465293845,,,,0.9189385719175438,0.8473950394273064,1.880163930218888,0.8810181746755884,0.6335970975195243,657.8463373819275
2078,820838.721961633,1281.2796119205461,,,,0.9189385831277503,0.8473952504305089,1.880163627731741,0.8810179896339861,0.6336099813983849,657.8463313540532
2079,820838.7497863843,1281.2796336369236,,,,0.9189385281330461,0.8473952437283171,1.8801636159356192,0.8810180189971017,0.6336136864198407,657.8463377327871
2080,820838.7438250905,1281.2796289843143,,,,0.9189385528716,0.8473953007296352,1.8801640985634085,0.8810181026510369,0.6336113242750272,657.8463372128942
2081,820838.7798939489,1281.2796571349675,,,,0.9189385563529796,0.8473952412506758,1.8801637408635692,0.8810181427496158,0.6336080618879649,657.8463660622956
2082,820838.7409430065,1281.2796267349343,,,,0.9189385473678008,0.8473952428879283,1.880163613894271,0.8810180223259535,0.6336099813983849,657.8463377327871
2083,820838.753914023,1281.2796368584204,,,,0.9189385614436113,0.847395242221465,1.880164003059158,0.8810181011623255,0.6336053228533689,657.8463549305261
2084,820838.7404843845,1281.2796263769935,,,,0.9189385477282601,0.8473952439505299,1.8801636148095338,0.8810180223857819,0.6336099813983849,657.8463377327871
2085,820838.7381529493,1281.279624557379,,,,0.9189385544171861,0.8473955503197688,1.880163616892295,0.8810180268051562,0.6336099813983849,657.8463377327871
2086,425341.21771094174,922.3244740447273,,,,0.9037844057646378,0.8476636706880069,1.855260561706336,0.8555113817222588,0.620671914001415,346.98891803195295
2087,425341.2157633714,922.3244719331379,,,,0.9037844317128365,0.8476636311125256,1.855261668760243,0.8555113470226683,0.6206720807715465,346.98891239874314
2088,425341.21398670785,922.3244700068493,,,,0.9037843621262136,0.8476634921997462,1.8552602469761308,0.855511402528047,0.6206699887393409,346.9889268818296
2089,425341.20607733144,922.3244614313678,,,,0.9037843764574452,0.847663456366444,1.8552604506532786,0.8555114753368731,0.6206727611578005,346.98891772420683
2090,425341.23722650454,922.3244952038345,,,,0.9037844085604444,0.8476633043358347,1.8552608076651778,0.8555113910425854,0.6206375027927783,346.9889252131495
2091,425341.2104852129,922.3244662104687,,,,0.903784381101048,0.8476636127343926,1.855260561706336,0.8555114070584698,0.620671914001415,346.98891803195295
2092,425341.23248931003,922.324490067688,,,,0.9037843613944901,0.8476646290782931,1.8552602743662474,0.8555112119929056,0.620671914001415,346.98891803195295
2093,425341.2117425884,922.3244675737366,,,,0.9037844705047858,0.8476638353852443,1.855260998854937,0.8555112880506646,0.620671914001415,346.98891803195295
2094,425341.2110416706,922.32446681379,,,,0.9037843387693919,0.847663626725335,1.8552606548575943,0.8555106541529502,0.6206721472095135,346.9889192452452
2095,425341.21644817333,922.3244726756121,,,,0.9037843457949813,0.8476636607179897,1.8552604296435633,0.8555114528598589,0.620671914001415,346.98891803195295
2096,425341.2457030165,922.3245043942146,,,,0.903784452762274,0.8476635910365831,1.8552620066084717,0.8555113394978252,0.6206718001266374,346.9889275804611
2097,425341.2142420219,922.3244702836654,,,,0.9037844060768766,0.8476636617434143,1.8552607639422087,0.8555116094269883,0.620671914001415,346.98891803195295
2098,425341.2196209453,922.3244761155859,,,,0.9037843756989702,0.8476636457565576,1.8552598667473936,0.8555113953375122,0.620671914001415,346.98891803195295
2099,425341.22831930977,922.3244855465025,,,,0.9037842332029538,0.8476641728413415,1.8552600700012831,0.8555111177550856,0.6207178774673099,346.9889360847162
2100,425341.1913773654,922.324445493412,,,,0.9037843856508834,0.8476633713075175,1.8552598532412174,0.855511753104818,0.6206828876032355,346.98891516792196
2101,425341.22857319197,922.324485821765,,,,0.9037844042548506,0.8476636994495286,1.8552606195207357,0.8555114415401986,0.620671914001415,346.98891803195295
2102,425341.2415802096,922.324499924197,,,,0.9037844380867693,0.8476634505066167,1.8552604685653618,0.8555115344622526,0.6206543838183095,346.9889166972114
2103,425341.2068972984,922.32446232039,,,,0.903784432341188,0.8476636783485654,1.855260561706336,0.8555113364842811,0.6206720871618376,346.9889146546368
2104,425341.22768376645,922.3244848574346,,,,0.9037843850410356,0.8476636715198411,1.855260561706336,0.8555113770117574,0.620671914001415,346.98891803195295
2105,425341.21461584314,922.3244706889686,,,,0.9037843991274335,0.8476637205162443,1.855260561706336,0.8555114430481178,0.620671742592913,346.98891767062065
2106,425341.2336112586,922.324491284124,,,,0.9037844141407186,0.8476636690182897,1.855260561706336,0.8555114993410864,0.6206595462210822,346.98895082258673
2107,425341.21755608526,922.3244738768292,,,,0.9037844036046601,0.8476636705844784,1.855260561706336,0.8555113814888587,0.620671914001415,346.98891803195295
2108,425341.2243387151,922.324481230673,,,,0.9037844191468711,0.8476636700431565,1.855260561706336,0.8555114624322722,0.6206720764717626,346.98893243714946
2109,425341.2176821342,922.3244740134938,,,,0.9037844045400076,0.8476636717858617,1.855260561706336,0.8555113829285804,0.620671914001415,346.98891803195295
2110,425341.215087972,922.3244712008586,,,,0.9037844115569704,0.8476640356049643,1.855260561706336,0.8555113888147322,0.620671914001415,346.98891803195295
2111,993551.4997836953,1409.6464094117325,,,,0.8974836577345754,0.8381107456978638,1.8903997973746265,0.857204321271457,0.6093473416613504,817.9653846919813
2112,993551.5599597985,1409.6464521005248,,,,0.897483711387881,0.8381106706756345,1.8904000876390583,0.8572042921674096,0.609347327948945,817.965404022993
2113,993551.476048517,1409.6463925740502,,,,0.897483606690676,0.8381105450992903,1.8903993834169537,0.8572043437719299,0.6093458418365623,817.965382905934
2114,993551.4978921622,1409.6464080698836,,,,0.8974836129682607,0.8381105019296828,1.8903997172664775,0.8572043862960419,0.6093473380221264,817.9653846131282
2115,993551.4763452662,1409.646392784564,,,,0.8974836947883222,0.8381103884647154,1.8903997544667621,0.8572043469358929,0.6093472561238756,817.9653643450819
2116,993551.4960121458,1409.646406736204,,,,0.8974836268506049,0.8381106822753083,1.8904000062971655,0.857204327350282,0.6093510667240719,817.9653846919813
2117,993551.5124676859,1409.646418409727,,,,0.8974836264260204,0.8381116735529954,1.8903998865503169,0.8572041611676666,0.6093444623429728,817.9653846919813
2118,993551.497283732,1409.6464076382645,,,,0.8974837080815001,0.8381109031943204,1.8903999559599178,0.8572042327453686,0.6093484407190846,817.9653846919813
2119,993551.5414035759,1409.6464389367825,,,,0.8974835709103862,0.8381106542036874,1.8903998181667938,0.8572036003262832,0.6093423597747063,817.9653831985105
2120,993551.5062903415,1409.6464140275332,,,,0.897483839529381,0.8381107346080994,1.8903997755259483,0.8572044616473994,0.6093473416613504,817.9653846919813
2121,993551.531029959,1409.6464315777623,,,,0.8974836165927225,0.8381106555292537,1.8904001485359505,0.8572042597538478,0.6093456631876271,817.9653862670838
2122,993551.4965359782,1409.646407107809,,,,0.8974836972663996,0.8381107371760115,1.8903998047979778,0.8572045552139482,0.6093473416613504,817.9653846919813
2123,993551.5078505666,1409.6464151343532,,,,0.8974836397248898,0.8381107214416014,1.89039992051361,0.8572043370399399,0.6093473416613504,817.9653846919813
2124,993551.4703752485,1409.6463885494481,,,,0.8974834526705738,0.838111237630397,1.890398674005776,0.8572040385516397,0.6093474909642443,817.9653656974415
2125,993551.4588046889,1409.6463803413174,,,,0.8974837603163467,0.8381104460883056,1.8903996543979193,0.8572047479757965,0.6093466136405272,817.9653847611868
2126,993551.5076786685,1409.6464150124084,,,,0.8974836363883685,0.838110773023516,1.8903997513772803,0.8572043691413477,0.6093473416613504,817.9653846919813
2127,993551.521333576,1409.6464246991702,,,,0.8974837009414273,0.8381105729396361,1.8904000689413722,0.8572045172181673,0.6093472240158965,817.9653844063976
2128,993551.4941070522,1409.6464053847349,,,,0.8974836923487944,0.8381107533740606,1.8903998085659663,0.8572042848625785,0.6093473416613504,817.9653847834002
2129,993551.5074015304,1409.6464148158077,,,,0.8974836399482288,0.8381107465273061,1.890399796437795,0.857204321683034,0.6093407157662258,817.9653846919813
2130,993551.5199874961,1409.646423744263,,,,0.8974836512342066,0.8381108124970864,1.890400227720297,0.8572043855222131,0.6093475437109197,817.9653849393509
2131,993551.4158857923,1409.6463498947462,,,,0.8974836665246884,0.838110745916729,1.8903999189926581,0.8572044351972317,0.6093471164123616,817.9653522611968
2132,993551.4996339795,1409.6464093055245,,,,0.8974836555728822,0.8381107456665559,1.8903997944558746,0.8572043210360428,0.6093473416613504,817.9653846919813
2133,993551.4534037402,1409.6463765098958,,,,0.8974836725580101,0.8381107445762201,1.8904002188852949,0.8572044008532866,0.6093473416613504,817.9653808005567
2134,993551.5005847908,1409.6464099800278,,,,0.8974836563482251,0.8381107466231612,1.8903997948993903,0.8572043224649332,0.6093473416613504,817.9653846919813
2135,993551.4969802363,1409.646407422965,,,,0.897483661366647,0.8381109745183792,1.8903997973746265,0.8572043240090383,0.6093473416613504,817.9653846919813
2136,614464.3209751309,1108.5705399072554,,,,0.888669882049372,0.8342320072416896,1.8624954155725126,0.8417147418251463,0.6050849197917223,582.0952948230911
2137,614464.3547077975,1108.5705703362307,,,,0.8886699052454551,0.8342319641235452,1.862496505509591,0.8417147045547508,0.6050846381641258,582.0953120063375
2138,614464.3042499544,1108.5705248200984,,,,0.8886698470412069,0.8342318266700965,1.8624951081089265,0.8417147629639167,0.6050845067760328,582.0952918903948
2139,614464.3180987401,1108.5705373125697,,,,0.8886698501799204,0.8342317922366476,1.8624953023927489,0.841714827850603,0.6050832140966349,582.0952947199686
2140,614464.3088653716,1108.5705289834941,,,,0.888669888252971,0.8342316535697429,1.8624956731258782,0.8417147503900138,0.6050843298538046,582.0952765455033
2141,614464.3163261188,1108.5705357135544,,,,0.8886698521223431,0.8342319440059116,1.8624954155725126,0.8417147590182558,0.6050848776611649,582.0952948230911
2142,614464.333372955,1108.570551090868,,,,0.8886698408649338,0.8342329175356105,1.8624951308788207,0.8417145823956262,0.6050849197917223,582.0952948230911
2143,614464.3169950822,1108.5705363170016,,,,0.888669941884493,0.8342321591696271,1.8624958489263612,0.8417146494522865,0.6050785533561525,582.0952948230911
2144,614464.3412263852,1108.5705581751533,,,,0.8886698121026185,0.8342319532804976,1.862495506907732,0.8417140331034768,0.6050861300288156,582.0952933538431
2145,614464.3206182371,1108.570539585314,,,,0.888669841271804,0.8342319961649396,1.8624952829015347,0.8417148146677854,0.6050819531652561,582.0952948230911
2146,614464.3511716137,1108.5705671463713,,,,0.888669912728743,0.8342319359905894,1.8624968519671508,0.84171469858752,0.6050842046474312,582.0952964947667
2147,614464.3167702741,1108.5705361142109,,,,0.8886698853074071,0.8342319989396156,1.8624956163360442,0.8417149633970373,0.6050845886136579,582.0952948230911
2148,614464.3266326871,1108.5705450107246,,,,0.8886698532903922,0.8342319837632155,1.862494721454492,0.8417147567331827,0.6050849197917223,582.0952948230911
2149,614464.3035726355,1108.5705242091144,,,,0.888669716615425,0.8342325464184002,1.8624949277301852,0.841714487925027,0.6050862980820265,582.0952756785971
2150,614464.2806033243,1108.5705034893576,,,,0.8886698702831604,0.8342316824957076,1.8624947067406112,0.8417151035433911,0.6050794074562843,582.0952950060655
2151,614464.329048058,1108.5705471895405,,,,0.8886698779155068,0.834232036331811,1.8624954721240086,0.8417148009173285,0.6050849197917223,582.0952948230911
2152,614464.3413795473,1108.5705583133156,,,,0.8886699194890423,0.8342317812216478,1.8624953242475208,0.8417149044427663,0.6050836325968517,582.095294391476
2153,614464.3146307158,1108.5705341841951,,,,0.8886699060123818,0.8342320149985775,1.8624954155725126,0.841714693068446,0.6050752699952208,582.0952951048273
2154,614464.328846053,1108.5705470073192,,,,0.8886698599173516,0.8342320080674761,1.8624954155725126,0.8417147338807067,0.6050870160587648,582.0952948230911
2155,614464.3311431358,1108.5705490794317,,,,0.8886698711918114,0.8342320572206068,1.8624954155725126,0.8417147972218743,0.6050876994344379,582.0952951768788
2156,614464.2586675646,1108.5704837019302,,,,0.888669890948895,0.8342320059737209,1.8624954155725126,0.84171485049756,0.6050863612436554,582.0952618866429
2157,614464.3208273975,1108.5705397739905,,,,0.8886698798985869,0.8342320072692833,1.8624954155725126,0.8417147415914855,0.6050849197917223,582.0952948230911
2158,614464.2904409608,1108.5705123635232,,,,0.8886698941358244,0.8342320065081212,1.8624954155725126,0.8417148139743568,0.6050829079761353,582.0952886583947
2159,614464.3213976832,1108.5705402884241,,,,0.8886698810521815,0.8342320081831055,1.8624954155725126,0.8417147442130597,0.6050799805357086,582.0952948230911
2160,614464.3185030627,1108.570537677295,,,,0.8886698882353089,0.8342323969557126,1.8624954155725126,0.8417147505661258,0.6050849197917223,582.0952948230911
2161,300498.65834926843,775.2401671085785,,,,0.8735500115482993,0.817773841596138,1.8669712465308785,0.8177232394291911,0.5950487085542906,177.5377189789039
2162,300498.6648025599,775.2401754328267,,,,0.8735500520910444,0.8177737761628818,1.866972326135081,0.8177232113524077,0.5950479754451204,177.53771531761103
2163,300498.64625408454,775.2401515067245,,,,0.8735499670426122,0.8177741474771996,1.866970946250327,0.8177232561194266,0.5950478472239867,177.53772797656038
2164,300498.654091573,775.2401616164798,,,,0.8735499637853043,0.8177735453079883,1.8669711263821303,0.8177233164508552,0.5950507884463637,177.53771447120778
2165,300498.66862905567,775.2401803687108,,,,0.8735500301676737,0.8177738771970391,1.8669715132788722,0.8177232492673161,0.5950476765038325,177.53772907324338
2166,300498.65251216193,775.2401595791616,,,,0.8735499810988704,0.8177739630044252,1.8669712465308785,0.8177232556971189,0.5950513415422042,177.5377189789039
2167,300498.66972951614,775.2401817882197,,,,0.8735499760450609,0.8177737713249409,1.8669709644114363,0.8177230906215417,0.5950487085542906,177.5377170366297
2168,300498.65220910177,775.240159188237,,,,0.8735500743464647,0.8177737429753764,1.8669716818282924,0.8177231621852673,0.5950470899681365,177.5377189789039
2169,300498.64663150255,775.2401519935648,,,,0.8735499469276357,0.8177737757642349,1.866971342541235,0.8177225562912734,0.5950496922105417,177.53770917959534
2170,300498.65989319084,775.2401691001194,,,,0.8735501011629982,0.8177738427727406,1.8669711144793084,0.817723346698891,0.5950487085542906,177.5377189789039
2171,300498.6802039385,775.2401952994164,,,,0.8735499944709086,0.8177740510146834,1.8669726709254861,0.8177231836427458,0.5950584419296138,177.53771882620055
2172,300498.654682486,775.2401623787123,,,,0.8735500348772399,0.8177738048614667,1.8669714445074006,0.8177234554815833,0.5950479392642398,177.5377189789039
2173,300498.6614327154,775.2401710859872,,,,0.8735499936403741,0.8177737371130571,1.8669705710650348,0.8177232595343638,0.5950487085542906,177.5377189789039
2174,300498.65428494365,775.2401618659133,,,,0.8735498432207951,0.8177741712205191,1.8669707576207466,0.8177229838094641,0.5950608645105877,177.53771879788573
2175,300498.6470112656,775.2401524834296,,,,0.8735500555016965,0.8177742674713888,1.8669705627367792,0.8177236433011675,0.5950427970772874,177.53772133198177
2176,300498.6654976388,775.2401763294247,,,,0.8735500020180422,0.8177738837742455,1.8669713031081452,0.8177232954233034,0.5950487085542906,177.5377189789039
2177,300498.67904903647,775.2401938096817,,,,0.873550066400091,0.8177738668855348,1.8669711505307054,0.8177234373785287,0.5950470034381975,177.53774491777799
2178,300498.6527419387,775.2401598755558,,,,0.8735500384347948,0.8177738352531403,1.8669712465308785,0.8177231906103833,0.5950487310804013,177.5377189789039
2179,300498.66809755337,775.2401796831139,,,,0.873549991058481,0.8177739123966924,1.8669712465308785,0.8177232340738111,0.595050383919647,177.5377189789039
2180,300498.65109608194,775.2401577525278,,,,0.8735499940760828,0.8177738814249667,1.8669712465308785,0.8177232792522309,0.5950528906317311,177.53771489836478
2181,300498.63007266563,775.2401306339417,,,,0.873550020650365,0.8177740263089673,1.8669712465308785,0.8177233407118535,0.5950555482653421,177.53769719086444
2182,300498.65820320323,775.2401669201657,,,,0.8735500094308802,0.8177738395381767,1.8669712465308785,0.8177232391985334,0.5950487085542906,177.5377189789039
2183,300498.6587929937,775.2401676809499,,,,0.8735500253879084,0.8177745613012335,1.8669712465308785,0.8177233131644926,0.5950479556596192,177.53772112834966
2184,300498.65925559594,775.2401682776712,,,,0.8735500106071696,0.817773844354851,1.8669712465308785,0.8177232421523017,0.595043996202063,177.5377300654982
2185,300498.6559804088,775.2401640529324,,,,0.8735500175646621,0.817774220626992,1.8669712465308785,0.8177232482481113,0.5950487085542906,177.5377189789039
2186,984304.4878117777,1403.0712653402743,,,,0.8690206792265301,0.8103902918927088,1.8713756416309721,0.827113308434327,0.5859077870977688,695.182330662688
2187,292566.2390599622,764.9395257926762,,,,0.8703212459728028,0.8160770338814345,1.8683697168609654,0.8137742703937434,0.5923867969414583,177.48517935949005
2188,292566.23742230673,764.939523651781,,,,0.8703212458282252,0.8160770308576561,1.868370789247788,0.8137742194989793,0.592388923024282,177.48517570030413
2189,292566.2331824759,764.9395181090803,,,,0.8703212304526456,0.8160773466294821,1.8683694177084513,0.8137742929838444,0.5923639125810984,177.485188355321
2190,292566.2346842291,764.9395200723113,,,,0.8703212036596529,0.8160768446878521,1.868369596034523,0.8137743365062011,0.5924409666781091,177.48517485192733
2191,292566.2503635108,764.9395405697246,,,,0.8703212379778292,0.8160770729413642,1.868369986123478,0.8137742738095765,0.5923867899998007,177.48518945323897
2192,292566.23439163534,764.9395196898059,,,,0.8703212207152184,0.8160771552628003,1.8683697168609654,0.8137742838864911,0.5923874712949186,177.48517935949005
2193,292566.2504628478,764.9395406995874,,,,0.8703212022888752,0.8160769644153207,1.8683694361413599,0.8137741267512058,0.5923931373683545,177.48517741596302
2194,292566.2317069474,764.939516180132,,,,0.8703213143502243,0.8160769397328643,1.868370139306967,0.8137741711439167,0.5923724590585058,177.48517935949005
2195,292566.2360470606,764.9395218539315,,,,0.8703211871126965,0.8160769769149616,1.8683698040421894,0.8137735827495193,0.5923871924584956,177.48516956006463
2196,292566.2335855397,764.9395186360026,,,,0.8703210614156052,0.8160770357241569,1.8683695841229921,0.8137743025222567,0.5923867969414583,177.48517935949005
2197,292566.26584649045,764.9395608105132,,,,0.8703213174846545,0.8160771400934905,1.8683711320711458,0.8137742375812314,0.5923880757065177,177.48517920755316
2198,292566.2341823167,764.9395194161649,,,,0.8703212231408602,0.8160769978581303,1.868369915342022,0.8137744753059243,0.5923867969414583,177.48517935949005
2199,292566.24133973656,764.939528773009,,,,0.8703212083982015,0.8160769302513927,1.868369015807252,0.8137742822129372,0.5923867969414583,177.48517935949005
2200,292566.2462950204,764.9395352510164,,,,0.8703211061312787,0.8160775275355359,1.8683692386307038,0.813774044850016,0.5924297095146107,177.48517917795166
2201,292566.20337919303,764.9394791474591,,,,0.8703211534949591,0.8160769866201377,1.868368993905383,0.8137745592088533,0.5923871113960854,177.4851817050342
2202,292566.2463080808,764.9395352680901,,,,0.8703212498250001,0.816077076449002,1.8683697712765626,0.8137743349707512,0.5923867969414583,177.48517935949005
2203,292566.25934385374,764.939552309663,,,,0.8703212804610196,0.8160768255013993,1.868369629689982,0.8137744193769454,0.5924023200804138,177.48520530464148
2204,292566.230860882,764.9395150740769,,,,0.8703212557770332,0.8160770273549888,1.8683697168609654,0.8137742046480935,0.5923857247414417,177.48517935949005
2205,292566.24857176293,764.9395382273855,,,,0.8703212209480363,0.8160770596185307,1.8683697168609654,0.8137742557063405,0.5923867969414583,177.48517935949005
2206,292566.23652617127,764.9395224802695,,,,0.8703212248826783,0.8160770825650703,1.8683697168609654,0.8137743046676318,0.5923867264468364,177.48517527793652
2207,292566.23355220386,764.939518592423,,,,0.8703212542428493,0.8160771264119597,1.8683697168609654,0.8137743680524999,0.5923702475118812,177.48515756765627
2208,292566.2389154041,764.9395256036964,,,,0.870321243860072,0.8160770319609507,1.8683697168609654,0.8137742701643691,0.5923867969414583,177.48517935949005
2209,292566.24168762565,764.9395292278019,,,,0.8703212581134336,0.8160775666887112,1.8683697168609654,0.8137743385052395,0.5923834138245003,177.4851815093728
2210,292566.2394099312,764.9395262501882,,,,0.8703212454002207,0.8160770366427905,1.8683697168609654,0.8137742744618084,0.5923867969414583,177.48519044572748
2211,292566.23671362427,764.9395227253253,,,,0.8703212521329338,0.8160774219696886,1.8683697168609654,0.8137742796759624,0.5923867969414583,177.48517935949005
2212,272439.09108821716,738.1586429599228,,,,0.8634776554233229,0.8121375377171949,1.8704070370316033,0.8049563714416853,0.5860268136092381,177.4094140494258
2213,272439.095803933,738.1586493484082,,,,0.8634776912252912,0.8121377031261163,1.8704081076804817,0.8049563350402454,0.5860270088430191,177.40941039223287
2214,272439.08271091356,738.1586316110021,,,,0.8634776123602715,0.8121376702906284,1.8704067417545966,0.8049563893819991,0.5860299763077981,177.40942304354976
2215,272439.0885915584,738.1586395776432,,,,0.8634776129104906,0.8121375768545699,1.8704069152823672,0.8049564494219291,0.5860266601014972,177.4094095422589
2216,272439.1016356378,738.1586572487485,,,,0.8634776705102652,0.8121376259898594,1.870407307467896,0.8049563783103704,0.5860274689494352,177.40942414250515
2217,272439.08692493296,738.1586373198282,,,,0.8634776236811765,0.812137797074713,1.8704070370316033,0.8049563853610909,0.5860303868448858,177.4094140494258
2218,272439.1022636346,738.15865809951,,,,0.8634776224542018,0.8121373886003258,1.8704067572336789,0.804956229788772,0.5860268136092381,177.4094121039032
2219,272439.08568721573,738.1586356430653,,,,0.8634777130569303,0.8121375209477535,1.870407469404875,0.8049562898064068,0.5860271186898987,177.4094140494258
2220,272439.0973475652,738.1586514396012,,,,0.8634775922983846,0.8121374157114942,1.8704071319108417,0.8049556988435533,0.5860309573086112,177.4094042508591
2221,272439.0918439339,738.1586439837091,,,,0.863477727140478,0.8121375473897786,1.8704069046630918,0.804956469838768,0.5860292205071976,177.4094140494258
2222,272439.11420718,738.1586742796968,,,,0.8634776444025106,0.812137758729975,1.8704084552791203,0.8049563195122517,0.586027541188881,177.40941389876633
2223,272439.08706357755,738.1586375076535,,,,0.8634776767418917,0.8121375148502056,1.8704072347934724,0.8049565815566911,0.5860268136092381,177.4094140494258
2224,272439.0945625852,738.1586476667266,,,,0.8634776385587594,0.812137447786941,1.8704063610068282,0.8049563929527075,0.586027262068904,177.4094140494258
2225,272439.0913407659,738.1586433020559,,,,0.8634775029831816,0.8121372989681099,1.870406550960065,0.8049561337087203,0.586027165590391,177.40941386681612
2226,272439.066056689,738.1586090491516,,,,0.863477680602387,0.81213802913671,1.870406351265817,0.804956750060012,0.5860362778319256,177.4094163835612
2227,272439.0975276436,738.1586516835574,,,,0.8634776486818188,0.8121375226691632,1.870407092696741,0.8049564293908746,0.5860268136092381,177.4094140494258
2228,272439.11337963963,738.1586731586101,,,,0.8634777170588547,0.8121375422115498,1.8704069421625953,0.8049565781143108,0.5860347444819419,177.40944000724318
2229,272439.08506753715,738.1586348035728,,,,0.8634776801967152,0.8121375223281961,1.8704070370316033,0.8049563195809761,0.58603381096844,177.4094140494258
2230,272439.1011830997,738.1586566356851,,,,0.8634776358996898,0.8121375278574751,1.8704070370316033,0.8049563649471249,0.5860252376949493,177.4094140494258
2231,272439.0924798362,738.1586448451799,,,,0.8634776343566501,0.8121375150811451,1.8704070370316033,0.8049564054916767,0.5860268136092381,177.4094099662859
2232,272439.07637918205,738.158623033264,,,,0.8634776630133022,0.8121377073685769,1.8704070370316033,0.8049564644740126,0.5860314908437619,177.40939224936417
2233,272439.09094610706,738.1586427674031,,,,0.8634776533213545,0.8121375334339179,1.8704070370316033,0.8049563712121819,0.5860268136092381,177.4094140494258
2234,272439.08703575894,738.1586374699672,,,,0.8634776681429327,0.8121382304754257,1.8704070370316033,0.8049564396663527,0.5860268136092381,177.40941619952736
2235,272439.0916679232,738.1586437452634,,,,0.8634776545806115,0.8121375396990962,1.8704070370316033,0.8049563753464545,0.5860268136092381,177.40942513582203
2236,272439.08889818564,738.1586399930382,,,,0.8634776623806564,0.8121375377171949,1.8704070370316033,0.8049563828087303,0.5860268136092381,177.4094140494258
2237,312839.984381839,790.9993481436494,,,,0.8531483143475417,0.7991863099108361,1.8750389525962996,0.7951206110007712,0.5763635976966777,200.47829478311044
2238,312840.001030167,790.999369190857,,,,0.853148322765312,0.7991865258509558,1.8750400053495304,0.795120566885778,0.5763632050370066,200.4783074745314
2239,312839.9701681319,790.9993301743458,,,,0.8531482965035292,0.799186451366235,1.8750386683775209,0.7951206256976244,0.5763629552935416,200.47829052039546
2240,312839.9850657482,790.9993490082635,,,,0.8531482820561112,0.7991864066762213,1.875038819660367,0.795120692570156,0.5763627820295769,200.4782945005204
2241,312839.9887372586,790.9993536498732,,,,0.8531483092081124,0.7991863876314071,1.8750392263725362,0.7951206162973659,0.5763639780849245,200.4782809652491
2242,312839.9814320557,790.999344414464,,,,0.8531482947258661,0.7991865678664425,1.8750389525962996,0.7951206377216516,0.5763686519935555,200.47829478311044
2243,312839.9933207765,790.9993594444645,,,,0.8531482769365306,0.7991861567588525,1.8750386766974856,0.7951204791107146,0.5763635976966777,200.47829478311044
2244,312839.98015067226,790.9993427945087,,,,0.8531483770211518,0.7991862943700754,1.8750393674809,0.7951205264947869,0.5763612575899164,200.47829478311044
2245,312840.0028946551,790.9993715479869,,,,0.8531482510091108,0.7991861860845477,1.8750390456871915,0.795119952680887,0.5763549458548923,200.4782936312253
2246,312839.97975721327,790.9993422970887,,,,0.8531481608090403,0.7991863198616249,1.8750388198510186,0.7951206482093675,0.5763635976966777,200.47829478311044
2247,312840.0043628103,790.9993734040634,,,,0.8531483680060603,0.799186472875212,1.8750403261041082,0.7951205681056683,0.5763588105056056,200.47829367276893
2248,312839.97905806935,790.9993414132142,,,,0.8531482955258228,0.7991862888031804,1.8750391501028996,0.7951208029515869,0.5763635976966777,200.47829478311044
2249,312839.98711607035,790.9993516003292,,,,0.8531482812710953,0.7991862203705432,1.8750382771871845,0.7951206276397319,0.5763599823366073,200.47829478311044
2250,312839.9762159198,790.9993378201018,,,,0.8531481724036551,0.79918615093424,1.8750384824719342,0.7951203851540646,0.5763217818981863,200.47827602764605
2251,312839.96478592703,790.9993233700357,,,,0.8531482651333003,0.7991864818205471,1.8750382593325012,0.7951209429274521,0.5763500249863287,200.47829536889242
2252,312839.9897424205,790.9993549206227,,,,0.8531483085244576,0.7991862951545378,1.8750390059482285,0.7951206703118254,0.5763635976966777,200.47829478311044
2253,312840.0043116229,790.9993733393509,,,,0.8531483626858148,0.7991861459394585,1.87503885951544,0.7951207853988366,0.5763577228270907,200.47829390119506
2254,312839.97787013993,790.9993399114061,,,,0.8531483232349855,0.7991862944359263,1.8750389525962996,0.7951205423852795,0.5763635976966777,200.4782958158508
2255,312839.9946633669,790.999361141799,,,,0.8531482920179008,0.7991862743225979,1.8750389525962996,0.7951205977778543,0.5763635976966777,200.47829478311044
2256,312839.99165111245,790.9993573336358,,,,0.8531482892950608,0.7991862937736722,1.8750389525962996,0.7951206417673073,0.5763651183744665,200.47829533347863
2257,312839.94758155925,790.999301619868,,,,0.8531483182196419,0.7991864208659943,1.8750389525962996,0.7951206906427223,0.5763550430728088,200.47826170736607
2258,312839.9842458087,790.9993479716767,,,,0.8531483122616742,0.7991863056962909,1.8750389525962996,0.7951206107722382,0.5763635976966777,200.47829478311044
2259,312839.96741255757,790.9993266906839,,,,0.8531483243354353,0.7991868887496378,1.8750389525962996,0.7951206680348337,0.5763708774819045,200.47828477816952
2260,312839.98604410456,790.9993502451247,,,,0.8531483139809881,0.7991863119306536,1.8750389525962996,0.7951206170332044,0.5763635976966777,200.47829478311044
2261,312839.98237431387,790.9993456056889,,,,0.8531483219577451,0.7991863099108361,1.8750389525962996,0.7951206244878191,0.5763635976966777,200.47829478311044
2262,378503.29481996765,870.0612562572452,,,,0.8478289511809739,0.793845762681197,1.8776819423576743,0.7909267572035654,0.570182046957381,282.38701790109604
2263,378503.288540799,870.0612490403179,,,,0.8478289977124713,0.793845936097437,1.8776829919676148,0.7909267245919384,0.5701875054904265,282.38701155160743
2264,378503.29595036455,870.0612575564601,,,,0.8478289024667007,0.7938459393404433,1.8776816599943942,0.7909267736825631,0.5701838986741725,282.38702553238306
2265,378503.2957603485,870.0612573380663,,,,0.8478289105427651,0.7938457907572873,1.877681809223903,0.7909268342290727,0.5701813141408275,282.3870175584132
2266,378503.30585298454,870.0612689379808,,,,0.8478289717656684,0.7938458478082349,1.8776822176940695,0.790926766930709,0.5701834513332789,282.38702553774425
2267,378503.29147662176,870.0612524145887,,,,0.8478289182484101,0.793846005174309,1.8776819423576743,0.7909267694716164,0.5701805104533751,282.38701790109604
2268,378503.3061949642,870.061269331033,,,,0.8478289252697047,0.7938456144980565,1.8776816669179799,0.7909266283064447,0.5701835836016342,282.38701790109604
2269,378503.28901447746,870.0612495847373,,,,0.8478290063326573,0.7938457212895063,1.8776823641406568,0.7909266851745529,0.5701844923146868,282.38701790109604
2270,378503.29155090416,870.0612524999649,,,,0.8478288866275687,0.793845660867708,1.8776820419101243,0.7909261078272747,0.5701790512807414,282.38701995543096
2271,378503.29666887573,870.0612583822772,,,,0.8478290831991766,0.7938457727404236,1.877681810095914,0.7909268703096474,0.5701772658006734,282.38701790109604
2272,378503.31568837265,870.0612802422281,,,,0.8478289188684441,0.7938460425619147,1.8776833135983766,0.7909267023173371,0.5701890342396936,282.38703115808727
2273,378503.29040971946,870.0612511883511,,,,0.8478289819641203,0.7938457424002989,1.877682138938287,0.7909269569943856,0.5701814747052097,282.38701790109604
2274,378503.2985367792,870.0612605291415,,,,0.847828941539193,0.7938456726360027,1.8776812900034399,0.7909267832422778,0.5701846100446786,282.38701790109604
2275,378503.3067711359,870.0612699932527,,,,0.8478288075380521,0.793845510889317,1.8776814671310766,0.7909265269753165,0.570189922727744,282.38703196674373
2276,378503.2636844613,870.0612204718254,,,,0.8478289932102048,0.7938462999835354,1.877681282434606,0.7909271451698161,0.5701842924800515,282.38701565682345
2277,378503.29989267216,870.0612620875295,,,,0.8478289411398148,0.7938457482750573,1.877681997369532,0.7909268127856504,0.5701757465487693,282.38701790109604
2278,378503.3182007674,870.0612831298351,,,,0.8478290361849502,0.7938458496546035,1.8776818428152071,0.7909269980431263,0.5701855444883167,282.3870160719724
2279,378503.2873957902,870.0612477243084,,,,0.847828977509847,0.7938457473806624,1.8776819423576743,0.7909267067428197,0.570182046957381,282.38701498927503
2280,378503.3055274666,870.0612685638488,,,,0.8478289339802769,0.7938457909591061,1.8776819423576743,0.790926752541443,0.570182046957381,282.38701790109604
2281,378503.2915741816,870.0612525267194,,,,0.8478289260903771,0.7938457362692076,1.8776819423576743,0.7909267824943618,0.570182046957381,282.3870176768165
2282,378503.30399384745,870.0612668011921,,,,0.8478289571057986,0.7938459447852371,1.8776819423576743,0.7909268388739631,0.570182046957381,282.3870515639555
2283,378503.2946871398,870.0612561045803,,,,0.8478289491012136,0.7938457584783898,1.8776819423576743,0.7909267569744236,0.570182046957381,282.38701790109604
2284,378503.3106311375,870.0612744297239,,,,0.8478289657293064,0.7938464734952508,1.8776819423576743,0.7909268274062297,0.570182046957381,282.387031762843
2285,378503.29468634696,870.0612561036688,,,,0.847828950477716,0.7938457646944616,1.8776819423576743,0.7909267624919584,0.570182046957381,282.38701790109604
2286,378503.29284997075,870.0612539930403,,,,0.8478289587179881,0.793845762681197,1.8776819423576743,0.7909267708776135,0.570182046957381,282.38701790109604
2287,316820.0679573261,796.0151606060352,,,,0.8445380908756693,0.7921764675105644,1.8782488476878603,0.7851188519818767,0.5674332860800204,215.1957656349465
2288,316820.0641378296,796.0151558077642,,,,0.8445381187850293,0.7921761645298215,1.878249892890521,0.7851188103535104,0.5674329246087945,215.19575988902756
2289,316820.0662695361,796.0151584857364,,,,0.844538056447159,0.7921768946626568,1.8782485685693737,0.7851188680894914,0.567432476035982,215.19576979720864
2290,316820.06955815543,796.0151626170892,,,,0.844538055599313,0.7921765137529304,1.8782487111530572,0.7851189301220791,0.5674346267805257,215.1957651993919
2291,316820.0779052053,796.0151731031328,,,,0.8445380946137215,0.7921765783411283,1.878249124412145,0.7851188568474008,0.5674346216191294,215.1957724762663
2292,316820.0650472467,796.0151569502261,,,,0.8445380666371829,0.792176666963504,1.8782488476878603,0.7851188715493126,0.5674455637659201,215.1957656349465
2293,316820.0784953722,796.0151738445344,,,,0.8445380633462277,0.7921764542091401,1.8782485735723622,0.7851187273794418,0.5674313074833428,215.1957656349465
2294,316820.0617432792,796.0151527995922,,,,0.8445381427384221,0.7921765256143487,1.8782492627200076,0.7851187733127429,0.5674339841400126,215.1957656349465
2295,316820.067438621,796.0151599544081,,,,0.84453802372236,0.792176259320782,1.8782489440122818,0.7851182069977519,0.5674320644977906,215.1957675262048
2296,316820.0665487294,796.0151588364754,,,,0.844538083570949,0.7921764826123459,1.878248715112424,0.7851189236313294,0.5674350770627461,215.1957656349465
2297,316820.0883631344,796.0151862409841,,,,0.8445381019740904,0.7921766616192176,1.8782502104219674,0.7851188057635223,0.5674315434316953,215.19578242429895
2298,316820.0630166888,796.0151543993227,,,,0.8445380987669809,0.7921764968802647,1.878249044622964,0.7851190430041857,0.5674332860800204,215.1957656349465
2299,316820.0711015083,796.0151645559376,,,,0.8445380710770877,0.792176390541693,1.8782481852087012,0.7851188749325353,0.5674332951081893,215.1957656349465
2300,316820.0770811771,796.0151720679414,,,,0.84453795147544,0.7921762854562792,1.878248378066238,0.7851186314678292,0.5674368379513474,215.19576903828624
2301,316820.0383884021,796.0151234598524,,,,0.8445380944140561,0.7921770786589031,1.8782481713683927,0.7851192051629233,0.5674369035791231,215.19576440097703
2302,316820.0728884452,796.0151668007906,,,,0.8445380834422406,0.7921763132505351,1.8782489014000083,0.7851189101207543,0.5674332860800204,215.1957656349465
2303,316820.08969567454,796.0151879149975,,,,0.8445381613226547,0.7921766067318804,1.8782487513733823,0.7851190676504858,0.5674349018509046,215.1957628739663
2304,316820.0605735323,796.0151513300893,,,,0.8445381066578883,0.7921764566599034,1.8782488476878603,0.785118790626688,0.5674332830719269,215.19576322655826
2305,316820.0785433439,796.015173904799,,,,0.8445380721256001,0.7921765029736811,1.8782488476878603,0.7851188428345618,0.5674318504117016,215.1957656349465
2306,316820.0664105718,796.0151586629134,,,,0.844538065032155,0.7921764452356045,1.8782488476878603,0.7851188784249794,0.5674376717944107,215.19576552175297
2307,316820.0678088328,796.0151604194893,,,,0.8445380944092805,0.7921766115132289,1.8782488476878603,0.7851189282796536,0.5674411819484227,215.19579952330005
2308,316820.06782532256,796.0151604402048,,,,0.8445380888119145,0.7921764653368222,1.8782488476878603,0.7851188517543645,0.5674332860800204,215.1957656349465
2309,316820.0786378929,796.0151740235768,,,,0.8445381039839126,0.7921771165038867,1.8782488476878603,0.78511891717332,0.5674465939706416,215.19577882520326
2310,316820.06827896833,796.0151610101007,,,,0.8445380903492481,0.7921764695338096,1.8782488476878603,0.7851188578217858,0.5674332860800204,215.1957656349465
2311,316820.0660231202,796.0151581761746,,,,0.8445380984971403,0.7921764675105644,1.8782488476878603,0.7851188659820418,0.5674313074833428,215.1957656349465
2312,267109.98777087836,730.9035336771584,,,,0.8386118320074829,0.7896262192195964,1.878781198111954,0.7763926920782096,0.5616819491446452,177.09598176236582
2313,267109.9897057308,730.9035363243644,,,,0.838611856404754,0.7896262080028408,1.8787822380932564,0.7763926463853587,0.5616864320139657,177.09597811437862
2314,267109.98361613904,730.90352799277,,,,0.8386117944159326,0.7896264931516118,1.8787809260604131,0.7763927052700141,0.5616825571994315,177.09599074856087
2315,267109.99076073145,730.9035377677842,,,,0.8386117927410753,0.7896261389780455,1.8787810557412614,0.7763927655605909,0.561679873052476,177.09597725698686
2316,267109.9932430169,730.9035411639718,,,,0.8386118327735483,0.7896261695123019,1.878781475655618,0.7763926926969869,0.5616805153641024,177.09599185246844
2317,267109.98537701834,730.9035304019518,,,,0.8386118107054777,0.7896266658424711,1.878781198111954,0.7763927152083506,0.561676798052766,177.09598176236582
2318,267109.9981136584,730.9035478278353,,,,0.8386118086674959,0.7896261423095934,1.8787809249883833,0.7763925754626391,0.5616686230356681,177.09597980799916
2319,267109.9819353257,730.9035256931323,,,,0.8386118837463074,0.7896262152736022,1.8787816095502317,0.7763926185718777,0.5616698871217543,177.09598176236582
2320,267109.9928508703,730.9035406274487,,,,0.8386117666202687,0.7896262055292895,1.8787812955382772,0.7763920810079158,0.561710185070304,177.09597196667073
2321,267109.9867746951,730.9035323142106,,,,0.8386118458614708,0.7896258665190621,1.8787810652978183,0.7763927664664072,0.5616714505482793,177.09598176236582
2322,267110.0067101421,730.9035595892827,,,,0.8386118329716633,0.7896262997739476,1.8787825467570787,0.7763926431592235,0.5616791786535099,177.09598161731734
2323,267109.98313329514,730.9035273321579,,,,0.8386118450654958,0.7896261686231457,1.87878139537384,0.7763928778148477,0.5616811711486188,177.09598176236582
2324,267109.9910780708,730.9035382019584,,,,0.8386118149456034,0.7896261901612098,1.8787805402906101,0.776392718176952,0.5616821398174912,177.09598176236582
2325,267109.9893611785,730.9035358529584,,,,0.8386116996206602,0.7896270038252888,1.878780731782626,0.7763924795451734,0.5616853823331093,177.09598157512872
2326,267109.9605556834,730.9034964421545,,,,0.8386118387117513,0.7896261387242283,1.878780525945972,0.7763930380908142,0.5616657177936524,177.09598404605805
2327,267109.992745468,730.9035404832406,,,,0.8386118251976685,0.7896263764643803,1.8787812511821398,0.7763927495071292,0.5616766896405364,177.09598176236582
2328,267110.0098538966,730.9035638904722,,,,0.8386119098588282,0.7896263864621823,1.878781100695495,0.7763929165342116,0.5616802109272898,177.09600777388104
2329,267109.98185591615,730.9035255844868,,,,0.8386118475572445,0.7896262054653755,1.878781198111954,0.776392629744231,0.561686125018622,177.09598176236582
2330,267109.99845029844,730.9035482884162,,,,0.8386118149735466,0.7896262121317028,1.878781198111954,0.7763926840609374,0.5616852072243871,177.09598176236582
2331,267109.9897668069,730.9035364079269,,,,0.8386118045902456,0.789626265626489,1.878781198111954,0.7763927139969233,0.5616819491446452,177.09597767219043
2332,267109.9699355852,730.9035092754517,,,,0.838611836128314,0.789626218394402,1.878781198111954,0.7763927652291589,0.5616819491446452,177.09595992697012
2333,267109.9876405609,730.903533498862,,,,0.8386118299933806,0.7896262208782925,1.878781198111954,0.7763926918555877,0.5616819491446452,177.09598176236582
2334,267109.988627142,730.9035348486724,,,,0.8386118437541229,0.7896262185183447,1.878781198111954,0.7763927507330638,0.5616819491446452,177.09598391368053
2335,267109.98842482304,730.9035345718656,,,,0.8386118315268131,0.7896262191300557,1.878781198111954,0.776392698132184,0.5616819491446452,177.09599284888034
2336,267109.9859832405,730.9035312313666,,,,0.8386118404777895,0.7896267528489023,1.878781198111954,0.7763927088674859,0.5616819491446452,177.09598176236582
2337,280077.6792610833,748.435273435296,,,,0.8276002907118462,0.7835812411587298,1.8820994456813136,0.7643572844411509,0.5485200385354259,178.83756463646924
2338,280077.69037129945,748.4352882798878,,,,0.8276003121203854,0.7835813148642438,1.8821004706722013,0.7643572377227862,0.548522660146167,178.83757693453268
2339,280077.67167671915,748.4352633016686,,,,0.8276002518371914,0.7835813589412342,1.8820991868997203,0.7643572984720812,0.5485194680452882,178.8375603528301
2340,280077.6858474712,748.4352822355066,,,,0.8276002482018978,0.783581231129358,1.8820992877390827,0.7643573503146293,0.5485259575121512,178.8375643138977
2341,280077.67969364027,748.4352740132446,,,,0.8276002754878428,0.7835808820841279,1.8820997295201147,0.76435727526314,0.5485170228835531,178.8375512577433
2342,280077.6778072588,748.435271492811,,,,0.8276002701106049,0.7835817001977651,1.8820994456813136,0.7643573079686832,0.5485200385354259,178.83756463646924
2343,280077.6886560386,748.4352859880922,,,,0.8276002705177715,0.7835819701008297,1.882099176770889,0.7643571840261784,0.548544172064128,178.83756463646924
2344,280077.6736703836,748.4352659654455,,,,0.8276003441077167,0.7835813935053633,1.8820998463097918,0.7643572221084471,0.5485292972029088,178.83756463646924
2345,280077.6942591833,748.4352934745705,,,,0.8276002308669964,0.7835811273816794,1.8820995456241547,0.7643567467956695,0.5485287320938084,178.83756361907152
2346,280077.67798775027,748.4352717339692,,,,0.8276002932507881,0.783580946133726,1.8820993130474768,0.7643573539118353,0.548522106874861,178.83756463646924
2347,280077.69463762717,748.4352939802174,,,,0.8276002882694605,0.7835813634659254,1.8821007582428326,0.7643572310319788,0.5485200537733674,178.83756191311213
2348,280077.6747671931,748.4352674309156,,,,0.8276003021070056,0.7835812390309063,1.8820996426042533,0.7643574524792438,0.5485200385354259,178.83756463646924
2349,280077.6826606076,748.4352779774715,,,,0.8276002731022298,0.7835812283397093,1.8820987969856435,0.7643573130871205,0.5485200385354259,178.83756463646924
2350,280077.6746250904,748.4352672410492,,,,0.8276001679500451,0.7835814086011523,1.8820989893305888,0.7643570854984878,0.548524943694123,178.8375460281021
2351,280077.65900142054,748.4352463659371,,,,0.8276002840844211,0.7835810355955468,1.8820987802109592,0.7643576063611071,0.548516527596106,178.8375652534982
2352,280077.68416966806,748.4352799937586,,,,0.8276002808785697,0.7835813070176774,1.8820994972132783,0.7643573383252384,0.5485278677507676,178.83756463646924
2353,280077.70061081566,748.4353019611191,,,,0.827600376661208,0.7835815911898529,1.882099345748274,0.7643575136699502,0.5485200385354259,178.83756369186648
2354,280077.6737044023,748.4352660108984,,,,0.8276003044496403,0.7835812199814437,1.8820994456813136,0.7643572229406308,0.5485316438687826,178.83756573350675
2355,280077.690253516,748.4352881225147,,,,0.8276002741089068,0.7835812332284555,1.8820994456813136,0.764357274799639,0.5485227438902501,178.83756463646924
2356,280077.6859180745,748.435282329841,,,,0.8276002637229516,0.7835812367418925,1.8820994456813136,0.764357305164735,0.5485200007431666,178.83756518816824
2357,280077.64427466306,748.4352266892078,,,,0.8276002907507038,0.7835812411587298,1.8820994456813136,0.7643573407368932,0.5485200385354259,178.83753199489325
2358,280077.6791348394,748.4352732666189,,,,0.8276002888126701,0.7835812411587298,1.8820994456813136,0.7643572842293875,0.5485200385354259,178.83756463646924
2359,280077.6718638068,748.4352635516403,,,,0.8276003012821128,0.7835812411587298,1.8820994456813136,0.7643573340357208,0.5485200385354259,178.83755443534736
2360,280077.6807376076,748.435275408111,,,,0.827600290211423,0.7835812411587298,1.8820994456813136,0.7643572916342749,0.5485200385354259,178.83756463646924
2361,280077.67774491763,748.4352714095154,,,,0.8276003002621617,0.7835812411587298,1.8820994456813136,0.7643573047918303,0.5485200385354259,178.83756463646924
2362,952941.0658236915,1380.5368997775427,,,,0.8223439355215566,0.7748466775967109,1.8894399471268761,0.7721858917326574,0.5373905820907643,756.1425799351243
2363,276704.08192438254,743.9140836472753,,,,0.8248253698555159,0.7820719010933836,1.8838259031861497,0.7609506515601546,0.5454677132488164,176.9272256639377
2364,276704.0851288648,743.9140879548721,,,,0.8248253990090417,0.7820719707979265,1.8838269227674633,0.7609506182278412,0.5454660103054088,176.927222020569
2365,276704.0746767739,743.9140739047407,,,,0.8248253291700277,0.782072009493394,1.8838256457898208,0.7609506676849708,0.5454677874745526,176.92723464622873
2366,276704.08826913504,743.9140921761532,,,,0.8248253246393042,0.7820718895091872,1.8838257448833826,0.760950704133396,0.5454674237402077,176.92722115970363
2367,276704.0907923549,743.9140955679695,,,,0.8248253583233398,0.7820715411769867,1.8838261893892234,0.7609506486266705,0.545513890615435,176.9272357522243
2368,276704.0797952391,743.9140807851928,,,,0.8248253426245563,0.7820723607060902,1.8838259031861497,0.76095065439463,0.5454691929411539,176.9272256639377
2369,276704.09151762805,743.9140965429116,,,,0.8248253536163918,0.7820726157206854,1.8838256364456825,0.7609505608317676,0.5454662784463994,176.9272237042895
2370,276704.07462401217,743.9140738338161,,,,0.8248254220528833,0.7820720465173007,1.883826302979558,0.7609505902802353,0.5454520779718854,176.9272256639377
2371,276704.08353221783,743.9140858085937,,,,0.8248252991280515,0.782071749386565,1.8838260027813487,0.7609501003865264,0.5454690256822772,176.92721587002757
2372,276704.081491536,743.914083065425,,,,0.824825400729038,0.7820716112077486,1.8838257706500259,0.7609507315722066,0.5454675289239621,176.9272256639377
2373,276704.09565118264,743.9141020994061,,,,0.8248253581263336,0.7820720377978234,1.8838272141811436,0.7609505946711821,0.5454661154429964,176.9272255223226
2374,276704.0775717259,743.9140777962546,,,,0.8248253861872598,0.7820718989527216,1.883826099852378,0.7609508193709807,0.5454677110075747,176.9272256639377
2375,276704.0850184837,743.914087806494,,,,0.8248253508096319,0.7820718893680472,1.8838252545418404,0.7609506688678968,0.5454681226987866,176.9272256639377
2376,276704.08679258404,743.9140901913123,,,,0.8248252498836648,0.7820721376408519,1.8838254477161398,0.7609504498118641,0.5454648712085781,176.92722547383536
2377,276704.069250194,743.9140666101081,,,,0.8248253681441897,0.7820716755680023,1.8838252375386952,0.7609509734600789,0.5454692437802843,176.92722791734252
2378,276704.08721971384,743.9140907654782,,,,0.8248253619960748,0.7820719721039009,1.8838259544806917,0.7609507089578922,0.5454677132488164,176.9272256639377
2379,276704.10146237543,743.9141099110506,,,,0.8248254538443079,0.7820722491981461,1.883825803600751,0.7609508717059772,0.5454677132488164,176.92725170859768
2380,276704.0751789959,743.9140745798483,,,,0.8248253818650813,0.7820718800653509,1.8838259031861497,0.7609505876501701,0.5454677132488164,176.9272256639377
2381,276704.0930155761,743.9140985565152,,,,0.8248253537110513,0.782071892749538,1.8838259031861497,0.7609506423927679,0.5454677132488164,176.9272256639377
2382,276704.0802270078,743.9140813655939,,,,0.8248253403112427,0.7820718966687741,1.8838259031861497,0.7609506648552078,0.5454677132488164,176.92722156960167
2383,276704.0685668767,743.9140656915648,,,,0.8248253734135659,0.7820719010933836,1.8838259031861497,0.7609507148390663,0.5454677132488164,176.92720380526734
2384,276704.0818004169,743.9140834806356,,,,0.8248253679605027,0.7820719010933836,1.8838259031861497,0.7609506513487594,0.5454677132488164,176.9272256639377
2385,276704.0921855319,743.9140974407353,,,,0.8248253837368472,0.7820719010933836,1.8838259031861497,0.7609507113914751,0.5454677132488164,176.92722781580767
2386,276704.0836848401,743.914086013755,,,,0.8248253693884542,0.7820719010933836,1.8838259031861497,0.7609506598233794,0.5454677132488164,176.92723675069115
2387,276704.0804327522,743.9140816421643,,,,0.8248253792432599,0.7820719010933836,1.8838259031861497,0.7609506716864137,0.5454677132488164,176.9272256639377
2388,268943.52389605466,733.4078318317232,,,,0.8203432860809551,0.7793622912007778,1.885666244170987,0.7560459073312408,0.5414474381917715,176.85703956018182
2389,268943.5238853042,733.4078318170654,,,,0.8203433038143301,0.779362522354456,1.8856672592138115,0.7560458548837522,0.5414454848685931,176.8570359189734
2390,268943.52271988627,733.4078302280201,,,,0.8203432537956487,0.7793627695121805,1.885665990051632,0.7560459253168572,0.5414470020905031,176.85704854047066
2391,268943.5298740866,733.4078399827569,,,,0.8203432419087046,0.7793618138799041,1.8856660803992413,0.7560459614631675,0.5414496663958639,176.8570350563762
2392,268943.52766204416,733.4078369666416,,,,0.8203432704730864,0.7793622975218845,1.8856665316240044,0.756045901881865,0.5414474747707453,176.85704964793226
2393,268943.5225015218,733.4078299302807,,,,0.8203432645256659,0.7793624710260671,1.885666244170987,0.7560459239850065,0.5414474381917715,176.85703956018182
2394,268943.53412774607,733.4078457826124,,,,0.8203432669060062,0.7793624266736602,1.8856659788794605,0.7560458161959016,0.5414552605395551,176.85703759877183
2395,268943.51709346316,733.4078225564043,,,,0.8203433392416025,0.7793622786643507,1.885666639032914,0.7560458444077962,0.5414387471239901,176.85703956018182
2396,268943.53172510385,733.4078425066148,,,,0.8203432218550759,0.7793621461195355,1.885666344088448,0.7560453747978519,0.5414352897694681,176.85702976598662
2397,268943.52205724857,733.4078293245152,,,,0.8203432653544072,0.779360492847937,1.8856661117801388,0.7560459696543902,0.541435651446602,176.85703956018182
2398,268943.53955636825,733.4078531845269,,,,0.8203432875365839,0.7793624468395935,1.8856675414908943,0.7560458552802528,0.5414434491182065,176.857039419667
2399,268943.5190602541,733.4078252381195,,,,0.8203432921780953,0.7793622485569058,1.8856664409993356,0.7560460671952784,0.5414474381917715,176.85703956018182
2400,268943.5272000897,733.407836336768,,,,0.8203432681200716,0.7793614209191746,1.8856655973938645,0.7560459373065325,0.5414474381917715,176.85703956018182
2401,268943.52631515614,733.4078351301629,,,,0.8203431685464089,0.7793621168504008,1.885665793311676,0.7560457197491698,0.5414469797069148,176.8570393693267
2402,268943.49599090166,733.4077937831062,,,,0.8203432663135243,0.7793628794292953,1.8856655787065764,0.7560462050145531,0.5414712303814447,176.85704180356706
2403,268943.52858419536,733.4078382239929,,,,0.8203432740341965,0.7793615950316335,1.8856662949222953,0.756045959803597,0.5414494604665342,176.85703956018182
2404,268943.54516746785,733.4078608352488,,,,0.8203433764896182,0.7793626025652653,1.8856661442633238,0.7560461401925499,0.5414474381917715,176.85706561423072
2405,268943.51769246807,733.4078233731462,,,,0.8203432982996843,0.7793622702997387,1.885666244170987,0.7560458438547735,0.5414492242142115,176.85703956018182
2406,268943.5350775323,733.407847077644,,,,0.8203432693455869,0.7793622834725933,1.885666244170987,0.7560458971570695,0.5414249326743863,176.85703956018182
2407,268943.52746693214,733.4078367006072,,,,0.8203432606139835,0.7793622912007778,1.885666244170987,0.7560459308150508,0.5414474381917715,176.85703546439578
2408,268943.50779138313,733.4078098730379,,,,0.8203432823875638,0.7793622912007778,1.885666244170987,0.7560459528280897,0.5414474381917715,176.85701769556184
2409,268943.52377351606,733.407831664642,,,,0.8203432841772764,0.7793622912007778,1.885666244170987,0.7560459071171204,0.5414474381917715,176.85703956018182
2410,268943.527131276,733.4078362429403,,,,0.8203432984316144,0.7793622912007778,1.885666244170987,0.7560459595482183,0.5414474381917715,176.85704171268495
2411,268943.52469800255,733.4078329251773,,,,0.8203432856839625,0.7793622912007778,1.885666244170987,0.756045915919203,0.5414474381917715,176.85705064651984
2412,268943.5222666997,733.4078296101012,,,,0.8203432934566571,0.7793622912007778,1.885666244170987,0.7560459224938632,0.5414474381917715,176.85703956018182
2413,260382.10857760542,721.6399498054487,,,,0.8155477318901835,0.7742831489567175,1.8898444344515697,0.7502372558168867,0.5360494500729256,176.79079795854506
2414,260382.10849108626,721.6399496855564,,,,0.8155477687749365,0.7742834171667705,1.8898455754580794,0.7502372194962668,0.5360499218043984,176.79079431790404
2415,260382.10523018622,721.6399451668211,,,,0.815547689626573,0.7742836223753833,1.8898440830048082,0.750237276583734,0.5360486905911781,176.79080693834942
2416,260382.11531774027,721.6399591454733,,,,0.8155476930905163,0.7742826544871266,1.889844243206791,0.7502373273986538,0.5360494507382808,176.7907934553649
2417,260382.11212702532,721.6399547239955,,,,0.8155477214322661,0.7742831461839847,1.8898447323674608,0.7502372493488179,0.5360501280485009,176.79080804590185
2418,260382.1071893997,721.6399478817668,,,,0.8155477107453135,0.7742833077459934,1.8898444344515697,0.7502372776819392,0.5360503428383083,176.79079795854506
2419,260382.1187764225,721.639963938282,,,,0.8155477196173163,0.7742832883141508,1.889844172585219,0.7502371776620611,0.5360494500729256,176.7907959950987
2420,260382.1010687729,721.6399394002148,,,,0.8155477777037939,0.7742831271208264,1.8898448080928458,0.7502372015958907,0.5360494500729256,176.79079795854506
2421,260382.09978689166,721.6399376238703,,,,0.8155476590249392,0.7742829065925689,1.8898445050011927,0.750236733035842,0.5360644529485805,176.79078816549966
2422,260382.108942001,721.6399503104037,,,,0.8155478120011509,0.7742813439543308,1.889844303098174,0.7502373494072352,0.536057349486872,176.79079795854506
2423,260382.12128818574,721.639967418914,,,,0.8155477057263592,0.7742833638190314,1.8898458442127841,0.750237195452047,0.5360379385302946,176.79079781911952
2424,260382.10419158728,721.6399437276004,,,,0.8155477547934902,0.7742831062656816,1.8898446299320468,0.7502374161940428,0.5360494500729256,176.79079795854506
2425,260382.11180462252,721.6399542772316,,,,0.815547718943219,0.7742822560824123,1.889843652098101,0.7502372869243139,0.5360494500729256,176.79079795854506
2426,260382.1089013908,721.6399502541288,,,,0.8155476178628738,0.7742831716877134,1.8898440016058868,0.7502370527454084,0.536046102258072,176.79079776652765
2427,260382.09360830038,721.6399290619945,,,,0.8155477397531812,0.7742836732786973,1.8898435943542566,0.7502375988982966,0.5360560127377403,176.79080019310598
2428,260382.11363727035,721.6399568167915,,,,0.815547725795176,0.7742824898049124,1.889844485582052,0.7502373123488464,0.5360474380299161,176.79079795854506
2429,260382.12799378575,721.6399767110821,,,,0.8155478267086395,0.774283513412733,1.8898443639126445,0.7502374861811163,0.5360223525740747,176.79082402470365
2430,260382.10270373337,721.6399416658327,,,,0.8155477419319505,0.7742831284010282,1.8898444344515697,0.7502371934397443,0.5360494500729256,176.79079795854506
2431,260382.11998337568,721.6399656107965,,,,0.81554771675961,0.7742831397595891,1.8898444344515697,0.7502372473310474,0.536053961495057,176.79079795854506
2432,260382.10310724497,721.6399422249921,,,,0.8155477063917005,0.7742831489567175,1.8898444344515697,0.7502372793707667,0.5360494706585137,176.79079386109407
2433,260382.0848507605,721.6399169263855,,,,0.8155477331395683,0.7742831489567175,1.8898444344515697,0.7502373110389664,0.5360494500729256,176.79077608562142
2434,260382.10845905825,721.6399496411741,,,,0.8155477300093623,0.7742831489567175,1.8898444344515697,0.7502372556067776,0.5360494500729256,176.79079795854506
2435,260382.11876582864,721.6399639236016,,,,0.8155477442487481,0.7742831489567175,1.8898444344515697,0.7502373100001553,0.5360494500729256,176.7908001111127
2436,260382.10982384716,721.6399515324065,,,,0.8155477314252497,0.7742831489567175,1.8898444344515697,0.7502372647529439,0.5360494500729256,176.79080904535672
2437,260382.10779829594,721.6399487255343,,,,0.8155477453348984,0.7742831489567175,1.8898444344515697,0.7502372840893381,0.5360500565621463,176.79079795854506
2438,276002.56386286963,742.9704756756754,,,,0.8120949601255018,0.7698941703110891,1.8911388918937821,0.7465961670348352,0.5319215351583135,176.69160552570597
2439,276002.57558021735,742.9704914466216,,,,0.8120949761343684,0.7698944548127261,1.891139928756821,0.7465961149793552,0.5319271883008709,176.69160188803312
2440,276002.5551321262,742.970463924544,,,,0.8120949321310544,0.7698946272441496,1.8911386199488232,0.7465961890855215,0.5319218491843134,176.6916145031323
2441,276002.57119366655,742.9704855425504,,,,0.8120949133706173,0.769893662017252,1.8911386696622787,0.7465962104559178,0.5319236285911981,176.6916010226492
2442,276002.5636354463,742.9704753695751,,,,0.812094939870951,0.7698941759316538,1.8911391869142118,0.7465961619813841,0.5319204290491412,176.69161561174892
2443,276002.56426900695,742.9704762223153,,,,0.8120949434341428,0.7698943229960654,1.8911388918937821,0.7465961842729443,0.5319228206012608,176.69160552570597
2444,276002.57309165143,742.9704880971404,,,,0.8120949415941748,0.7698943178654483,1.8911386312168061,0.7465960912369638,0.5319215351583135,176.691603560016
2445,276002.557117037,742.9704665961322,,,,0.812095013463258,0.7698941532013155,1.8911392339269693,0.7465961118590689,0.5319223248300354,176.69160552570597
2446,276002.57830610906,742.9704951155317,,,,0.8120948968328601,0.7698940065666317,1.8911389882231318,0.7465956557982026,0.531925148486351,176.69159573289173
2447,276002.5613775175,742.9704723305192,,,,0.8120949038804506,0.7698923514117069,1.8911387609212837,0.7465962175971399,0.5319215351583135,176.69160552570597
2448,276002.57824848156,742.9704950379678,,,,0.8120949717541278,0.7698943325297762,1.891140085384562,0.7465961142777597,0.5319317311588754,176.69160538733968
2449,276002.5586631432,742.9704686771112,,,,0.8120949593457943,0.7698941277368623,1.891139087367883,0.7465963176519288,0.5319239295790662,176.69160552570597
2450,276002.56817602,742.9704814809536,,,,0.8120949415342695,0.7698932608179856,1.8911382274308743,0.7465961984225358,0.5319215351583135,176.69160552570597
2451,276002.5602481858,742.9704708104971,,,,0.8120948412726777,0.7698939873938788,1.8911384889782574,0.7465959777948933,0.531941206731428,176.6916053327703
2452,276002.53962200566,742.97044304872,,,,0.8120949366910389,0.7698947620710852,1.8911381819184963,0.7465964655250883,0.5319288181402512,176.6916077498538
2453,276002.5681661054,742.9704814676094,,,,0.8120949483753775,0.769893438253095,1.8911389423708918,0.7465962200374887,0.5319215351583135,176.69160552570597
2454,276002.58308087924,742.9705015421262,,,,0.8120950550529435,0.7698944581710105,1.891138795579483,0.746596399524355,0.5319135430365192,176.69163160093376
2455,276002.55830473464,742.9704681947119,,,,0.8120949716946598,0.7698941498107664,1.8911388918937821,0.7465961058904225,0.531921520364673,176.69160552570597
2456,276002.57536314323,742.9704911544513,,,,0.8120949437795505,0.7698941626743108,1.8911388918937821,0.7465961579195336,0.531931634916274,176.69160552570597
2457,276002.56891840306,742.970482480163,,,,0.8120949365498074,0.7698941703110891,1.8911388918937821,0.7465961949936706,0.5319215211684217,176.69160142647462
2458,276002.5291217693,742.9704289159419,,,,0.812094952189562,0.7698941703110891,1.8911388918937821,0.7465961994891518,0.5319244136913037,176.69158364691876
2459,276002.56374503777,742.9704755170799,,,,0.8120949582002047,0.7698941703110891,1.8911388918937821,0.7465961668152495,0.5319215351583135,176.69160552570597
2460,276002.55878822936,742.9704688454708,,,,0.81209497137543,0.7698941703110891,1.8911388918937821,0.746596214396506,0.5319248594399442,176.69160767896702
2461,276002.565457632,742.9704778221436,,,,0.8120949594167663,0.7698941703110891,1.8911388918937821,0.7465961758462729,0.531928621074267,176.6916166120982
2462,276002.5624976787,742.9704738381986,,,,0.812094967540867,0.7698941703110891,1.8911388918937821,0.7465961819786463,0.5319215351583135,176.69160552570597
2463,270044.5451489535,734.9075386046239,,,,0.8093136903793681,0.7662339118166361,1.8937135743860707,0.7437258382845645,0.528444555903355,176.6387879390511
2464,270044.5447319468,734.9075380371966,,,,0.8093137224694434,0.7662340663681422,1.8937146882568157,0.7437257927333409,0.5284427525364649,176.6387843024729
2465,270044.5391821762,734.9075304855385,,,,0.8093136514635912,0.7662340286895821,1.8937132418899334,0.7437258619008223,0.5284453782408052,176.63879691558225
2466,270044.5523438978,734.9075483948956,,,,0.8093136450533263,0.7662335134261922,1.8937133583114247,0.7437258892336764,0.5284467221930439,176.63878343624236
2467,270044.5539559048,734.9075505883782,,,,0.8093136780032731,0.7662338006690136,1.8937138744734627,0.7437258357646485,0.5284448120084018,176.6387980246397
2468,270044.54383005167,734.907536809974,,,,0.809313671620175,0.7662336914061271,1.8937135743860707,0.7437258546293902,0.5284426506897199,176.6387879390511
2469,270044.5544197368,734.9075512195213,,,,0.8093136796033573,0.7662341288825272,1.8937133151934897,0.7437257720469266,0.5284501276035468,176.6387859720298
2470,270044.5369634868,734.9075274665332,,,,0.8093137323201668,0.7662339040012169,1.893713922966952,0.7437257802626216,0.5284416611717293,176.6387879390511
2471,270044.53771106625,734.9075284837764,,,,0.8093136177087229,0.7662338220062841,1.8937136514466701,0.7437253288976745,0.5284529215597017,176.63877814663408
2472,270044.544474723,734.9075376871879,,,,0.8093137374376548,0.7662327073221795,1.8937134438868881,0.7437259166671253,0.5284501276035468,176.6387879390511
2473,270044.55526476895,734.9075523693698,,,,0.8093136741487977,0.7662339651843124,1.893714889385112,0.7437257794545256,0.5284411451150534,176.6387878014191
2474,270044.54032316525,734.9075320380997,,,,0.8093137065782356,0.7662338734585694,1.8937137689758639,0.7437259886177249,0.5284498654298612,176.6387879390511
2475,270044.54810688336,734.9075426295249,,,,0.8093136764568788,0.7662330258454539,1.893712822817906,0.7437258694573798,0.5284365532937583,176.6387879390511
2476,270044.5491483062,734.9075440466047,,,,0.8093135788398953,0.7662331018520786,1.8937131649174188,0.743725646750679,0.5284322010192761,176.63878774544446
2477,270044.5369129865,734.9075273978171,,,,0.8093136865823819,0.7662344356547409,1.8937127613362867,0.743726152390482,0.5284519867794789,176.638790156759
2478,270044.54977756744,734.9075449028501,,,,0.8093136822770242,0.7662330614852451,1.8937136250114455,0.743725892990413,0.528444555903355,176.6387879390511
2479,270044.5626468576,734.907562414291,,,,0.809313789730583,0.7662339086918218,1.893713497337708,0.7437260766466189,0.528444555903355,176.63881402158205
2480,270044.53861447197,734.9075297130546,,,,0.8093137001711599,0.7662347512186417,1.8937135743860707,0.7437257778357226,0.528444555903355,176.6387879390511
2481,270044.5567727188,734.90755442126,,,,0.8093136752749935,0.7662341101609771,1.8937135743860707,0.7437258299705178,0.528444555903355,176.6387879390511
2482,270044.53879501356,734.9075299587203,,,,0.8093136664932518,0.7662339097085231,1.8937135743860707,0.7437258656605311,0.528444555903355,176.63878383869942
2483,270044.52910955885,734.9075167795723,,,,0.809313685471521,0.7662339133809837,1.8937135743860707,0.7437258759562555,0.528444555903355,176.63876605547264
2484,270044.54503340827,734.9075384473997,,,,0.8093136884753437,0.7662339118166361,1.8937135743860707,0.7437258380675447,0.528444555903355,176.6387879390511
2485,270044.5604578691,734.9075594357008,,,,0.8093137037079228,0.7662339118166361,1.8937135743860707,0.743725892888569,0.528444555903355,176.63879009252707
2486,270044.54710685334,734.9075412687682,,,,0.8093136898767631,0.7662339118166361,1.8937135743860707,0.7437258478028393,0.528444555903355,176.6387990255216
2487,270044.54411460855,734.9075371971749,,,,0.809313700569576,0.7662339118166361,1.8937135743860707,0.743725859686628,0.528444555903355,176.6387879390511
2488,263011.6532584224,725.2746421300312,,,,0.8052761132736781,0.7620590100217408,1.8948868571942157,0.7390318007282998,0.5248953836859487,176.57240529507067
2489,263011.6534946066,725.2746424556791,,,,0.8052761336926422,0.762058942703306,1.8948879508344865,0.7390317487134727,0.5248957738779855,176.57240166041439
2490,263011.6515273426,725.2746397432393,,,,0.8052760884014102,0.7620589629633789,1.8948865404528414,0.7390318271723942,0.5248955775991314,176.5724142699988
2491,263011.66014827794,725.2746516296816,,,,0.8052760651450442,0.7620589015014401,1.894886630345007,0.7390318355227788,0.524896629918188,176.57240079246995
2492,263011.65581011545,725.2746456482752,,,,0.8052760915911276,0.7620586316522922,1.8948871572208257,0.7390317990490048,0.5248940043151765,176.57241537994244
2493,263011.6534969928,725.2746424589693,,,,0.8052760977069132,0.7620591440765614,1.8948868571942157,0.7390318149351193,0.5248953836859487,176.57240529507067
2494,263011.6634531554,725.2746561864068,,,,0.8052760972762575,0.7620590547748172,1.8948865999798363,0.739031738716356,0.5248953836859487,176.57240332645145
2495,263011.6456059975,725.2746315789594,,,,0.8052761617200754,0.7620589647953258,1.8948871955679794,0.7390317448075541,0.5248938111186622,176.57240529507067
2496,263011.6585925303,725.2746494846353,,,,0.8052760453786433,0.762058957133855,1.8948869386933047,0.7390312990574949,0.5248931730313019,176.57239550265632
2497,263011.65070840536,725.2746386140982,,,,0.8052760560851928,0.7620594124257042,1.8948867268271568,0.7390318483891961,0.5248953836859487,176.57240529507067
2498,263011.667293473,725.2746614813907,,,,0.8052761301704338,0.7620590190305043,1.894888123527293,0.7390317503947399,0.5248975342660013,176.57240515833928
2499,263011.64794112416,725.274634798604,,,,0.8052761084839899,0.7620589853283153,1.8948870523108183,0.7390319376881685,0.5248950669978826,176.57240529507067
2500,263011.65718454804,725.2746475433264,,,,0.805276094477887,0.7620589794564525,1.8948861259898642,0.7390318332132294,0.5248953836859487,176.57240529507067
2501,263011.6549263748,725.2746444297841,,,,0.8052759975905982,0.762058871760058,1.894886457194107,0.7390316180100563,0.5249092306417831,176.572405100775
2502,263011.62400203367,725.274601791671,,,,0.8052760870225384,0.7620590706726481,1.8948860645270231,0.7390320905946711,0.5248970935709428,176.57240750438612
2503,263011.65756196115,725.274648063699,,,,0.8052760999762952,0.762059024012673,1.8948869070066272,0.7390318515746463,0.5248953836859487,176.57240529507067
2504,263011.67268052965,725.2746689089996,,,,0.8052762114575489,0.7620588013552043,1.894886775708729,0.7390320356513177,0.5248978455686957,176.5724313854883
2505,263011.6471294396,725.274633679463,,,,0.805276123668251,0.7620598048923732,1.8948868571942157,0.7390317407828108,0.5248953927775912,176.57240529507067
2506,263011.6649919518,725.2746583080809,,,,0.8052760976356413,0.7620591917566769,1.8948868571942157,0.7390317926483234,0.5248953836859487,176.57240529507067
2507,263011.65483524575,725.2746443041365,,,,0.8052760912070689,0.7620579525210395,1.8948868571942157,0.7390318330465854,0.5248929434257589,176.57240119339338
2508,263011.6355430978,725.2746177043531,,,,0.8052761030727191,0.7620588150368763,1.8948868571942157,0.739031824323961,0.5248910489384815,176.57238340623724
2509,263011.65314448194,725.2746419729316,,,,0.8052761113435508,0.7620590265860154,1.8948868571942157,0.7390318005046086,0.5248953836859487,176.57240529507067
2510,263011.6578362304,725.2746484418584,,,,0.8052761246770542,0.7620594985766138,1.8948868571942157,0.7390318482932374,0.5248999624741765,176.57240744904317
2511,263011.65392401424,725.2746430477414,,,,0.8052761124174367,0.7620590100217408,1.8948868571942157,0.7390318094244701,0.5248997932645828,176.57241638130415
2512,263011.6521138896,725.2746405519632,,,,0.8052761215722604,0.7620590100217408,1.8948868571942157,0.7390318181309162,0.5248969139345205,176.57240529507067
2513,268474.1690019123,732.7675879866853,,,,0.8011766598520926,0.7572241783602209,1.8969577474298651,0.7344302904909595,0.5208691169383618,176.47286417135192
2514,268474.1713425285,732.7675911808984,,,,0.8011767013769868,0.7572241113140513,1.896958847279915,0.7344302510919913,0.5208675472286229,176.4728605382512
2515,268474.16815688217,732.7675868334818,,,,0.8011766154866511,0.7572241247664389,1.8969574239570335,0.734430312868874,0.5208695032574057,176.4728731450907
2516,268474.17615590856,732.7675977496665,,,,0.8011766112033403,0.7572240753344663,1.8969575288718468,0.7344303359738689,0.5208713021159236,176.47285966916246
2517,268474.1693004599,732.7675883941101,,,,0.8011766528040966,0.7572237969090785,1.8969580481759647,0.7344302942954511,0.520870962724355,176.47287425533028
2518,268474.1682279409,732.7675869304547,,,,0.8011766409104868,0.7572243210154208,1.8969577474298651,0.7344303070592781,0.5208700267914322,176.47286417135192
2519,268474.17977033486,732.767602682235,,,,0.8011766552093028,0.7572242211556894,1.8969574908298181,0.7344302390721135,0.5208871286302255,176.47286220032836
2520,268474.1624703223,732.7675790730949,,,,0.8011766968486097,0.7572241324672222,1.8969580929114802,0.7344302388970215,0.5208664566744794,176.47286417135192
2521,268474.17703840445,732.7675989539991,,,,0.8011765840187259,0.757224125038706,1.896957827303276,0.7344297979782126,0.5208782972195751,176.4728543800734
2522,268474.169062509,732.7675880693811,,,,0.8011767471815837,0.7572245695840117,1.8969576172139935,0.734430379733344,0.5208834656739947,176.47286417135192
2523,268474.179315926,732.7676020621082,,,,0.8011766346827068,0.7572241863953859,1.8969590434107466,0.7344302272461514,0.520867275167548,176.47286403564294
2524,268474.1641634641,732.7675813837072,,,,0.8011766802845067,0.7572241540149389,1.89695794281133,0.7344304309859833,0.5208852859754713,176.47286417135192
2525,268474.1720645735,732.7675921662658,,,,0.8011766494430277,0.7572241476988235,1.8969570079926346,0.7344303228405024,0.5208679703086269,176.47286417135192
2526,268474.1630475274,732.7675798608005,,,,0.8011765524555755,0.7572240333351707,1.8969573414336365,0.7344301002575772,0.5208523086501295,176.4728639758547
2527,268474.14829407644,732.7675597269252,,,,0.8011766617424049,0.757224231649581,1.8969569486277558,0.734430601647186,0.5208815727036183,176.4728663717538
2528,268474.173554823,732.767594199993,,,,0.8011766525448136,0.7572241923585831,1.8969577974675804,0.7344303456818869,0.5208691169383618,176.47286417135192
2529,268474.1887280879,732.7676149067833,,,,0.8011767683372902,0.7572239820301723,1.8969576675682571,0.7344305348153138,0.5208691169383618,176.47289027277634
2530,268474.16323700483,732.7675801193785,,,,0.8011766674648049,0.7572249608211119,1.8969577474298651,0.7344302318269663,0.5208691169383618,176.47286417135192
2531,268474.1808568142,732.7676041649413,,,,0.8011766446775918,0.7572243576653144,1.8969577474298651,0.7344302825402755,0.5208691169383618,176.47286417135192
2532,268474.17236608063,732.7675925777291,,,,0.8011766391561795,0.7572231611064305,1.8969577474298651,0.7344303313317301,0.5208691169383618,176.47286006767297
2533,268474.14174591197,732.7675507907155,,,,0.801176650777589,0.7572239864575634,1.8969577474298651,0.734430314910478,0.5208691169383618,176.47284227562778
2534,268474.16889200505,732.767587836696,,,,0.8011766579159828,0.757224194883269,1.8969577474298651,0.7344302902653509,0.5208691169383618,176.47286417135192
2535,268474.1680812658,732.767586730289,,,,0.8011766693604099,0.7572246504058083,1.8969577474298651,0.7344303314377773,0.5208691169383618,176.47286632562216
2536,268474.1699344569,732.7675892593187,,,,0.8011766593788257,0.7572241783602209,1.8969577474298651,0.7344303005587358,0.5208691169383618,176.4728752578591
2537,268474.16819673736,732.7675868878717,,,,0.8011766710139259,0.7572241783602209,1.8969577474298651,0.7344303150360831,0.5208691169383618,176.47286417135192
2538,455417.31656581495,954.3765677821459,,,,0.798782351074542,0.7517193493112531,1.8995291556095713,0.7363843952626175,0.5172062731456275,417.4422715931088
2539,455417.3107341799,954.376561671733,,,,0.7987823584036402,0.7517192728508832,1.899530233308698,0.7363843333317754,0.5171977480101403,417.4422664458057
2540,455417.32196079893,954.3765734350341,,,,0.7987823483278774,0.7517192998368959,1.8995288470515086,0.7363844279712396,0.5171906305163438,417.4422810233589
2541,455417.32349920593,954.3765750469838,,,,0.798782306014082,0.7517192322100831,1.8995289276546603,0.7363844212936804,0.517206991453678,417.4422713922438
2542,455417.32469519804,954.3765763001498,,,,0.7987823208388724,0.7517189709366562,1.8995294575682187,0.7363843957182183,0.5172068866309403,417.44227809005656
2543,455417.3162224896,954.3765674224082,,,,0.7987823408562301,0.7517195038961001,1.8995291556095713,0.7363844091055471,0.517196587599107,417.4422715931088
2544,455417.3265973568,954.3765782932403,,,,0.7987823343357339,0.7517193882475945,1.899528901912968,0.7363843396351399,0.5172062731456275,417.4422715931088
2545,455417.31019288365,954.3765611045606,,,,0.7987824107120436,0.7517193029684424,1.8995294906326659,0.7363843519967932,0.5172067974140577,417.4422715931088
2546,455417.32654160855,954.3765782348273,,,,0.798782282698316,0.7517192951371223,1.899529238837888,0.7363839006051959,0.5172105064005169,417.44227388719355
2547,455417.31140118773,954.3765623706267,,,,0.7987821968234,0.751719700214768,1.899529025779818,0.736384411703221,0.5172087309980743,417.4422715931088
2548,455417.3276981016,954.3765794466057,,,,0.7987824027982895,0.7517193564215223,1.8995304054235793,0.7363843512020464,0.5171925506221257,417.44227920653907
2549,455417.3103505862,954.3765612698016,,,,0.7987823261957934,0.751719325654696,1.8995293512989455,0.7363845176177336,0.5172062731456275,417.4422715931088
2550,455417.3198302685,954.3765712026554,,,,0.7987823249269843,0.7517193186590679,1.899528434232454,0.7363844289670136,0.5172058884752969,417.4422715931088
2551,455417.32851279154,954.3765803002417,,,,0.7987822341406369,0.7517192517977784,1.8995287594633903,0.73638422147744,0.5172069875293112,417.44229135883916
2552,455417.2912708775,954.3765412779993,,,,0.7987823113234417,0.7517194105953583,1.8995283743305167,0.7363846884362256,0.5172105720761236,417.44226814971535
2553,455417.3201320952,954.3765715189103,,,,0.7987823270888059,0.7517193631031576,1.8995292044687684,0.7363844407596708,0.5172062731456275,417.4422715931088
2554,455417.33529951953,954.3765874114054,,,,0.7987824263619993,0.75171913826266,1.8995290723941856,0.7363846120233793,0.5171835263663508,417.4422707604414
2555,455417.30600549566,954.3765567169966,,,,0.7987823607794053,0.7517201208597913,1.8995291556095713,0.7363843358562698,0.5172134772580897,417.4422676543391
2556,455417.3285590055,954.3765803486644,,,,0.7987823353006008,0.7517195269836707,1.8995291556095713,0.7363843872706948,0.5172042497254411,417.4422715931088
2557,455417.318199407,954.3765694938312,,,,0.7987823283592516,0.7517182894394219,1.8995291556095713,0.7363844242424709,0.5172062731456275,417.4422712175305
2558,455417.333526211,954.3765855533239,,,,0.7987823371477987,0.7517191553214562,1.8995291556095713,0.7363844068943949,0.5172062731456275,417.4423052187257
2559,455417.3164587916,954.3765676700064,,,,0.7987823490764959,0.7517193657658867,1.8995291556095713,0.7363843950244557,0.5172062731456275,417.4422715931088
2560,455417.3369549333,954.3765891459549,,,,0.7987823622163127,0.7517198382749548,1.8995291556095713,0.7363844413886503,0.5172062731456275,417.44228678735493
2561,455417.3174164563,954.3765686734517,,,,0.7987823499549416,0.7517193493112531,1.8995291556095713,0.7363844042503196,0.5172062731456275,417.4422715931088
2562,455417.3155084205,954.3765666742034,,,,0.7987823588500494,0.7517193493112531,1.8995291556095713,0.7363844127870413,0.5172062731456275,417.4422715931088
2563,362774.89323822805,851.7921028493142,,,,0.7964217604162525,0.7500176174266432,1.9000932835518176,0.7319143430131764,0.5162685517476396,309.80713102331896
2564,362774.8878641366,851.7920965401551,,,,0.7964217937008156,0.7500175445503405,1.9000943646282087,0.7319142935222291,0.5162730263932286,309.8071247131336
2565,362774.8967928942,851.7921070224755,,,,0.7964217242597506,0.7500175692323676,1.9000929721958462,0.7319143677061438,0.5162651865906142,309.8071392808105
2566,362774.90042066877,851.7921112814658,,,,0.7964217102726621,0.7500174989454901,1.9000930583755704,0.7319143746898963,0.5162685521985703,309.8071307335439
2567,362774.9016828617,851.7921127632746,,,,0.79642175050139,0.7500172471265958,1.9000935853434824,0.7319143523515435,0.5162755704541114,309.8071386292294
2568,362774.8925395952,851.7921020291219,,,,0.796421742935617,0.7500177754034502,1.9000932835518176,0.7319143555516006,0.5162557656765768,309.80713102331896
2569,362774.9039649982,851.7921154424931,,,,0.7964217564463328,0.7500176546882478,1.9000930290994427,0.7319142954268314,0.5162796781720145,309.80713102331896
2570,362774.8865327256,851.7920949770846,,,,0.7964217967458799,0.7500175704076308,1.9000936218343614,0.7319142923344573,0.516279150684332,309.80713102331896
2571,362774.9032770123,851.7921146348002,,,,0.7964216841501925,0.7500175631529917,1.900093367403554,0.731913849933278,0.516266013723585,309.80713311998664
2572,362774.89216595393,851.7921015904691,,,,0.7964217974159353,0.7500179626114051,1.90009315383243,0.7319144145780205,0.5162609769286093,309.80713102331896
2573,362774.90238065156,851.792113582477,,,,0.7964217502332297,0.7500176241368228,1.9000945427690699,0.7319142805853395,0.5162788219584856,309.80714280650164
2574,362774.8879419805,851.792096631544,,,,0.7964217720792066,0.7500175938492999,1.9000934792973538,0.7319144758627573,0.5162685517476396,309.80713102331896
2575,362774.89611604024,851.7921062278522,,,,0.7964217481044785,0.7500175867455472,1.9000925624630667,0.7319143747774634,0.5162691458027802,309.80713102331896
2576,362774.89984997327,851.7921106114723,,,,0.796421649014505,0.7500175042837864,1.9000928847251004,0.731914156510917,0.5162672443003339,309.80714719359156
2577,362774.872142997,851.7920780836095,,,,0.796421753131081,0.750017670892738,1.900092504634827,0.7319146444443089,0.5162601512606265,309.80712849406234
2578,362774.8973205401,851.7921076419298,,,,0.7964217489418586,0.75001763129552,1.9000933331829253,0.7319143957605658,0.5162609769286093,309.80713102331896
2579,362774.91237236426,851.7921253127014,,,,0.7964218663483386,0.7500174149478515,1.9000931997124846,0.7319145853909209,0.5162566124785644,309.8071295179581
2580,362774.8844865401,851.7920925748726,,,,0.7964217676478221,0.7500183704681209,1.9000932835518176,0.7319142860116754,0.5162609769286093,309.807127903645
2581,362774.9052837558,851.7921169907082,,,,0.7964217456463405,0.7500177912772541,1.9000932835518176,0.7319143362006415,0.5162685517476396,309.80713102331896
2582,362774.8956281321,851.7921056550504,,,,0.7964217401741257,0.7500165715490399,1.9000932835518176,0.7319143804703254,0.5162730589717589,309.8071307581458
2583,362774.9009809777,851.7921119392665,,,,0.7964217469638448,0.750017423156813,1.9000932835518176,0.7319143553807679,0.5162685517476396,309.80716503503845
2584,362774.8931327182,851.7921027254461,,,,0.7964217584313559,0.7500176338745916,1.9000932835518176,0.7319143427763819,0.5162685517476396,309.80713102331896
2585,362774.90789521055,851.7921200565437,,,,0.7964217713506888,0.7500181003701758,1.9000932835518176,0.7319143890246579,0.5162685517476396,309.80714518903966
2586,362774.89430900203,851.7921041063979,,,,0.7964217597080496,0.7500176174266432,1.9000932835518176,0.7319143528748419,0.5162685517476396,309.80713102331896
2587,362774.8923423161,851.7921017975176,,,,0.796421769648322,0.7500176174266432,1.9000932835518176,0.7319143639223658,0.5162685517476396,309.80713102331896
2588,257232.72838520914,717.2624741128021,,,,0.7924632356267103,0.74810312160678,1.90196520703105,0.7245535700436172,0.5131014867935216,176.2380262236707
2589,257232.7272956442,717.2624725937419,,,,0.7924632602092385,0.748103027243314,1.901966295404324,0.7245535210494417,0.5131043398582036,176.23802259551655
2590,257232.7281518994,717.2624737875241,,,,0.7924632250913046,0.7481041566385506,1.901964888237299,0.7245536059230919,0.5131075591619401,176.2380351935292
2591,257232.73592253326,717.2624846212624,,,,0.7924631923816943,0.7481029126567167,1.9019649903121802,0.7245536017867226,0.5130973991827683,176.2380217222516
2592,257232.73326646752,717.2624809182028,,,,0.792463214410804,0.748102890354112,1.9019655116600327,0.7245535780371394,0.5131026359270098,176.23803630511836
2593,257232.72814464042,717.2624737774037,,,,0.7924632232848494,0.7481031631584889,1.90196520703105,0.7245535851774216,0.513119197978776,176.2380262236707
2594,257232.73860668894,717.2624883634844,,,,0.7924632241090576,0.7481032064674582,1.9019649547649222,0.724553520092763,0.5130996922550807,176.23802424697917
2595,257232.72174113969,717.2624648497084,,,,0.7924632812004936,0.7481030792215588,1.9019655534305686,0.7245535252843499,0.5130994960169922,176.2380262236707
2596,257232.73889969618,717.2624887719918,,,,0.7924631633025497,0.7481029354896623,1.9019652860247047,0.7245530908574733,0.5130948490313045,176.2380164339814
2597,257232.7255204787,717.2624701188244,,,,0.7924631723950892,0.7481030306205962,1.9019650774866688,0.7245536126623834,0.5131046748312643,176.2380262236707
2598,257232.73760339187,717.2624869646983,,,,0.7924632622788982,0.7481031155337199,1.9019665082833699,0.7245535198063786,0.5130978296871036,176.23802609041928
2599,257232.72264151543,717.2624661050029,,,,0.7924632276131071,0.748103179177706,1.9019654030044366,0.7245536924145276,0.5130906844497083,176.2380262236707
2600,257232.73150955568,717.2624784687341,,,,0.7924632168451569,0.7481030559463675,1.901964466320259,0.7245536044299824,0.5131025381326259,176.2380262236707
2601,257232.72769165778,717.2624731458599,,,,0.7924631232173197,0.7481023353110243,1.9019648006334753,0.7245533968778994,0.5131078065627185,176.238026025557
2602,257232.7093884417,717.2624476277034,,,,0.7924632085124113,0.7481029450504815,1.9019644075891533,0.7245538623292292,0.5131312264710371,176.23802840163216
2603,257232.73228314848,717.2624795472693,,,,0.7924632187988269,0.748103129637286,1.9019652558362097,0.7245536198832688,0.513119197978776,176.2380262236707
2604,257232.74652002408,717.2624993961753,,,,0.7924633295792092,0.748103185649069,1.9019651280486423,0.7245537963170131,0.5131024904049438,176.23805234904628
2605,257232.72190030597,717.2624650716162,,,,0.7924632427850644,0.7481031750987852,1.90196520703105,0.7245535135765823,0.5131014867935216,176.2380262236707
2606,257232.74050950393,717.2624910163697,,,,0.7924632206839514,0.7481031232972946,1.90196520703105,0.7245535628350854,0.5131014867935216,176.2380262236707
2607,257232.7316686527,717.2624786905459,,,,0.7924632156514645,0.7481022670874953,1.90196520703105,0.7245536135331418,0.5131185292769462,176.23802211532606
2608,257232.71545366824,717.2624560837799,,,,0.7924632207064756,0.7481029281610228,1.90196520703105,0.7245535789768999,0.5131017031772198,176.2380043125708
2609,257232.7282817856,717.26247396861,,,,0.7924632336309557,0.7481031429578111,1.90196520703105,0.7245535698035771,0.5131014867935216,176.2380262236707
2610,257232.73298428705,717.2624805247896,,,,0.7924632455658569,0.7481036784968575,1.90196520703105,0.724553610323921,0.5131014867935216,176.23802837908835
2611,257232.729693094,717.2624759362418,,,,0.7924632350343297,0.74810312160678,1.90196520703105,0.724553579947541,0.5131014867935216,176.23803731005745
2612,257232.72765757533,717.2624730983425,,,,0.7924632456662295,0.74810312160678,1.90196520703105,0.724553592823489,0.5131014867935216,176.2380262236707
2613,323140.997382999,803.9166590922208,,,,0.7883834138343839,0.7440871129720794,1.9046085174190868,0.7228980287473766,0.5083559399252422,253.26531939752272
2614,323141.01199014724,803.9166772621985,,,,0.7883834640971599,0.7440869879546412,1.9046096000434158,0.72289798731533,0.5083541551190789,253.2653329820626
2615,323140.9865523557,803.9166456198747,,,,0.7883833360298647,0.7440881340823828,1.9046081997457749,0.7228980380649003,0.5083562786637021,253.26531518181767
2616,323141.0064622499,803.916670385992,,,,0.7883833598806195,0.7440868867994505,1.9046083031291912,0.7228980597106078,0.5083584910185504,253.265319207588
2617,323140.99776744976,803.9166595704429,,,,0.7883834224819097,0.7440868769173823,1.904608821901688,0.7228980516724689,0.5083620479566046,253.26530474271644
2618,323140.99661879765,803.9166581416233,,,,0.7883833847102988,0.744087152594021,1.9046085174190868,0.7228980385761806,0.5083534273212696,253.26531939752272
2619,323141.007340855,803.916671478898,,,,0.788383410778338,0.7440871978643402,1.9046082651869063,0.7228979881746519,0.5083582140234416,253.26531939752272
2620,323140.9910675802,803.9166512364081,,,,0.7883834397007932,0.7440870710691767,1.904608869706639,0.7228979859683781,0.5083582594806144,253.26531939752272
2621,323141.0110862549,803.9166761378383,,,,0.7883833441315005,0.7440868868354829,1.904608604102924,0.7228975571312911,0.5083681308109833,253.26531804074938
2622,323140.9994048721,803.9166616072492,,,,0.7883835803269618,0.7440870149943537,1.9046083890049763,0.7228981379970167,0.5083501987148418,253.26531939752272
2623,323141.0005208279,803.9166629953976,,,,0.7883833635911609,0.7440871073689321,1.904609811980452,0.7228979572861882,0.508358844819325,253.26532054781666
2624,323140.9924809981,803.9166529945728,,,,0.7883834484009657,0.74408716982115,1.9046087135346386,0.7228981660738839,0.5083478063140994,253.26531939752272
2625,323140.99996343744,803.916662302054,,,,0.7883834159870063,0.7440870303032174,1.9046078030522657,0.7228980596712931,0.5083566015787966,253.26531939752272
2626,323140.9824639454,803.9166405342603,,,,0.7883832948106865,0.7440863353235765,1.9046081072990448,0.722897823714931,0.5083484583792316,253.26530036332525
2627,323140.99717160733,803.9166588292688,,,,0.7883834177429826,0.7440869521567344,1.9046077555056637,0.7228983346787979,0.5083592104249087,253.26531991495966
2628,323141.0011507441,803.9166637789566,,,,0.7883834115331074,0.7440871206833455,1.9046085679638156,0.7228980849842072,0.508357813271925,253.26531939752272
2629,323141.0140801965,803.9166798620322,,,,0.7883835603350916,0.7440872002422995,1.904608430746498,0.7228983014191417,0.5083572916601558,253.26531859742022
2630,323140.99216956476,803.9166526071775,,,,0.7883834181332571,0.7440871658176825,1.9046085174190868,0.7228979726080295,0.5083615466428928,253.26532028300386
2631,323141.00969441223,803.9166744065113,,,,0.788383398884774,0.7440871144369428,1.9046085174190868,0.7228980229705748,0.5083555700220066,253.26531939752272
2632,323140.9996960817,803.9166619694877,,,,0.7883833903659305,0.7440862787246512,1.9046085174190868,0.7228980628201909,0.5083559399252422,253.26531988028046
2633,323140.9528527617,803.9166037006097,,,,0.7883833962421196,0.744086915816543,1.9046085174190868,0.7228980288541862,0.5083559399252422,253.26528584781286
2634,323140.9972847161,803.9166589699657,,,,0.788383411804094,0.7440871341415818,1.9046085174190868,0.7228980284992146,0.5083559399252422,253.26531939752272
2635,323140.9927148612,803.9166532854771,,,,0.7883834238580334,0.7440876679313807,1.9046085174190868,0.7228980718962509,0.5083559399252422,253.26530994027445
2636,323140.9998115913,803.9166621131712,,,,0.7883834126056601,0.7440871129720794,1.9046085174190868,0.7228980386256599,0.5083559399252422,253.26531939752272
2637,323140.9967012475,803.9166582441833,,,,0.7883834230701159,0.7440871129720794,1.9046085174190868,0.7228980501257303,0.5083559399252422,253.26531939752272
2638,325556.9829520498,806.916331414912,,,,0.7854468242962527,0.742656427010397,1.9060388678564857,0.71974901262343,0.5061967193180715,214.87447315495098
2639,325556.97591206525,806.9163226903584,,,,0.7854468422121682,0.7426562927590445,1.9060399483393111,0.719748956717902,0.5061948870725901,214.87445984245346
2640,325556.9901331236,806.9163403143149,,,,0.7854468232772465,0.7426574496646259,1.9060385494545256,0.71974904688017,0.5061940173308548,214.87448920633378
2641,325556.9886772003,806.9163385100101,,,,0.7854467831136004,0.7426562000963279,1.9060386556808782,0.7197490386571477,0.5061971136539641,214.87446895953218
2642,325556.98599191796,806.9163351821778,,,,0.7854468040580226,0.7426561931924579,1.9060391736434141,0.7197490256680306,0.5062051014190403,214.8744644710139
2643,325556.9827031545,806.9163311064594,,,,0.7854468124179032,0.7426564669167519,1.9060388678564857,0.7197490254076302,0.5061967193180715,214.87447315495098
2644,325556.99463415594,806.9163458923805,,,,0.7854468145630288,0.7426565121503205,1.9060386177904862,0.7197489677165123,0.5062006132376321,214.87447668400762
2645,325556.97719670716,806.9163242823971,,,,0.7854468710676926,0.7426563854270556,1.906039215707391,0.7197489739505903,0.5061994902623779,214.87447315495098
2646,325556.99246268865,806.9163432013121,,,,0.7854467485257868,0.7426562033404238,1.906038947922469,0.719748530866239,0.5061967193180715,214.87446540391028
2647,325556.9796118038,806.9163272753922,,,,0.7854467443047561,0.742656326331386,1.906038739027938,0.7197490445654436,0.5062170839928782,214.87447315495098
2648,325556.9913841523,806.9163418646973,,,,0.7854468632046432,0.7426564212920783,1.9060401709576167,0.7197489730690138,0.5062026157109175,214.87447594838972
2649,325556.9767347658,806.9163237099198,,,,0.7854468146726318,0.7426564835351767,1.9060390645845582,0.7197491339587165,0.5062115433286997,214.87447315495098
2650,325556.9858977975,806.9163350655353,,,,0.7854468031081883,0.7426563447627603,1.9060381325173326,0.7197490466900629,0.5061967193180715,214.87447315495098
2651,325556.98219542793,806.9163304772411,,,,0.7854467100297865,0.7426556351854587,1.9060384611094225,0.7197488461559501,0.5062139495791258,214.87447427601555
2652,325556.95691001136,806.916299141381,,,,0.7854467960870004,0.7426562576955371,1.9060380769414071,0.7197493026095478,0.5061995072132048,214.87445045646973
2653,325556.98601501185,806.9163352107975,,,,0.785446802507514,0.7426564346539154,1.9060389169157466,0.719749060158995,0.5061902470904394,214.87447315495098
2654,325557.0030896559,806.9163563711619,,,,0.7854469156799079,0.7426565077317868,1.9060387878014984,0.7197492371000849,0.5062022570017956,214.8744766752527
2655,325556.9760996785,806.916322922865,,,,0.7854468286853106,0.7426564796121959,1.9060388678564857,0.7197489550383933,0.5062085218856776,214.87447315495098
2656,325556.99523396493,806.9163466357157,,,,0.7854468079889985,0.7426564283181443,1.9060388678564857,0.7197490036530201,0.5061959908741872,214.87447315495098
2657,325556.98479708424,806.9163337014369,,,,0.7854468019098282,0.7426556004532618,1.9060388678564857,0.7197490521201338,0.5061967193180715,214.87447137920424
2658,325556.98169284605,806.9163298543978,,,,0.7854468073780243,0.7426562303392858,1.9060388678564857,0.7197490148345755,0.5061967193180715,214.87448915928871
2659,325556.98285596736,806.9163312958383,,,,0.7854468222525575,0.7426564480968865,1.9060388678564857,0.7197490123733409,0.5061967193180715,214.87447315495098
2660,325556.99150608876,806.9163420158106,,,,0.7854468352707304,0.7426569806475658,1.9060388678564857,0.71974905645128,0.5061967193180715,214.87447543512405
2661,325556.9856534023,806.9163347626597,,,,0.7854468231260255,0.742656427010397,1.9060388678564857,0.7197490230137634,0.5061967193180715,214.87447400197757
2662,325556.9822838884,806.9163305868689,,,,0.785446833434367,0.742656427010397,1.9060388678564857,0.7197490338307919,0.5061967193180715,214.87447315495098
2663,283122.3288667293,752.492297457893,,,,0.7833597576921433,0.7419875695754881,1.906654574510432,0.7156944997218228,0.5047920753008273,177.01031254413434
2664,283122.3241241499,752.4922911553973,,,,0.7833597943088126,0.7419874256293945,1.9066556557798917,0.7156944518588908,0.5047922138608512,177.01030794970308
2665,283122.3331936578,752.492303208023,,,,0.7833597082966589,0.7419885914661375,1.9066542552648271,0.71569452150292,0.5047923843202948,177.0103127732844
2666,283122.335310708,752.4923060214073,,,,0.7833597063830492,0.7419873351053327,1.9066543647817982,0.7156945233564922,0.504791883309807,177.01031214875943
2667,283122.3333194745,752.492303375223,,,,0.7833597560151445,0.7419873372927406,1.906654881041374,0.7156945230759807,0.504791491343052,177.01031799378185
2668,283122.3283050548,752.492296711474,,,,0.7833597386955222,0.7419876103659006,1.906654574510432,0.7156945102916072,0.5047815249364944,177.01031254413434
2669,283122.34052684874,752.4923129532272,,,,0.7833597548067526,0.7419876549261577,1.9066543242839824,0.7156944625836218,0.5047920753008273,177.01031254413434
2670,283122.32281197427,752.4922894116249,,,,0.7833597870312361,0.7419875263862271,1.9066549278568519,0.7156944566737973,0.5047920753008273,177.01031254413434
2671,283122.3391188847,752.4923110821592,,,,0.783359687251141,0.7419873323131447,1.9066546567361025,0.7156940293666219,0.5047937757590525,177.01031431095495
2672,283122.32837477355,752.4922968041249,,,,0.783359833544945,0.7419874670540094,1.9066544460290138,0.7156945762890884,0.5047880610904553,177.01031254413434
2673,283122.3349405546,752.4923055295044,,,,0.7833597426689322,0.7419875639563714,1.9066558870900585,0.7156944412019732,0.5047757271086771,177.01032744321188
2674,283122.3232653783,752.492290014161,,,,0.7833597776984342,0.7419876255935625,1.9066547712168467,0.7156946294448613,0.5047920753008273,177.01031254413434
2675,283122.33143354487,752.4923008689785,,,,0.7833597506078745,0.7419874832126333,1.906653845017656,0.7156945309770686,0.5047920753008273,177.01031254413434
2676,283122.3254801047,752.4922929573493,,,,0.7833596437387739,0.74198678505879,1.906654163197833,0.7156943166889209,0.5048014499151493,177.01030535727622
2677,283122.30979740573,752.4922721163393,,,,0.7833597489999645,0.741987404773572,1.9066537940298873,0.7156947957325306,0.5047887642491334,177.01031216613964
2678,283122.3321930927,752.4923018783549,,,,0.7833597459980101,0.741987577372087,1.9066546241997964,0.7156945512171226,0.5047920748398178,177.01031254413434
2679,283122.34887503553,752.4923240472762,,,,0.7833598797069748,0.7419876592056809,1.9066544922955904,0.7156947481012091,0.5047745915648053,177.01030954454026
2680,283122.3222938958,752.4922887231411,,,,0.7833597610350266,0.7419876218175302,1.906654574510432,0.7156944406726814,0.5047920753008273,177.0103104591918
2681,283122.34124659584,752.4923139097115,,,,0.7833597419503577,0.7419875708214951,1.906654574510432,0.7156944915666792,0.5047909293359119,177.01031254413434
2682,283122.33070221264,752.4922998970985,,,,0.7833597356082539,0.7419867572255642,1.906654574510432,0.7156945420907251,0.5048018516458789,177.01031243466468
2683,283122.32256726106,752.4922890864209,,,,0.7833597396327101,0.7419873735308316,1.906654574510432,0.7156944990267642,0.5047947172294256,177.01034677940936
2684,283122.3287714759,752.492297331309,,,,0.7833597556453427,0.7419875905536903,1.906654574510432,0.7156944994701657,0.5047920753008273,177.01031254413434
2685,283122.336504767,752.492307608213,,,,0.7833597680173933,0.7419881201803689,1.906654574510432,0.7156945428644639,0.5047920753008273,177.01032527411718
2686,283122.33156138216,752.4923010388637,,,,0.7833597565260476,0.7419875695754881,1.906654574510432,0.7156945100661821,0.5047846370192967,177.01031254413434
2687,283122.32826741715,752.4922966614567,,,,0.783359767248833,0.7419875695754881,1.906654574510432,0.7156945219940294,0.5047920753008273,177.01031254413434
2688,253870.1694284947,712.5590072807931,,,,0.7811069186489678,0.7407610238520099,1.908236417606175,0.7115344202418503,0.5024520704376536,175.80682100897414
2689,253870.172728464,712.5590119119455,,,,0.7811069346583385,0.7407608671617264,1.9082374962316333,0.7115343628271406,0.5024483137900105,175.8068173893036
2690,253870.1657232574,712.5590020808908,,,,0.7811069216525416,0.7407620440239646,1.9082360987106328,0.7115344570930696,0.5024539657938893,175.80682997269867
2691,253870.177529127,712.5590186491597,,,,0.7811068732856693,0.7407607790133786,1.9082362097310983,0.7115344386477116,0.50245207038937,175.80681650879367
2692,253870.1753598523,712.5590156048161,,,,0.7811068998012654,0.7407607921898853,1.9082367257348942,0.7115344381315278,0.5024550481409666,175.80683108567638
2693,253870.16925362858,712.5590070353875,,,,0.7811069077546643,0.7407610661812273,1.908236417606175,0.7115344321570789,0.5024510071392816,175.80682100897414
2694,253870.17925700973,712.5590210740577,,,,0.7811069125896745,0.7407611093291628,1.9082361689881564,0.7115343832710158,0.5024521678327689,175.80681902144062
2695,253870.16357769154,712.5589990698196,,,,0.7811069657198146,0.7407609795787573,1.9082367709906756,0.7115343838403916,0.5024520704376536,175.80682100897414
2696,253870.18399430937,712.5590277223486,,,,0.7811068432369308,0.7407607739012034,1.908236497411195,0.7115339476833952,0.5024502187890506,175.80681122283414
2697,253870.16605709525,712.5590025493963,,,,0.7811068365058954,0.7407609181566381,1.908236289242227,0.7115344470370735,0.5024528984898514,175.80682100897414
2698,253870.17477837732,712.5590147887785,,,,0.7811069595074894,0.7407610182757598,1.9082377379010724,0.7115343791791819,0.5024578087989165,175.8068208792035
2699,253870.16313727928,712.5589984517483,,,,0.7811069095243902,0.740761079231532,1.908236614637099,0.7115345387897515,0.5024520704376536,175.80682100897414
2700,253870.17218859293,712.5590111542945,,,,0.781106895536124,0.7407609321518891,1.9082356803816711,0.7115344520864472,0.5024520704376536,175.80682100897414
2701,253870.16491772642,712.5590009504144,,,,0.7811068075463018,0.7407602296474673,1.9082360061033619,0.711534261626917,0.502460326762535,175.80681918015577
2702,253870.16055560013,712.5589948286391,,,,0.7811068907141021,0.7407608571734796,1.9082356273469259,0.7115347121628451,0.5024520342180666,175.80682315440473
2703,253870.17241330506,712.5590114696538,,,,0.7811068953174031,0.7407610316908344,1.9082364664386642,0.7115344658018725,0.5024560400929927,175.80682100897414
2704,253870.18616401477,712.5590307672969,,,,0.781107009675826,0.740761118777381,1.9082363378118172,0.7115346398471437,0.5024574419350676,175.80684717002418
2705,253870.16328106367,712.5589986535342,,,,0.7811069221138265,0.7407610756757236,1.908236417606175,0.711534362093893,0.5024520704376536,175.80682100897414
2706,253870.18184216172,712.5590247020407,,,,0.7811069032826696,0.7407610249674837,1.908236417606175,0.7115344110799644,0.5024518573005112,175.80682100897414
2707,253870.17233473045,712.5590113593825,,,,0.7811068973274419,0.740760231784755,1.908236417606175,0.7115344657964078,0.502450165617851,175.80681689142247
2708,253870.1517726427,712.5589825027015,,,,0.7811068993145165,0.7407608265534236,1.908236417606175,0.7115344152995626,0.5024511870812584,175.80679907645413
2709,253870.169335123,712.559007149756,,,,0.7811069165874142,0.7407610446643742,1.908236417606175,0.7115344199871666,0.5024520704376536,175.80682100897414
2710,253870.17274552202,712.5590119358847,,,,0.7811069281532402,0.7407615719074012,1.908236417606175,0.711534458928804,0.5024520819316125,175.8068231661569
2711,253870.17222759276,712.5590112090264,,,,0.7811069174852258,0.7407610238520099,1.908236417606175,0.7115344306189685,0.5024520704376536,175.80683209530727
2712,253870.16886716473,712.5590064930269,,,,0.7811069280573559,0.7407610238520099,1.908236417606175,0.7115344421855915,0.5024520704376536,175.80682100897414
2713,255862.52383489496,715.349598217396,,,,0.7782327931071847,0.7393134498355143,1.9095519241328716,0.7088902195286894,0.5001279442755456,175.71707503988958
2714,255862.52241393126,715.3495962310055,,,,0.77823282730113,0.739313277571256,1.9095530014368418,0.7088901689536243,0.5001278903559954,175.71707142239336
2715,255862.52582472397,715.3496009990133,,,,0.7782327376956407,0.7393144663541595,1.9095516049005339,0.7088902388598581,0.500127661868485,175.71708400209334
2716,255862.53159921002,715.3496090712707,,,,0.7782327349626594,0.7393131955228291,1.9095517188172157,0.7088902341919308,0.5001283836689827,175.71707053968368
2717,255862.52516520373,715.3496000770584,,,,0.7782327924323817,0.7393132153672464,1.909552232702148,0.7088902460115154,0.5001274521102782,175.7170851153891
2718,255862.52346230226,715.3495976965421,,,,0.7782327718073646,0.7393134939169475,1.9095519241328716,0.7088902268077907,0.5001403669267073,175.71707503988958
2719,255862.5356255341,715.349614699741,,,,0.7782327916782882,0.7393135353748952,1.9095516752259616,0.7088901891282753,0.5001333314610052,175.7170730503771
2720,255862.51783011862,715.3495898232115,,,,0.7782328190320704,0.7393134049103994,1.9095522821000035,0.708890179541745,0.5001292344539467,175.71707503988958
2721,255862.53465277868,715.3496133399087,,,,0.7782327270986815,0.7393131809917006,1.9095520069751812,0.7088897585269043,0.5001488841230952,175.71706525429454
2722,255862.52349267376,715.3495977389987,,,,0.7782328744165415,0.7393133409106513,1.9095517963363513,0.7088902944262759,0.5001279442755456,175.71707503988958
2723,255862.52941806387,715.3496060222076,,,,0.7782327759178844,0.7393134444229614,1.909553248490434,0.708890160756495,0.5001376145707785,175.71707491078493
2724,255862.51812644128,715.3495902374463,,,,0.7782328150864202,0.7393135046517247,1.9095521212397435,0.7088903477562676,0.5001279442755456,175.71707503988958
2725,255862.52630552344,715.3496016711317,,,,0.7782327882521914,0.7393133502489329,1.9095511965335124,0.7088902499899583,0.5001380523043442,175.71707503988958
2726,255862.51525152737,715.3495862185529,,,,0.7782326804930315,0.7393126520593059,1.9095515091413529,0.7088900397332754,0.500127062314449,175.71707320987915
2727,255862.50520193533,715.3495721700483,,,,0.7782327841449995,0.7393132868805434,1.9095511488670545,0.7088905152990275,0.5001298985874298,175.71707717861833
2728,255862.52697526172,715.3496026073708,,,,0.7782327811523199,0.7393134576101943,1.9095519737724644,0.708890269399393,0.5001279442755456,175.71707503988958
2729,255862.54273857482,715.3496246431879,,,,0.7782329220313596,0.7393135573710576,1.909551841301115,0.7088904677911685,0.5001209730001781,175.71710120719413
2730,255862.5182223416,715.3495903715071,,,,0.778232796966476,0.7393135012694653,1.9095519241328716,0.7088901653577632,0.5001279422691234,175.71707503988958
2731,255862.53637653642,715.3496157495808,,,,0.7782327794224555,0.7393134508269676,1.9095519241328716,0.7088902127294145,0.5001279442755456,175.71707503988958
2732,255862.52640164582,715.349601805503,,,,0.778232770416704,0.7393126746495591,1.9095519241328716,0.7088902617966099,0.5001279442755456,175.7170709206693
2733,255862.50370910202,715.3495700831894,,,,0.7782327736808761,0.7393132502426865,1.9095519241328716,0.7088902119051226,0.5001279442755456,175.71705310348779
2734,255862.523743636,715.3495980898234,,,,0.7782327910303175,0.7393134704948732,1.9095519241328716,0.7088902192708567,0.5001279442755456,175.71707503988958
2735,255862.52604647278,715.349601309,,,,0.7782328028205897,0.7393139963084052,1.9095519241328716,0.7088902600656016,0.5001279442755456,175.71707719752092
2736,255862.52513457194,715.3496000342376,,,,0.7782327919350757,0.7393134498355143,1.9095519241328716,0.7088902297521135,0.5001279442755456,175.71708612611715
2737,255862.5233587208,715.3495975517436,,,,0.7782328028691198,0.7393134498355143,1.9095519241328716,0.7088902424804712,0.5001279442755456,175.71707503988958
2738,263426.5095301196,725.8464156143774,,,,0.7764521621551049,0.7379524139134352,1.9110683971961318,0.7067942712606333,0.4977393767302314,175.64349663147863
2739,263426.5175166215,725.846426617396,,,,0.7764521800077181,0.737952227574759,1.911069470403219,0.7067942185625059,0.4977367034156335,175.6434930150946
2740,263426.5038168902,725.8464077432502,,,,0.7764521676611847,0.7379534287908875,1.9110680794912558,0.7067943108716742,0.4977343158125006,175.64350559283486
2741,263426.5185049746,725.846427979052,,,,0.7764521113300809,0.7379521523319236,1.9110681921422539,0.7067942841393772,0.49773090815310717,175.64349213166884
2742,263426.5112347924,725.8464179629082,,,,0.7764521462066822,0.737952176566192,1.9110687068238665,0.7067942944747917,0.4977393653352601,175.64350670642833
2743,263426.5093676494,725.8464153905417,,,,0.776452149958602,0.73795245944338,1.9110683971961318,0.7067942797181845,0.4977372968756797,175.64349663147863
2744,263426.51946505083,725.8464293017512,,,,0.7764521599221277,0.7379524995329758,1.9110681496978932,0.7067942396609548,0.49774701913408226,175.64349464001316
2745,263426.5039657911,725.8464079483913,,,,0.7764522069620293,0.7379523683873308,1.911068752978345,0.7067942378369076,0.4977393767302314,175.64349663147863
2746,263426.52425262256,725.8464358975978,,,,0.7764520895134467,0.737952131571239,1.9110684780455545,0.7067938080045277,0.4977315618959825,175.64348684657512
2747,263426.50649252563,725.8464114294783,,,,0.7764520960920762,0.7379523018181227,1.9110682694890027,0.7067942982427646,0.4977410487622318,175.64349663147863
2748,263426.5136081889,725.846421232741,,,,0.776452200160031,0.7379524085827861,1.9110697215279213,0.7067942294450511,0.49771796012773883,175.64349650309336
2749,263426.5031653843,725.8464068456693,,,,0.7764521567109655,0.7379524681722691,1.9110685946882044,0.7067943893126695,0.4977393767302314,175.64349663147863
2750,263426.5120865748,725.8464191364104,,,,0.7764521403804934,0.7379523084443247,1.9110676639183741,0.7067943022072743,0.49771431335183464,175.64349663147863
2751,263426.49920547224,725.8464013900901,,,,0.7764520516205744,0.7379516125682101,1.9110679840911835,0.7067941151911308,0.4977389457695355,175.64349480029563
2752,263426.503388684,725.8464071533094,,,,0.7764521401128215,0.7379522526336488,1.9110676136897624,0.7067945736584899,0.49773689857234416,175.64349876406735
2753,263426.51231059444,725.8464194450428,,,,0.7764521378168892,0.7379524216439431,1.9110684460770315,0.7067943144248905,0.4977393767302314,175.64349663147863
2754,263426.52556928404,725.8464377115647,,,,0.7764522580688972,0.7379525270010179,1.9110683163572262,0.7067944903160649,0.49774083869563146,175.64352280648706
2755,263426.5042112953,725.8464082866227,,,,0.776452165361137,0.7379524649694293,1.9110683971961318,0.7067942173516197,0.4977393907551956,175.64349663147863
2756,263426.5221007898,725.8464329330136,,,,0.7764521493527948,0.7379524147521461,1.9110683971961318,0.7067942641725373,0.4977393767302314,175.64349663147863
2757,263426.5127039581,725.8464199869807,,,,0.776452142064419,0.7379516527540022,1.9110683971961318,0.7067943189782553,0.49774755962794986,175.64349251058283
2758,263426.476182363,725.8463696711074,,,,0.7764521419572559,0.7379522128000495,1.9110683971961318,0.7067942599479055,0.4977393767302314,175.64347469043028
2759,263426.5094409942,725.8464154915891,,,,0.7764521600662602,0.737952434424209,1.9110683971961318,0.706794271000343,0.4977393767302314,175.64349663147863
2760,263426.50739935576,725.8464126788195,,,,0.7764521713160736,0.7379529599290984,1.9110683971961318,0.7067943085986604,0.4977393767302314,175.6434987893761
2761,263426.51180302753,725.846418745767,,,,0.7764521611319063,0.7379524139134352,1.9110683971961318,0.7067942820439207,0.4977393767302314,175.64350771783623
2762,263426.50906102645,725.846414968107,,,,0.7764521715023016,0.7379524139134352,1.9110683971961318,0.7067942932630371,0.4977393767302314,175.64349663147863
2763,255818.3606125601,715.287858994629,,,,0.7743051550110743,0.737094850689054,1.9119506925267569,0.7046544596145976,0.4964191148291699,175.59142275810206
2764,255818.35799315423,715.2878553325986,,,,0.7743051799589876,0.7370946526484914,1.9119517632981597,0.7046544089980116,0.49641695386240725,175.59141914313116
2765,255818.36356617816,715.2878631239013,,,,0.7743051349534873,0.7370958655203779,1.9119503760964185,0.7046544907028145,0.4964206769212504,175.59143171844357
2766,255818.36793343764,715.2878692294979,,,,0.7743050966726572,0.7370945809032547,1.9119504876598334,0.7046544682384177,0.4964191193744777,175.59141825824088
2767,255818.36388119558,715.2878635643074,,,,0.7743051451548784,0.7370946115049188,1.9119510028031588,0.7046544879569481,0.49640544976102763,175.59143283238404
2768,255818.36045719596,715.2878587774239,,,,0.7743051403569973,0.73709489728272,1.9119506925267569,0.7046544665131349,0.4964021989386141,175.59142275810206
2769,255818.37209210225,715.2878750434712,,,,0.7743051552506971,0.7370949363590749,1.9119504452204792,0.7046544320984562,0.4964250696934559,175.59142076554267
2770,255818.3548228681,715.2878509004163,,,,0.7743051915087074,0.7370948036410052,1.9119510497197694,0.704654425389215,0.49642702066930655,175.59142275810206
2771,255818.3725050546,715.2878756207947,,,,0.7743050907986007,0.7370945544426599,1.9119507748628932,0.7046540120662423,0.49643244615084337,175.59141297331155
2772,255818.35876563424,715.2878564125556,,,,0.7743051531090303,0.737094735931134,1.911950565181353,0.7046545042417177,0.4964191148291699,175.59142275810206
2773,255818.36554904727,715.2878658960284,,,,0.774305169397199,0.7370948454199759,1.9119520161224288,0.7046544102181493,0.496427241394977,175.59142263015926
2774,255818.354482254,715.2878504242248,,,,0.774305162707776,0.7370949042888046,1.9119508901004827,0.7046545801618873,0.4964191148291699,175.59142275810206
2775,255818.36308027295,715.2878624445867,,,,0.7743051409017528,0.7370947399224601,1.9119499642624447,0.7046544892401787,0.4964236062480004,175.59142275810206
2776,255818.3553680003,715.2878516625323,,,,0.7743050463769376,0.7370940507596395,1.9119502784238154,0.704654298569238,0.4964199503948009,175.59142092621104
2777,255818.34410802415,715.287835920651,,,,0.7743051395094929,0.7370946926340929,1.9119499162865163,0.7046547609250396,0.49639671932195784,175.5914248862821
2778,255818.36357483632,715.2878631360053,,,,0.7743051356188909,0.7370948585303541,1.911950741607423,0.7046545036531928,0.49642014866251705,175.59142275810206
2779,255818.37938451083,715.287885238539,,,,0.7743052689336973,0.7370949705224283,1.9119506102011123,0.7046546938124764,0.49643127861541897,175.5914489369888
2780,255818.35451676202,715.2878504724683,,,,0.7743051580119342,0.7370949013019773,1.9119506925267569,0.7046544057553894,0.49642045209397667,175.59142275810206
2781,255818.3732741808,715.2878766960627,,,,0.7743051428373832,0.737094851439167,1.9119506925267569,0.7046544532904712,0.4964191148291699,175.59142275810206
2782,255818.3628396317,715.287862108161,,,,0.7743051361074724,0.7370940998341238,1.9119506925267569,0.7046545060129104,0.4964003650608545,175.59141863623836
2783,255818.34809186982,715.2878414902212,,,,0.774305135667023,0.7370946488362042,1.9119506925267569,0.7046544467928145,0.49641522177560965,175.59140081464207
2784,255818.3605247631,715.2878588718854,,,,0.7743051529176255,0.737094871059394,1.9119506925267569,0.7046544593528888,0.4964191148291699,175.59142275810206
2785,255818.36562051476,715.2878659959428,,,,0.774305164280177,0.7370953982630195,1.9119506925267569,0.7046544974441893,0.49641923763752566,175.5914249163196
2786,255818.36309532457,715.2878624656295,,,,0.7743051540931023,0.737094850689054,1.9119506925267569,0.7046544706103833,0.4964186485852058,175.59143384435487
2787,255818.3601853724,715.2878583974041,,,,0.7743051646367233,0.737094850689054,1.9119506925267569,0.7046544823532548,0.4964191148291699,175.59142275810206
2788,249382.19038893713,706.2325259982538,,,,0.7733553924843407,0.7366290298684832,1.9124528988987093,0.7033256060470754,0.4955014182961064,175.56615434315717
2789,249382.18874291654,706.2325236675474,,,,0.7733554166785638,0.7366288259847071,1.912453967645658,0.7033255541977282,0.4954991413097553,175.5661507283242
2790,249382.19269179908,706.2325292590241,,,,0.7733553756770823,0.7366300465590361,1.9124525836823458,0.703325637550402,0.49550149534895516,175.56616330343175
2791,249382.19781203262,706.2325365090915,,,,0.773355333039547,0.7366287557120699,1.9124526935534198,0.7033256137840461,0.4955019138392189,175.56614984344333
2792,249382.19323395137,706.2325300266923,,,,0.7733553819704049,0.7366287894648912,1.9124532096761448,0.7033256360636377,0.49550069835582145,175.56616441725777
2793,249382.19030591616,706.2325258806991,,,,0.7733553788737807,0.7366290770613887,1.9124528988987093,0.7033256130795361,0.4955023887935042,175.56615434315717
2794,249382.20178405513,706.2325421333333,,,,0.7733553927275955,0.7366291155490511,1.9124526519759764,0.7033255793765884,0.49550251703553877,175.56615234995792
2795,249382.18461439604,706.2325178217101,,,,0.7733554302671355,0.7366289816220593,1.9124532557869733,0.7033255744684901,0.49550710455120406,175.56615434315717
2796,249382.202400039,706.2325430055445,,,,0.7733553302603209,0.7366287252152179,1.9124529814179836,0.7033251655192363,0.4955004298600482,175.56614455876303
2797,249382.18847130143,706.2325232829504,,,,0.7733553852204667,0.7366289134565609,1.912452771704067,0.7033256475150073,0.49550789152048513,175.56615434315717
2798,249382.19493353245,706.2325324332384,,,,0.7733554079441926,0.7366290246091975,1.912454220732274,0.7033255540309267,0.4955033182792857,175.56615421546127
2799,249382.18424613218,706.2325173002615,,,,0.7733553990055355,0.7366290830093523,1.9124530965264537,0.703325724135913,0.4955014182961064,175.56615434315717
2800,249382.1928831764,706.2325295300075,,,,0.7733553776058087,0.7366289161254604,1.9124521717422198,0.7033256359182183,0.4954994055572299,175.56615434315717
2801,249382.18429182816,706.2325173649654,,,,0.7733552860593675,0.736628231570236,1.9124524851396438,0.7033254479710042,0.4954919793186931,175.56615251089187
2802,249382.17520094948,706.2325044926062,,,,0.7733553766827878,0.7366288734644233,1.9124521239716896,0.7033259092252686,0.49549865189715386,175.56615646940102
2803,249382.19336185718,706.2325302078024,,,,0.773355372412731,0.7366290378499377,1.9124529478724879,0.703325648847283,0.4954963824178527,175.56615434315717
2804,249382.20891794382,706.2325522346642,,,,0.7733555054862707,0.73662915350416,1.9124528163899324,0.7033258393324625,0.495496500323569,175.56618052503347
2805,249382.18444408604,706.2325175805572,,,,0.7733553954766682,0.7366290801520557,1.9124528988987093,0.7033255526853791,0.49550579435557296,175.56615434315717
2806,249382.2030839552,706.2325439739453,,,,0.7733553805665897,0.7366290305581221,1.9124528988987093,0.7033255997229064,0.49550155968187665,175.56615434315717
2807,249382.19269510292,706.232529263702,,,,0.7733553747816332,0.7366282832932914,1.9124528988987093,0.7033256558173032,0.4955014182961064,175.5661502207507
2808,249382.17523380005,706.2325045391214,,,,0.7733553726631804,0.736628827758134,1.9124528988987093,0.7033255913921788,0.4955014182961064,175.5661323977638
2809,249382.19030173626,706.2325258747804,,,,0.773355390391371,0.736629050153528,1.9124528988987093,0.7033256057846945,0.4955014182961064,175.56615434315717
2810,249382.19440607386,706.2325316863759,,,,0.7733554012349058,0.7366295792690835,1.9124528988987093,0.703325642270455,0.4955014182961064,175.56615650139108
2811,249382.1929676773,706.2325296496577,,,,0.7733553916381716,0.7366290298684832,1.9124528988987093,0.7033256172573612,0.4955014182961064,175.5661654295769
2812,249382.18998663264,706.232525428605,,,,0.7733554022562461,0.7366290298684832,1.9124528988987093,0.7033256290712244,0.4955014182961064,175.56615434315717
2813,241722.35695473675,695.301886887612,,,,0.771551663101355,0.7357180273188193,1.913445618891229,0.7008310526607436,0.49370306282996645,175.51568153635054
2814,241722.3575651663,695.3018877655467,,,,0.7715516870683715,0.7357178122982881,1.9134466841111686,0.7008310007344497,0.49370343460858773,175.5156779225129
2815,241722.3577300228,695.3018880026473,,,,0.7715516468720203,0.7357190461219574,1.913445305784563,0.7008310838186081,0.4937029538580885,175.51569049581278
2816,241722.3646028954,695.3018978873787,,,,0.7715516007778815,0.7357177433484812,1.913445413051109,0.7008310558639483,0.4936992392823931,175.5156770368755
2817,241722.35890832602,695.3018896973114,,,,0.7715516534279656,0.7357177845601022,1.9134459306817575,0.7008310856921025,0.4936938462946923,175.51569160996507
2818,241722.3569617899,695.3018868977559,,,,0.7715516501279809,0.7357180755458262,1.913445618891229,0.7008310585609592,0.4937011120326775,175.51568153635054
2819,241722.36818308942,695.3019030365003,,,,0.7715516630770695,0.7357181130699955,1.9134453726130982,0.7008310278226046,0.49370780568629125,175.51567954188124
2820,241722.35116467037,695.3018785601982,,,,0.7715517017406578,0.7357179770454937,1.9134459757537212,0.7008310252215931,0.49369798069434423,175.51568153635054
2821,241722.36932119983,695.3019046733583,,,,0.7715516038560496,0.7357177074768482,1.9134457018760347,0.7008306247960947,0.49369709512810295,175.5156717521453
2822,241722.35502865707,695.3018841174776,,,,0.7715516550899052,0.7357179077550111,1.9134454919909163,0.7008310913041497,0.4936983168890442,175.51568153635054
2823,241722.36081706398,695.3018924425045,,,,0.7715516769675593,0.7357180220870841,1.913446939085778,0.7008309972386628,0.49370223743819075,175.51568140924226
2824,241722.35080127933,695.3018780375603,,,,0.7715516688573044,0.7357180795524876,1.9134458167051838,0.700831166375533,0.49370306282996645,175.51568153635054
2825,241722.35943316013,695.3018904521402,,,,0.7715516480270285,0.7357179082039531,1.91344489349623,0.7008310827429753,0.49370336775331347,175.51568153635054
2826,241722.3490457789,695.3018755127573,,,,0.7715515598915368,0.7357172344303899,1.9134452052720046,0.7008308981033111,0.4937060358875181,175.51567970326954
2827,241722.34437783278,695.301868799204,,,,0.7715516466417145,0.7357178745158071,1.91344484629923,0.7008313559095543,0.49370263242064844,175.51568365743634
2828,241722.35993232921,695.3018911700575,,,,0.7715516433965032,0.7357180355096191,1.9134456676861347,0.7008310948603022,0.49370388593159703,175.51568153635054
2829,241722.3751525121,695.301913060092,,,,0.7715517756249044,0.7357181564409103,1.9134455359169236,0.7008312836009755,0.4937001609695191,175.515707723785
2830,241722.35127068718,695.3018787126742,,,,0.7715516659069092,0.7357180770230631,1.913445618891229,0.7008309992194652,0.4937114725790659,175.51568153635054
2831,241722.36972334023,695.3019052517262,,,,0.7715516515185421,0.735718027899525,1.913445618891229,0.7008310462488134,0.49370306282996645,175.51568153635054
2832,241722.3593108902,695.301890276289,,,,0.7715516464703587,0.7357172886556027,1.913445618891229,0.7008311054009474,0.4936988671806062,175.51567741289566
2833,241722.33634196012,695.3018572418172,,,,0.7715516418328168,0.7357178247609577,1.913445618891229,0.7008310335710226,0.4937017496929901,175.5156595872705
2834,241722.3568689162,695.3018867641828,,,,0.7715516610093092,0.7357180474413828,1.913445618891229,0.7008310523972986,0.49370306282996645,175.51568153635054
2835,241722.35911788786,695.301889998708,,,,0.7715516715386034,0.7357185804485536,1.913445618891229,0.7008310876782159,0.4936946806426127,175.51568369486756
2836,241722.35973970115,695.3018908930151,,,,0.7715516623770319,0.7357180273188193,1.913445618891229,0.7008310642058542,0.49370038138391215,175.51569262269706
2837,241722.35658960795,695.3018863624749,,,,0.7715516731261965,0.7357180273188193,1.913445618891229,0.700831076208593,0.49370306282996645,175.51568153635054
2838,253283.88513044568,711.7357446840025,,,,0.7685585371785637,0.7323863558356618,1.9154710402199395,0.6975819823819832,0.4905450270115015,175.41012463215503
2839,253283.89141759736,711.7357535175499,,,,0.7685585624753958,0.7323857046216813,1.9154720995207262,0.6975819338556947,0.49054059059572713,175.41012102036754
2840,253283.88236144852,711.7357407935174,,,,0.7685585254482694,0.7323863188186948,1.9154707299761489,0.6975820180827047,0.49054795541396023,175.41013359007226
2841,253283.89330884334,711.7357561747806,,,,0.7685584724779898,0.7323863550309608,1.9154708348719156,0.6975819798303202,0.4905446079451294,175.41012013300423
2842,253283.88491122777,711.7357443759977,,,,0.7685585297253124,0.7323862512061248,1.9154713539266242,0.6975820214116788,0.49054720332486806,175.41013470468397
2843,253283.8852921857,711.7357449112499,,,,0.7685585244211519,0.7323865304481899,1.9154710402199395,0.6975819842455163,0.4905450270115015,175.41012463215503
2844,253283.89594513873,711.7357598788174,,,,0.768558537938622,0.7323864267040527,1.9154707949680971,0.6975819626353922,0.4905335684930759,175.4101226351416
2845,253283.87937216647,711.7357365935288,,,,0.7685585747403133,0.7323866863101203,1.9154713982264067,0.6975819631933007,0.4905450270115015,175.41012463215503
2846,253283.89862134444,711.7357636389287,,,,0.7685584793821273,0.7323862468933025,1.915471124074712,0.6975815790025323,0.490535809207929,175.41011484854977
2847,253283.8831868237,711.7357419531827,,,,0.7685585313229818,0.732386190242283,1.9154709139288506,0.6975820190364466,0.4905427069919863,175.41012463215503
2848,253283.8875256604,711.735748049317,,,,0.7685585461675476,0.7323862203708823,1.915472360732507,0.6975819181384483,0.4905501297245752,175.41012450610674
2849,253283.87892972294,711.7357359718887,,,,0.768558539410983,0.7323863863423871,1.9154712384561532,0.6975820840731304,0.4905450270115015,175.41012463215503
2850,253283.88755179467,711.7357480860362,,,,0.7685585217085501,0.7323863565387021,1.9154703180872463,0.6975820129433674,0.4905450270115015,175.41012463215503
2851,253283.87357672965,711.7357284508482,,,,0.7685584402425351,0.7323863524151928,1.9154706258441878,0.6975818350516494,0.4905327855426525,175.41012279748207
2852,253283.8783267618,711.7357351247186,,,,0.7685585164611282,0.7323868709010123,1.915470272595167,0.6975822816646176,0.4905385820691775,175.4101267437571
2853,253283.88806190089,711.7357488027436,,,,0.768558514732867,0.7323862278505224,1.9154710887456747,0.6975820214759512,0.4905433879088778,175.41012463215503
2854,253283.9025304812,711.7357691313276,,,,0.7685586466186981,0.7323863484418671,1.9154709563756165,0.6975822065012345,0.4905445714287869,175.4101508299421
2855,253283.87984050094,711.7357372515462,,,,0.7685585403170673,0.7323863575838958,1.9154710402199395,0.6975819293039967,0.4905450270115015,175.41012463215503
2856,253283.8980449353,711.7357628290648,,,,0.7685585256943183,0.7323863927876495,1.9154710402199395,0.697581974971105,0.49054729056570917,175.41012463215503
2857,253283.88756666277,711.7357481069263,,,,0.768558521131403,0.7323863515877702,1.9154710402199395,0.6975820384406395,0.49054683531591387,175.4101205065494
2858,253283.85285887765,711.7356993419363,,,,0.7685585128872524,0.7323863515525503,1.9154710402199395,0.6975819542117618,0.4905394831175853,175.4101026763681
2859,253283.88504736868,711.735744567278,,,,0.7685585350873491,0.7323863558356618,1.9154710402199395,0.6975819821166253,0.4905450270115015,175.41012463215503
2860,253283.8835628472,711.7357424815016,,,,0.7685585455247065,0.7323863558356618,1.9154710402199395,0.6975820160765958,0.49053020326457447,175.41012679117893
2861,253283.8883588986,711.73574922003,,,,0.7685585366716808,0.7323863558356618,1.9154710402199395,0.6975819946969913,0.4905450270115015,175.4101357184811
2862,253283.88482915275,711.735744260681,,,,0.7685585473401503,0.7323863558356618,1.9154710402199395,0.697582006614364,0.4905450270115015,175.41012463215503
2863,417103.16762239084,913.3489668493534,,,,0.766914263926092,0.7278149661432902,1.9179627097476117,0.700711923056616,0.4869281080757733,376.53232514947854
2864,242772.05963898412,696.8099592270249,,,,0.7675901176285184,0.7312357666517013,1.9160984000592949,0.6962230340258225,0.4895627307333634,175.37382793365947
2865,242772.0634115727,696.8099646411104,,,,0.7675901429301313,0.7312351175917953,1.9160994575421504,0.696222987320487,0.48956290439507805,175.3738243224532
2866,242772.05703731134,696.8099554933343,,,,0.7675901068812484,0.7312357293419021,1.9160980904764757,0.6962230718837227,0.4895624379462147,175.37383689125306
2867,242772.06806141534,696.809971314153,,,,0.7675900528383364,0.7312357679174918,1.9160981949919158,0.6962230324001676,0.48956165248279154,175.37382343450025
2868,242772.0635482108,696.8099648372012,,,,0.7675901111448542,0.7312356550828507,1.9160987142537171,0.6962230752983305,0.4895627307333634,175.37383800575813
2869,242772.05986211493,696.8099595472427,,,,0.7675901054501736,0.7312359403850224,1.9160984000592949,0.6962230356363712,0.48956463677645656,175.37382793365947
2870,242772.07034590986,696.8099745926576,,,,0.7675901191160673,0.7312358388233673,1.916098155122708,0.6962230158192584,0.4895627307333634,175.37382593586187
2871,242772.05391808078,696.8099510168907,,,,0.7675901552352927,0.7312360982053652,1.9160987581056035,0.6962230170668252,0.4895621676654405,175.37382793365947
2872,242772.07421559974,696.8099801460937,,,,0.7675900593114774,0.7312356596882434,1.9160984840107553,0.6962226368619528,0.4895545259028311,175.37381815050995
2873,242772.0576930402,696.8099564343786,,,,0.767590110923792,0.7312355984046793,1.9160982739022683,0.6962230702949944,0.48956355772243776,175.37382793365947
2874,242772.0617685427,696.8099622831791,,,,0.767590126027364,0.7312356371462188,1.9160997202708796,0.6962229673464928,0.48957083537196655,175.37382780785063
2875,242772.05342615355,696.8099503109203,,,,0.7675901187364007,0.731235797021023,1.9160985984316619,0.6962231318733987,0.4895627307333634,175.37382793365947
2876,242772.06204827048,696.8099626846196,,,,0.7675901023361517,0.7312357671760731,1.9160976785596995,0.6962230645647915,0.48955348027274537,175.37382793365947
2877,242772.0518853903,696.8099480997531,,,,0.7675900230192141,0.7312357635211424,1.9160979857324054,0.6962228896090297,0.48956293931088574,175.37382609854174
2878,242772.05446566874,696.8099518027404,,,,0.767590097475332,0.7312362820813838,1.9160976333475217,0.696223337449556,0.48954797124095073,175.37383004303527
2879,242772.0625640756,696.8099634248574,,,,0.7675900948468982,0.7312356407459881,1.9160984485123118,0.6962230727740221,0.4895627307333634,175.37382793365947
2880,242772.0764793536,696.8099833948323,,,,0.7675902232179543,0.7312357590455582,1.9160983161182723,0.6962232515268861,0.4895548250123004,175.373854134247
2881,242772.05387311996,696.8099509523669,,,,0.7675901210391998,0.7312357683742685,1.9160984000592949,0.6962229817381574,0.4895604265421096,175.37382793365947
2882,242772.0726001059,696.8099778276797,,,,0.7675901061793577,0.731235802944648,1.9160984000592949,0.6962230262275608,0.4895627307333634,175.37382793365947
2883,242772.06193256017,696.8099625185625,,,,0.7675901021395243,0.7312357624102455,1.9160984000592949,0.6962230928988135,0.4895627307333634,175.37382380736716
2884,242772.03844362943,696.8099288093266,,,,0.7675900950651908,0.7312357623540723,1.9160984000592949,0.6962230101846115,0.4895627307333634,175.37380597614458
2885,242772.05955694703,696.8099591092925,,,,0.767590115536483,0.7312357666517013,1.9160984000592949,0.6962230337604284,0.4895627307333634,175.37382793365947
2886,242772.06171504987,696.8099622064109,,,,0.767590127666046,0.7312357666517013,1.9160984000592949,0.6962230713868109,0.4895627307333634,175.37383009275015
2887,242772.0629842673,696.8099640278793,,,,0.7675901172070576,0.7312357666517013,1.9160984000592949,0.6962230467073035,0.4895627307333634,175.37383902012888
2888,242772.0593558557,696.8099588207041,,,,0.7675901277910604,0.7312357666517013,1.9160984000592949,0.6962230583897068,0.4895627307333634,175.37382793365947
2889,240371.8739737086,693.3568691138908,,,,0.7660754514458022,0.7298800160992662,1.9168166695775226,0.6946971826010837,0.4884255915973508,175.3343477606156
2890,240371.87491646086,693.3568704735837,,,,0.7660754756555346,0.7298793695489496,1.9168177251201657,0.6946971325414281,0.4884258778059804,175.33434415041833
2891,240371.87494634537,693.3568705166847,,,,0.7660754425227476,0.7298799785792938,1.9168163609808402,0.6946972211869143,0.4884241460949765,175.33435671739593
2892,240371.8818927589,693.3568805352102,,,,0.7660753846187116,0.7298800197856905,1.9168164647023778,0.6946971769370528,0.48844598930414684,175.3343432615535
2893,240371.8750820453,693.356870712399,,,,0.766075445321437,0.7298799060266864,1.9168169843999732,0.694697224611161,0.48842070313086505,175.33435783236794
2894,240371.87423710155,693.3568694937715,,,,0.7660754387513267,0.7298801892800434,1.9168166695775226,0.6946971828557356,0.48842417291776935,175.3343477606156
2895,240371.88541883885,693.3568856207298,,,,0.7660754529219138,0.729880087956323,1.9168164249321349,0.6946971648693697,0.488433282175604,175.33434576191434
2896,240371.86822565802,693.3568608237147,,,,0.7660754889625382,0.7298803478051793,1.9168170281464678,0.6946971675239989,0.4884382754777831,175.3343477606156
2897,240371.88616267624,693.3568866935359,,,,0.7660753942997481,0.7298799136265769,1.916816753859282,0.694696792527673,0.488428022742687,175.3343379773729
2898,240371.87202165433,693.3568662985235,,,,0.766075445555526,0.7298798452010333,1.9168165436517508,0.6946972182068304,0.48842029752165295,175.3343477606156
2899,240371.87692009402,693.356873363341,,,,0.7660754580068181,0.7298798984672691,1.9168179901984612,0.6946971138947332,0.4884232743674118,175.3343476352083
2900,240371.8677383259,693.3568601208555,,,,0.7660754516865712,0.7298800463193948,1.9168168681146827,0.6946972767909755,0.4884255915973508,175.3343477606156
2901,240371.87635803,693.3568725526989,,,,0.7660754357838162,0.7298800164077417,1.9168159492237826,0.6946972124115356,0.48842738658555973,175.3343477606156
2902,240371.86506813535,693.3568562697502,,,,0.7660753594400316,0.7298800148709184,1.9168162548778616,0.6946970430254399,0.4884340728963852,175.33434592487856
2903,240371.8624958527,693.3568525598525,,,,0.7660754305852223,0.729880530465735,1.9168159046729556,0.6946974814001002,0.48842389782423834,175.3343498662487
2904,240371.87688180388,693.3568733081167,,,,0.7660754281895154,0.7298798935172113,1.916816717965666,0.6946972204536249,0.4884276577262356,175.3343477606156
2905,240371.8920287879,693.3568951539861,,,,0.7660755580431109,0.7298800080791203,1.9168165853061951,0.6946974015633461,0.4884402000451362,175.334373964658
2906,240371.86840469102,693.3568610819266,,,,0.7660754557146209,0.7298800177941132,1.9168166695775226,0.6946971324409714,0.48843534678471673,175.3343477606156
2907,240371.88698170267,693.3568878747835,,,,0.7660754401993749,0.7298800512707884,1.9168166695775226,0.6946971746902344,0.4884266718732225,175.3343477606156
2908,240371.8762129816,693.3568723435018,,,,0.7660754360141477,0.7298800118660296,1.9168166695775226,0.6946972409659232,0.48842559059796414,175.33434363349673
2909,240371.85171761154,693.3568370148398,,,,0.76607542635233,0.7298800117852953,1.9168166695775226,0.6946971522388843,0.4884255915973508,175.33432580105384
2910,240371.87389254308,693.3568689968292,,,,0.7660754493554494,0.7298800160992662,1.9168166695775226,0.6946971823348773,0.4884255915973508,175.3343477606156
2911,240371.87549831584,693.3568713127689,,,,0.7660754605878236,0.7298800160992662,1.9168166695775226,0.6946972177621268,0.4884255915973508,175.33434992000934
2912,240371.87674122164,693.3568731053606,,,,0.7660754509299403,0.7298800160992662,1.9168166695775226,0.6946971948150773,0.4884255915973508,175.33435884695467
2913,240371.8737091389,693.3568687323129,,,,0.7660754615046221,0.7298800160992662,1.9168166695775226,0.6946972068940834,0.4884255915973508,175.3343477606156
2914,244028.938564096,698.6113920687178,,,,0.7646039166254269,0.7280466571397659,1.9178254921390867,0.6928837951485126,0.4870272000161224,175.27935392430092
2915,244028.94242859827,698.6113976004088,,,,0.7646039408303226,0.7280460089675072,1.9178265449437153,0.692883745724954,0.487028725194687,175.27935031504458
2916,244028.93768866552,698.611390815617,,,,0.7646039098857353,0.7280466207817529,1.917825184807332,0.6928838376819855,0.48703007074778615,175.2793628803388
2917,244028.9467650181,698.6114038076078,,,,0.764603847641999,0.7280466660646805,1.917825287578508,0.6928837860436926,0.48702382659719506,175.2793494254752
2918,244028.9385643675,698.6113920691067,,,,0.7646039115366937,0.7280465587432968,1.9178258077809145,0.6928838395093627,0.48702689561597534,175.27936399557296
2919,244028.93890725897,698.6113925599251,,,,0.764603904403948,0.7280468293363791,1.9178254921390867,0.6928837945266983,0.4870272000161224,175.27935392430092
2920,244028.9497813633,698.611408125237,,,,0.7646039191162125,0.7280467268885058,1.9178252478696842,0.692883780266453,0.48703644622024383,175.27935192427668
2921,244028.93286221588,698.6113839069841,,,,0.7646039529152578,0.7280469830172485,1.9178258511673674,0.6928837812324478,0.48703565258126513,175.27935392430092
2922,244028.95138996534,698.6114104278078,,,,0.7646038607482659,0.7280465588507528,1.9178255768094283,0.6928834163366073,0.4870271750961204,175.27934414135882
2923,244028.9366084222,698.611389269345,,,,0.7646039100168325,0.7280464875843233,1.9178253665138512,0.6928838286727347,0.48703542295739094,175.27935392430092
2924,244028.9407722468,698.6113952294892,,,,0.7646039210011435,0.7280465475272462,1.9178268128481772,0.6928837208759482,0.4870272000161224,175.2793537994424
2925,244028.932299221,698.611383101107,,,,0.7646039159477568,0.72804668717726,1.917825690914688,0.6928838852867921,0.4870272000161224,175.27935392430092
2926,244028.9409175278,698.611395437446,,,,0.7646039000431603,0.7280466571375694,1.917824773189803,0.6928838231153052,0.4870272000161224,175.27935392430092
2927,244028.92782269217,698.6113766933545,,,,0.7646038270619585,0.728046656094198,1.917825077161716,0.6928836613008845,0.4870281771296596,175.27935208773903
2928,244028.9301122831,698.6113799707005,,,,0.7646038954406122,0.7280471647610562,1.9178247293836261,0.6928840939556199,0.48702687385943877,175.2793560251879
2929,244028.94144229105,698.611396188598,,,,0.7646038923443081,0.7280465398474032,1.9178255404339524,0.6928838321333097,0.48703240546532395,175.27935392430092
2930,244028.95619051025,698.6114172993598,,,,0.7646040214060317,0.7280466487596468,1.9178254074791632,0.6928840108021118,0.4870272000161224,175.27938013379273
2931,244028.93321611497,698.6113844135592,,,,0.7646039220782828,0.7280466587965051,1.9178254921390867,0.6928837481650919,0.48699538069125553,175.27935392430092
2932,244028.9516408534,698.6114107869314,,,,0.7646039068095164,0.7280466907422165,1.9178254921390867,0.6928837888055626,0.48702975766248313,175.27935392430092
2933,244028.94086661222,698.6113953645648,,,,0.7646039012974166,0.7280466529176169,1.9178254921390867,0.6928838526204539,0.4870272051830217,175.27934979606812
2934,244028.91022195393,698.6113514994639,,,,0.764603889799326,0.7280466528030136,1.9178254921390867,0.6928837599058405,0.4870272000161224,175.2793319613248
2935,244028.93848430863,698.6113919545093,,,,0.7646039145360539,0.7280466571397659,1.9178254921390867,0.6928837948817573,0.4870272000161224,175.27935392430092
2936,244028.93812124417,698.6113914348147,,,,0.7646039259748683,0.7280466571397659,1.9178254921390867,0.6928838310774719,0.4870272000161224,175.27935608394654
2937,244028.9415664593,698.6113963663335,,,,0.7646039162521445,0.7280466571397659,1.9178254921390867,0.6928838080814185,0.4870272000161224,175.27936501063212
2938,244028.93833439265,698.6113917399178,,,,0.764603926798138,0.7280466571397659,1.9178254921390867,0.6928838199635625,0.4870272000161224,175.27935392430092
2939,273505.18031907175,739.6014877203423,,,,0.763502929799519,0.7265773739641233,1.9190896810388978,0.6927468693484193,0.4850420706485261,196.80080417564767
2940,273505.18091369665,739.6014885243221,,,,0.7635029537186031,0.7265769443453765,1.9190907305387481,0.692746820884046,0.4850426078014597,196.80079881755609
2941,273505.179556176,739.6014866888463,,,,0.763502925084801,0.7265774162818156,1.919089375127317,0.6927469148271429,0.48504233628622484,196.80080672246163
2942,273505.188930427,739.6014993635791,,,,0.7635028606128728,0.7265772486970299,1.919089476940355,0.6927468594280947,0.48504069255423254,196.80080376815573
2943,273505.1872650543,739.6014971118627,,,,0.7635029255797302,0.7265771076205565,1.9190899976187092,0.6927469180105698,0.4850420394562853,196.80081052397057
2944,273505.18074011436,739.6014882896255,,,,0.7635029177406419,0.7265773753454083,1.9190896810388978,0.6927468674493,0.4850420706485261,196.80080417564767
2945,273505.19120203116,739.6015024349684,,,,0.7635029329427173,0.7265773591389106,1.919089437164728,0.6927468565510745,0.4850431394317276,196.80080417564767
2946,273505.1746891281,739.601480108211,,,,0.7635029655699515,0.7265774736799535,1.9190900405696885,0.692746858123241,0.4850420706485261,196.80080417564767
2947,273505.1954869301,739.6015082284923,,,,0.7635028747137941,0.7265772788393537,1.9190897661454631,0.6927465029254307,0.48504102860553655,196.80080598663295
2948,273505.17835374456,739.6014850630638,,,,0.7635029230737813,0.7265774312266844,1.9190895557730412,0.6927469003225377,0.4850461540863762,196.80080417564767
2949,273505.18162089476,739.6014894805103,,,,0.7635029318544215,0.7265773268841802,1.9190910017621985,0.6927467893761668,0.48502969619587355,196.80082131685623
2950,273505.17400981934,739.6014791897317,,,,0.7635029279874845,0.7265774101062916,1.9190898801335725,0.6927469549929135,0.4850420706485261,196.80080417564767
2951,273505.1826286546,739.6014908430819,,,,0.7635029129862269,0.7265773619676972,1.9190889638130275,0.6927468961708896,0.4850420706485261,196.80080417564767
2952,273505.1771933241,739.601483494083,,,,0.7635028449017807,0.7265774549456584,1.9190892657888565,0.6927467454986667,0.48502383130586496,196.80080309324947
2953,273505.1754129742,739.6014810869083,,,,0.7635029069987187,0.726577635130447,1.9190889209019806,0.692747165373665,0.48504530744214913,196.8008033060071
2954,273505.1831534185,739.6014915526044,,,,0.7635029044609287,0.7265772706086941,1.9190897292465945,0.6927469044534902,0.4850420706485261,196.80080417564767
2955,273505.1971827348,739.6015105213546,,,,0.7635030323273405,0.7265771657491928,1.9190895959427379,0.6927470798292382,0.4850290367075736,196.8008012609644
2956,273505.1735525291,739.6014785714386,,,,0.7635029369371611,0.7265773596255876,1.9190896810388978,0.6927468261799061,0.4850420706485261,196.8008018888477
2957,273505.1934772622,739.6015055112615,,,,0.7635029198718144,0.7265773952964911,1.9190896810388978,0.6927468618819269,0.48504212885506004,196.80080417564767
2958,273505.18231116893,739.6014904138157,,,,0.763502914442306,0.7265762778739229,1.9190896810388978,0.6927469277526198,0.4850596188626215,196.80080407488433
2959,273505.17251064425,739.6014771627273,,,,0.76350290194071,0.726577170441314,1.9190896810388978,0.6927468312778557,0.4850596188626215,196.80083856783125
2960,273505.1802410033,739.6014876147875,,,,0.7635029277113404,0.7265773899633281,1.9190896810388978,0.6927468690813393,0.4850420706485261,196.80080417564767
2961,273505.187540799,739.6014974846913,,,,0.7635029407784204,0.726577873269853,1.9190896810388978,0.6927469114831868,0.4850590453730378,196.80081723291565
2962,273505.1836305025,739.6014921976598,,,,0.7635029294513065,0.7265773739641233,1.9190896810388978,0.6927468824560709,0.4850420706485261,196.80080417564767
2963,273505.18011004437,739.6014874377206,,,,0.763502939969742,0.7265773739641233,1.9190896810388978,0.6927468945812059,0.4850420706485261,196.80080417564767
2964,263469.8023083752,725.906057707711,,,,0.7627401502120986,0.7262118641319328,1.919446761884736,0.6918429785846258,0.48478789278092266,186.3821714468833
2965,263469.80115100683,725.9060561133331,,,,0.7627401742754626,0.7262114351151449,1.9194478105069177,0.6918429303426985,0.4847879592103087,186.38216645925402
2966,263469.80347452435,725.9060593141849,,,,0.7627401459684324,0.7262119068803989,1.919446456350094,0.6918430248350868,0.48478959209645744,186.38217284164767
2967,263469.81066885596,725.906069225015,,,,0.7627400807208965,0.7262117368305405,1.919446557948284,0.6918429679972887,0.48478750249372576,186.3821710445274
2968,263469.80800271843,725.9060655521738,,,,0.7627401462581911,0.7262115956502448,1.9194470787434696,0.6918430280614599,0.48478373069624425,186.38217736335045
2969,263469.80276071257,725.906058330846,,,,0.7627401380589981,0.726211865353928,1.919446761884736,0.6918429763501845,0.4847879254014038,186.3821714468833
2970,263469.81358837185,725.9060732469071,,,,0.7627401535376803,0.7262118493075025,1.9194465181312645,0.6918429664557947,0.48478641063186956,186.3821714468833
2971,263469.7966924343,725.906049971254,,,,0.7627401855587115,0.7262119641626206,1.9194471216737166,0.6918429677497844,0.4847887869399884,186.3821714468833
2972,263469.81620458,725.9060768509655,,,,0.7627400949402138,0.7262117703169736,1.9194468471365493,0.6918426140619884,0.4847848140957131,186.38217322711517
2973,263469.8003416302,725.9060549983454,,,,0.7627401435284639,0.7262119212166065,1.9194466367197291,0.6918430089337013,0.4847803715436879,186.3821714468833
2974,263469.8041575274,725.9060602550823,,,,0.7627401527204851,0.7262118176733904,1.9194480828803024,0.6918429003941002,0.4847838096252956,186.3821878651928
2975,263469.79598740116,725.9060490000084,,,,0.7627401481608208,0.7262119002887946,1.919446961073624,0.6918430631614656,0.4847867358226593,186.3821714468833
2976,263469.80460725847,725.9060608746269,,,,0.762740133464595,0.7262118521425138,1.9194460451741304,0.6918430053588177,0.4847854533297755,186.3821714468833
2977,263469.7986175944,725.9060526233328,,,,0.7627400660417649,0.7262119478038354,1.91944634645443,0.6918428564769938,0.4847866339096448,186.38216728597314
2978,263469.79402989603,725.9060463033715,,,,0.7627401264844461,0.7262121250380298,1.9194460025815905,0.6918432713740683,0.48478781183577624,186.38217082583395
2979,263469.80513419746,725.9060616005318,,,,0.7627401245682076,0.7262117627014681,1.9194468100765978,0.6918430133055107,0.48478561337533127,186.3821714468833
2980,263469.8197428275,725.9060817252154,,,,0.7627402519285542,0.7262116548502051,1.9194466766433267,0.6918431874056493,0.4847910001605985,186.3821684614918
2981,263469.7957118821,725.9060486204568,,,,0.7627401577648345,0.7262118497696156,1.919446761884736,0.691842936399052,0.4847888496900987,186.38216925420363
2982,263469.8154929526,725.906075870636,,,,0.7627401403186329,0.7262118849158434,1.919446761884736,0.69184297096339,0.48478789278092266,186.3821714468833
2983,263469.80429564446,725.9060604453506,,,,0.7627401350170949,0.7262107652484866,1.919446761884736,0.691843037553434,0.48477655351717563,186.3821713449408
2984,263469.79424891004,725.9060466050823,,,,0.7627401215415199,0.7262116609170924,1.919446761884736,0.6918429386097303,0.48478362931339447,186.3822058255082
2985,263469.80223088205,725.9060576009573,,,,0.7627401481241508,0.7262118801267351,1.919446761884736,0.6918429783171497,0.48478789278092266,186.3821714468833
2986,263469.8093092677,725.9060673520615,,,,0.762740161127284,0.7262123644975815,1.919446761884736,0.6918430211080857,0.48478789278092266,186.38218436557972
2987,263469.8053011845,725.9060618305713,,,,0.7627401497239114,0.7262118641319328,1.919446761884736,0.6918429910614659,0.48478789278092266,186.3821714468833
2988,263469.8021247913,725.906057454808,,,,0.7627401604007488,0.7262118641319328,1.919446761884736,0.6918430038263955,0.48478789278092266,186.3821714468833
2989,255632.81615470335,715.0284136378127,,,,0.761955188205643,0.7256786001886305,1.919949284511997,0.6906177554276627,0.48417699744626247,175.1593785990029
2990,255632.816278769,715.028413811324,,,,0.7619552135222714,0.72567817208815,1.9199503318492313,0.6906177105393428,0.48417689897998734,175.15937499201732
2991,255632.81615356743,715.0284136362238,,,,0.7619551842527028,0.7256786439668488,1.9199489795078113,0.6906178013217618,0.4841770661449523,175.15938755344473
2992,255632.8246853648,715.0284255683334,,,,0.7619551180593052,0.7256784701791172,1.9199490807746193,0.6906177437763469,0.4841776264859858,175.15937410039274
2993,255632.82170324394,715.028421397701,,,,0.7619551858405208,0.7256783285075509,1.9199496017246496,0.6906178080666557,0.48410181662591745,175.15938866898196
2994,255632.81663850517,715.0284143144316,,,,0.761955175920745,0.7256786011637049,1.919949284511997,0.6906177529219635,0.4841850558191109,175.1593785990029
2995,255632.82729426725,715.0284292170029,,,,0.761955190748466,0.7256785853872288,1.9199490408771376,0.6906177427379379,0.48417699744626247,175.15937659620403
2996,255632.81057040775,715.0284058279195,,,,0.7619552229442049,0.7256787006675658,1.9199496444628972,0.6906177449648575,0.4841734170655417,175.1593785990029
2997,255632.83050209942,715.0284337033032,,,,0.7619551335260099,0.7256785077423551,1.9199493699301617,0.690617395456121,0.4841872200067933,175.15936881689032
2998,255632.81419091445,715.0284108913638,,,,0.761955181672714,0.7256786570299842,1.9199491594929212,0.6906177851262159,0.48417699744626247,175.1593785990029
2999,255632.81757611525,715.0284156257222,,,,0.7619551915616917,0.7256785534045616,1.9199506054334468,0.6906176777782277,0.48419349038179654,175.1593784751438
3000,255632.8098174824,715.0284047749186,,,,0.761955185799266,0.725678636371824,1.919949483839164,0.6906178384890095,0.48417699744626247,175.1593785990029
3001,255632.81843701503,715.0284168297302,,,,0.7619551714678195,0.7256785882083032,1.9199485684686362,0.6906177820966379,0.4841752200911363,175.1593785990029
3002,255632.81158825866,715.0284072514307,,,,0.7619551052548467,0.7256786848357677,1.9199488690087514,0.6906176359584464,0.4841783475795145,175.15937676075148
3003,255632.8097152429,715.028404631932,,,,0.7619551642524575,0.7256788603335782,1.919948526211097,0.69061804918264,0.48417671545175844,175.15938069075924
3004,255632.81896475438,715.0284175677976,,,,0.7619551622252018,0.725678500944293,1.9199493326718986,0.6906177897116117,0.48417699744626247,175.1593785990029
3005,255632.83330439645,715.0284376224438,,,,0.761955287974553,0.7256783897564582,1.9199491991042303,0.6906179595643201,0.48417205315434125,175.15940481854463
3006,255632.80978479737,715.0284047292074,,,,0.761955196881264,0.725678585797449,1.919949284511997,0.690617715500012,0.48417708098348594,175.1593785990029
3007,255632.82937229687,715.0284321232226,,,,0.7619551781535236,0.7256786204158581,1.919949284511997,0.690617747216333,0.48417195152479114,175.1593785990029
3008,255632.8181766413,715.0284164655853,,,,0.7619551729760801,0.7256774962959307,1.919949284511997,0.6906178142762006,0.48417645244252916,175.1593744683778
3009,255632.80512561707,715.0283982131298,,,,0.7619551590669451,0.7256783969173233,1.919949284511997,0.6906177142865032,0.48417663388487653,175.1593566297623
3010,255632.81607791112,715.0284135304153,,,,0.7619551861180502,0.7256786161750426,1.919949284511997,0.690617755159939,0.48417699744626247,175.1593785990029
3011,255632.82190934298,715.0284216859399,,,,0.7619551992693262,0.7256791024759093,1.919949284511997,0.6906177987096644,0.48417699744626247,175.1593807591567
3012,255632.81929038043,715.0284180232007,,,,0.7619551877855618,0.7256786001886305,1.919949284511997,0.6906177682479792,0.48417699744626247,175.15938968539427
3013,255632.81598742597,715.0284134038676,,,,0.7619551983521091,0.7256786001886305,1.919949284511997,0.6906177806925653,0.48417699744626247,175.1593785990029
3014,248475.18597053134,704.9470703117094,,,,0.7605811436233203,0.7246110633783709,1.920950319534114,0.6890451793328614,0.48287234588752664,175.10054452070995
3015,248475.18899348634,704.9470745999114,,,,0.7605811680974592,0.7246106355802606,1.920951364440944,0.6890451305972212,0.48286156886240483,175.10054091485296
3016,248475.18340510988,704.9470666725408,,,,0.7605811403603339,0.7246111081526586,1.9209500154784618,0.6890452238984515,0.48285302600736646,175.10055347432868
3017,248475.19485170144,704.9470829100599,,,,0.7605810715870994,0.724610927593635,1.9209501162800784,0.6890451653643025,0.48290137067690964,175.10054002222304
3018,248475.19115180412,704.9470776615847,,,,0.7605811426365604,0.7246107898803853,1.9209506374020364,0.689045233831371,0.4828501124674703,175.100554590119
3019,248475.18651903162,704.9470710897826,,,,0.7605811307729907,0.724611063547429,1.920950319534114,0.6890451756224607,0.48285909968257623,175.10054452070995
3020,248475.19679497846,704.947085666688,,,,0.7605811457178298,0.7246110484106804,1.9209500761204465,0.6890451675946336,0.4828717930922376,175.10054251657954
3021,248475.1804519431,704.9470624833373,,,,0.7605811772853286,0.7246111651377276,1.9209506799056864,0.6890451703113263,0.4828766188990854,175.10054452070995
3022,248475.20122516493,704.947091951112,,,,0.7605810904410334,0.7246109729301857,1.920950405331031,0.6890448277304967,0.4828736072139517,175.10053473891628
3023,248475.18400287002,704.9470675204909,,,,0.7605811348974206,0.7246111197075809,1.9209501948055971,0.6890452061129785,0.48287234588752664,175.10054452070995
3024,248475.1865750475,704.9470711692438,,,,0.7605811466950803,0.7246110145893253,1.9209516405307723,0.6890450997638824,0.4828552188558432,175.10054439734026
3025,248475.17959029943,704.9470612610559,,,,0.7605811403072447,0.7246110996113527,1.9209505191418614,0.6890452589745976,0.48287234588752664,175.10054452070995
3026,248475.1882143774,704.9470734947089,,,,0.7605811268835793,0.7246110514123266,1.9209496048798462,0.6890452056924375,0.48287234588752664,175.10054452070995
3027,248475.1796780098,704.947061385477,,,,0.7605810629860865,0.7246111491695575,1.9209499038027456,0.6890450641780228,0.48287043385579337,175.10054268163816
3028,248475.18322653807,704.9470664192283,,,,0.7605811191368494,0.7246113224974786,1.9209495633603888,0.6890454729874631,0.48287161007821805,175.10054660803374
3029,248475.18873748093,704.9470742367554,,,,0.7605811175964059,0.7246109664971614,1.9209503676468056,0.6890452131067099,0.48287234588752664,175.10054452070995
3030,248475.20252732045,704.9470937982798,,,,0.7605812404766252,0.7246108518274135,1.9209502337475923,0.6890453778717536,0.4828530408296253,175.10057074511153
3031,248475.18000497654,704.9470618492943,,,,0.7605811536373208,0.7246110489303988,1.920950319534114,0.6890451419654201,0.4828774244110029,175.10054452070995
3032,248475.1992534585,704.9470891541556,,,,0.7605811338102805,0.7246110832255379,1.920950319534114,0.6890451709207183,0.48287234588752664,175.10054452070995
3033,248475.18804899015,704.9470732600995,,,,0.7605811294862189,0.7246099610285579,1.920950319534114,0.6890452426419014,0.48287188045541735,175.10054038892102
3034,248475.16877858082,704.9470459241328,,,,0.7605811132089462,0.7246108610618598,1.920950319534114,0.6890451343063106,0.48288244284046383,175.10052254857837
3035,248475.18589510894,704.9470702047192,,,,0.76058114153689,0.7246110793419951,1.920950319534114,0.6890451790648852,0.48287234588752664,175.10054452070995
3036,248475.18918954238,704.9470748780254,,,,0.7605811549644526,0.7246115650567525,1.920950319534114,0.6890452240182092,0.4828734188503978,175.10054668112792
3037,248475.18935121066,704.9470751073594,,,,0.7605811431652123,0.7246110633783709,1.920950319534114,0.6890451921306741,0.48287234588752664,175.10055560710617
3038,248475.18582969124,704.9470701119214,,,,0.7605811537173673,0.7246110633783709,1.920950319534114,0.6890452047156224,0.48287234588752664,175.10054452070995
3039,237974.98397889716,689.8912725624193,,,,0.7591421991489029,0.723879931192484,1.9216539947314855,0.6872906801973064,0.48180216930989506,175.05839417795374
3040,237974.98395225627,689.8912725238032,,,,0.7591422234929392,0.723879502488858,1.9216550379766237,0.6872906313409194,0.4817914002421846,175.05839057317536
3041,237974.98510861985,689.8912741999565,,,,0.7591421966573506,0.7238799761641144,1.9216536913252076,0.6872907261562686,0.4817828415061986,175.05840313077775
3042,237974.9925561058,689.8912849951156,,,,0.759142126893829,0.7238797914624726,1.921653791825744,0.6872906673079526,0.4818390314766523,175.0583896794758
3043,237974.98648265869,689.8912761916309,,,,0.759142199646924,0.7238796574678299,1.9216543130320296,0.6872907368666824,0.48181063329691914,175.05840424686173
3044,237974.98456554278,689.8912734127645,,,,0.7591421852825841,0.7238799306333756,1.9216539947314855,0.687290675008811,0.4817889187567193,175.05839417795374
3045,237974.99560558106,689.8912894153412,,,,0.7591422006228016,0.7238799161558872,1.921653751460337,0.6872906689564331,0.48180216930989506,175.0583921728961
3046,237974.97851410985,689.8912646411894,,,,0.759142232018526,0.7238800340841351,1.9216543553860992,0.6872906720476252,0.48180644454297195,175.05839417795374
3047,237974.9969002848,689.8912912920193,,,,0.7591421465034487,0.7238798419760608,1.9216540807596665,0.6872903329301389,0.4817934324825921,175.05838439620697
3048,237974.98200834423,689.8912697060953,,,,0.7591421893015428,0.7238799871247718,1.9216538701986499,0.6872907055823845,0.48180216930989506,175.05839417795374
3049,237974.98569586957,689.8912750511771,,,,0.759142201037,0.7238798812556005,1.9216553158375655,0.6872905980043484,0.481785032777867,175.05839405492227
3050,237974.9775672173,689.8912632686652,,,,0.7591421950362222,0.7238799674686871,1.9216541945457002,0.6872907571722038,0.48180216930989506,175.05839417795374
3051,237974.9861976105,689.8912757784523,,,,0.7591421828186992,0.7238799192311979,1.921653280951586,0.6872907068171695,0.48180216930989506,175.05839417795374
3052,237974.97647524052,689.8912616858405,,,,0.7591421182194261,0.7238800172875561,1.9216535788477511,0.6872905648472156,0.481800266058364,175.05839233828632
3053,237974.97456534707,689.8912589174429,,,,0.7591421736413616,0.7238801892546782,1.9216532399153063,0.6872909712452752,0.48180472452199835,175.0583962619316
3054,237974.98672111172,689.8912765372696,,,,0.7591421723924582,0.7238798351150056,1.921654042820366,0.6872907127646104,0.48180216930989506,175.05839417795374
3055,237975.00144067753,689.8912978733354,,,,0.7591422940094882,0.7238797192349165,1.9216539087136992,0.6872908748684162,0.48176260599219356,175.05842040527926
3056,237974.97826641562,689.8912642821556,,,,0.7591422096947705,0.7238799167023346,1.9216539947314855,0.6872906440606048,0.4818151700612759,175.05839417795374
3057,237974.99730256072,689.8912918751195,,,,0.759142189443345,0.7238799510363301,1.9216539947314855,0.6872906718266356,0.48180216930989506,175.05839417795374
3058,237974.98612051134,689.8912756666974,,,,0.7591421857810366,0.7238788336989774,1.9216539947314855,0.6872907470270231,0.4818172632879092,175.05839004534656
3059,237974.96603482883,689.8912465524241,,,,0.7591421680920858,0.7238797302949969,1.9216539947314855,0.6872906331189217,0.4818122512538011,175.05837220403959
3060,237974.9839044875,689.8912724545622,,,,0.7591421970644092,0.723879947142972,1.9216539947314855,0.6872906799293189,0.48180216930989506,175.05839417795374
3061,237974.98682385348,689.8912766861944,,,,0.759142210834302,0.7238804309191691,1.9216539947314855,0.6872907264157423,0.4818032407288545,175.0583963386486
3062,237974.98654646927,689.8912762841248,,,,0.759142198512964,0.723879931192484,1.9216539947314855,0.6872906923195965,0.48180216930989506,175.05840526423634
3063,237974.98385380025,689.891272381091,,,,0.7591422091929905,0.723879931192484,1.9216539947314855,0.6872907056270582,0.48180216930989506,175.05839417795374
3064,236931.99523735154,688.3777963260458,,,,0.7576913393345748,0.7228446784824237,1.922649701587567,0.6851114146268411,0.48056139153919114,175.0001490254734
3065,236931.998279691,688.3778007456239,,,,0.7576913636013812,0.7228442461138889,1.9226507425042916,0.6851113655713733,0.4805653704948638,175.00014542158783
3066,236931.99410154176,688.3777946760654,,,,0.7576913372958033,0.722844723629117,1.922649399074298,0.6851114603596213,0.4805549976111781,175.00015797761625
3067,236932.0041459137,688.377809267431,,,,0.7576912662142176,0.7228445350665077,1.9226494991588297,0.6851114014220723,0.48056121832821863,175.00014452724207
3068,236931.9968834182,688.3777987172716,,,,0.757691342390719,0.7228444058486194,1.922650020456245,0.6851114755827729,0.48056139153919114,175.00015909389035
3069,236931.9958886302,688.3777972721521,,,,0.7576913259511815,0.7228446772660064,1.922649701587567,0.6851114095787519,0.4805653593994552,175.0001490254734
3070,236932.006570229,688.377812789211,,,,0.7576913409594044,0.7228446633317929,1.922649458479901,0.6851114049084116,0.4805664056812717,175.00014701902128
3071,236931.98985007431,688.3777884999982,,,,0.7576913706113051,0.7228447826397821,1.9226500625368494,0.6851114066955868,0.48056139153919114,175.0001490254734
3072,236932.0090071215,688.3778163292619,,,,0.7576912862409236,0.7228445908575593,1.9226497879138134,0.6851110718136472,0.4805549200169789,175.0001392441131
3073,236931.9932610583,688.377793455103,,,,0.7576913283831105,0.7228447338735697,1.922649577327771,0.6851114382473935,0.4805657254485024,175.0001490254734
3074,236931.99616279677,688.3777976704315,,,,0.7576913392283443,0.7228446260306358,1.9226510226719193,0.6851113285644692,0.48055557195284804,175.0001489029613
3075,236931.9887768932,688.3777869409981,,,,0.7576913342063468,0.7228447148249032,1.9226499017009853,0.6851114881471632,0.480563090752299,175.0001490254734
3076,236931.99741702393,688.3777994924357,,,,0.7576913234867323,0.7228446665319974,1.9226489889633789,0.6851114412618682,0.48056139153919114,175.0001490254734
3077,236931.9859141059,688.3777827822536,,,,0.7576912605461528,0.7228447540814424,1.9226492855851893,0.6851113014632819,0.48056692990011024,175.0001471849565
3078,236931.98926080705,688.3777876439752,,,,0.7576913138146298,0.7228449322698638,1.9226489485416327,0.6851117063522076,0.48055792798034114,175.00015110501496
3079,236931.9979340769,688.3778002435536,,,,0.757691311822513,0.7228445810582231,1.9226497496512203,0.6851114457627904,0.48056139153919114,175.0001490254734
3080,236932.01216325109,688.3778209141416,,,,0.7576914331912832,0.7228444673039331,1.922649615271712,0.6851116074862162,0.4805679336478655,175.00017525813507
3081,236931.98982466548,688.3777884630871,,,,0.7576913499125135,0.7228446639364985,1.922649701587567,0.6851113787711343,0.48056139153919114,175.0001490254734
3082,236932.0086206494,688.3778157678373,,,,0.7576913295621422,0.7228446993398308,1.922649701587567,0.6851114057345634,0.4805618558661523,175.0001490254734
3083,236931.99744961716,688.3777995397836,,,,0.7576913266833414,0.7228435893870186,1.922649701587567,0.6851114812864154,0.4805552046489043,175.00014489168296
3084,236931.9708383926,688.3777608819053,,,,0.7576913074431617,0.722844478674536,1.922649701587567,0.6851113650831271,0.480565292289098,175.00012704832832
3085,236931.99516426088,688.3777962198677,,,,0.7576913372497307,0.7228446944149004,1.922649701587567,0.6851114143586904,0.48056139153919114,175.0001490254734
3086,236931.99579337277,688.3777971337729,,,,0.7576913511647558,0.7228451748217308,1.922649701587567,0.6851114617776644,0.48056051807249184,175.00015118640417
3087,236931.99805903787,688.3778004250833,,,,0.7576913386838422,0.7228446784824237,1.922649701587567,0.6851114268256778,0.48056139153919114,175.00016011178474
3088,236931.99513260063,688.3777961738751,,,,0.757691349339898,0.7228446784824237,1.922649701587567,0.6851114402185695,0.48056139153919114,175.0001490254734
3089,277139.42184715613,744.4990555362127,,,,0.7561163045120602,0.7206303242563887,1.9246055091269914,0.6858955082967845,0.478047150354315,191.6299284038203
3090,241403.64990386847,694.8433635055723,,,,0.7570268647517134,0.7223524504296195,1.923153800292469,0.6841652338388955,0.4798026409922237,174.97122961254883
3091,241403.65475780106,694.8433704912226,,,,0.757026890574784,0.7223520166748845,1.9231548400914826,0.6841651882009798,0.4798090239560895,174.9712260088176
3092,241403.6475973929,694.8433601861541,,,,0.7570268619706335,0.7223524952290112,1.9231534981342608,0.684165280971525,0.4797997879500356,174.97123856483535
3093,241403.65904150208,694.8433766562104,,,,0.7570267915551008,0.7223523067851368,1.923153598162951,0.6841652235742767,0.47979303755420977,174.97122511422944
3094,241403.65103689235,694.8433651361902,,,,0.7570268683402588,0.7223521779365787,1.9231541194583357,0.6841652951390435,0.47980072474030433,174.97123968047282
3095,241403.65059326365,694.8433644977316,,,,0.7570268539102262,0.7223524490866623,1.923153800292469,0.684165232827192,0.4798026409922237,174.97122961254883
3096,241403.66106208472,694.8433795641788,,,,0.7570268662731874,0.7223524352422859,1.923153557314981,0.6841652239216224,0.479803292746397,174.97122760541708
3097,241403.6445638453,694.8433558203535,,,,0.7570268958832987,0.7223525547180698,1.9231541614316412,0.6841652259169415,0.479799916548137,174.97122961254883
3098,241403.66428142507,694.8433841973673,,,,0.7570268120993272,0.7223523633637057,1.9231538867456344,0.6841648946025898,0.4798068543919897,174.97121983205585
3099,241403.64792872756,694.8433606630022,,,,0.7570268538333956,0.7223525055194262,1.9231536761366361,0.6841652571216543,0.47980680515682383,174.97122961254883
3100,241403.65030830252,694.843364087623,,,,0.7570268622390216,0.7223523984713123,1.923155121553507,0.6841651385598153,0.47980217235462463,174.9712294900984
3101,241403.64341160248,694.8433541620765,,,,0.7570268593184583,0.7223524868074529,1.9231540005646166,0.6841653068813137,0.4798012337043107,174.97122961254883
3102,241403.65205703172,694.8433666043474,,,,0.7570268485089573,0.7223524384983318,1.9231530881823322,0.6841652603442836,0.4798034819114682,174.97122961254883
3103,241403.63965945333,694.8433487620835,,,,0.757026786300481,0.7223525157100785,1.9231533841932393,0.6841651203978557,0.4797906444479095,174.97122777172888
3104,241403.64589972436,694.8433577429151,,,,0.7570268390846298,0.7223526992610991,1.9231530480726406,0.6841655297381142,0.4797763180654364,174.97123169145118
3105,241403.65259274433,694.8433673753306,,,,0.757026837293168,0.7223523533128269,1.9231538483451565,0.6841652644266045,0.47980199945078095,174.97122961254883
3106,241403.66638866006,694.8433872300436,,,,0.757026958167371,0.7223522405005254,1.9231537138496948,0.6841654228435541,0.4797924463552618,174.9712558469243
3107,241403.6446320454,694.8433559185054,,,,0.7570268758765689,0.7223524358555676,1.923153800292469,0.6841651990877063,0.47978732712077343,174.97122961254883
3108,241403.66332258572,694.8433828174315,,,,0.7570268552875236,0.7223524712776808,1.923153800292469,0.6841652251352881,0.4797994074141065,174.97122961254883
3109,241403.65219110312,694.8433667972993,,,,0.7570268520949606,0.7223513626969045,1.923153800292469,0.6841653042658535,0.4798026409922237,174.97122547818606
3110,241403.6222475868,694.8433237033898,,,,0.7570268328372061,0.722352249734685,1.923153800292469,0.6841651843164942,0.4798026409922237,174.97120763417587
3111,241403.64983134338,694.8433634011961,,,,0.757026862665929,0.7223524663487257,1.923153800292469,0.6841652335707533,0.4798026409922237,174.97122961254883
3112,241403.6493403181,694.8433626945258,,,,0.7570268769811338,0.7223529461752649,1.923153800292469,0.6841652817886622,0.4798026409922237,174.97123177337298
3113,241403.65289551867,694.8433678110754,,,,0.7570268641133051,0.7223524504296195,1.923153800292469,0.6841652460861284,0.4798026409922237,174.97124069919784
3114,241403.64980762504,694.8433633670614,,,,0.7570268747454464,0.7223524504296195,1.923153800292469,0.6841652595301977,0.4798026409922237,174.97122961254883
3115,246501.37951636524,702.141551991285,,,,0.7556463221191084,0.7211534078985684,1.9242259701881315,0.6830763247976677,0.4785337475519116,174.90172598160447
3116,246501.38511780815,702.1415599689395,,,,0.755646337575495,0.7211539115164194,1.9242270075864158,0.683076256537782,0.4785337551729582,174.90172238075297
3117,246501.37672568345,702.1415480167564,,,,0.755646314856837,0.7211536275342815,1.9242256688546615,0.6830763581087039,0.47850518683564286,174.9017349311162
3118,246501.38829021362,702.1415644871247,,,,0.7556462415773405,0.7211528988485092,1.9242257686395634,0.6830762890978977,0.47853372491383667,174.90172148370863
3119,246501.37943864882,702.1415518806004,,,,0.7556463301882467,0.7211527987033869,1.924226289769793,0.6830763907271205,0.4785603317818586,174.9017360490913
3120,246501.38018501567,702.1415529435867,,,,0.7556463062831259,0.7211532303570494,1.9242259701881315,0.6830763176855746,0.47851161768645545,174.90172598160447
3121,246501.3907592432,702.1415680035522,,,,0.7556463276594239,0.7211525306768755,1.9242257271994103,0.683076323890845,0.4785264623375662,174.90172397286125
3122,246501.37414999364,702.141544348422,,,,0.7556463487603479,0.7211535080466687,1.9242263315690085,0.6830763154144952,0.4785275779413915,174.90172598160447
3123,246501.3931306543,702.1415713809491,,,,0.7556462646510574,0.7211536223140363,1.924226057058431,0.6830759728118506,0.47852392102721364,174.9017161994821
3124,246501.3775259679,702.1415491565328,,,,0.7556463091879467,0.721153463605615,1.9242258463705033,0.6830763466894341,0.478548798694452,174.90172598160447
3125,246501.3799445283,702.1415526010808,,,,0.755646317522385,0.7211534079859943,1.9242272909648956,0.6830762530639279,0.4785359722100225,174.90172586016493
3126,246501.37297375497,702.1415426732065,,,,0.7556463173870666,0.7211534188648259,1.9242261708103456,0.6830763959571141,0.4785337475519116,174.90172598160447
3127,246501.3816454699,702.1415550235862,,,,0.7556463101572598,0.721153385719769,1.9242252597670093,0.6830763522699016,0.4785337323875338,174.90172598160447
3128,246501.36838646772,702.1415361399264,,,,0.7556462485278876,0.7211543640417135,1.9242255540756028,0.6830762122482865,0.47853182886990103,174.90172413950427
3129,246501.3754309309,702.1415461727514,,,,0.7556462911432269,0.7211533474640066,1.924225220443758,0.6830765924528859,0.4785231407359445,174.90172805104976
3130,246501.38210149264,702.1415556730605,,,,0.755646292353974,0.721153941527813,1.9242260182770146,0.6830763536526087,0.4785305904230597,174.90172598160447
3131,246501.39706921953,702.1415769903098,,,,0.7556464202907617,0.7211532044569964,1.9242258833282295,0.6830765427387582,0.4785388816859128,174.90175222228788
3132,246501.3743474514,702.1415446296445,,,,0.7556463321052835,0.7211533918257083,1.9242259701881315,0.6830762890138777,0.4785378575255245,174.90172598160447
3133,246501.39295838936,702.141571135607,,,,0.7556463109398316,0.7211533980542839,1.9242259701881315,0.6830763137439354,0.4785337475519116,174.90172598160447
3134,246501.38108851953,702.1415542303695,,,,0.7556463013445036,0.7211523211264974,1.9242259701881315,0.6830763496162259,0.4785216835594146,174.901721845846
3135,246501.34819016786,702.1415073760672,,,,0.7556462862231872,0.7211532109040264,1.9242259701881315,0.6830762593449523,0.4785367000272318,174.90170399981616
3136,246501.37944559852,702.1415518904981,,,,0.7556463200367087,0.7211534238065123,1.9242259701881315,0.683076324529326,0.4785337475519116,174.90172598160447
3137,246501.37779276294,702.1415495365062,,,,0.7556463330623534,0.7211539031585019,1.9242259701881315,0.6830763716883154,0.4785337361232009,174.9017281434907
3138,246501.38276925392,702.1415566240954,,,,0.7556463214889699,0.7211534078985684,1.9242259701881315,0.6830763373554564,0.4785332225516374,174.90173706711113
3139,246501.37941991544,702.14155185392,,,,0.7556463319892429,0.7211534078985684,1.9242259701881315,0.6830763506074509,0.4785337475519116,174.90172598160447
3140,238937.21320969475,691.2846204128871,,,,0.7549500929739029,0.7202973620781385,1.9248078823347394,0.6823349352095069,0.4778978428319814,174.86325075514156
3141,238937.21559240253,691.2846238596699,,,,0.7549501169742271,0.7202978575930259,1.9248089186036605,0.6823348874312432,0.4779006569197052,174.86324715405382
3142,238937.21186398552,691.2846184662081,,,,0.7549500941066111,0.7202975798424311,1.924807581376359,0.6823349826576754,0.4778970604336523,174.86325970529134
3143,238937.2222366867,691.2846334711725,,,,0.7549500181062844,0.7202968569401401,1.9248076812149622,0.6823349193304425,0.47789703044308984,174.86324625709787
3144,238937.21696727362,691.2846258485336,,,,0.754950102374008,0.7202967516818537,1.9248082022283513,0.6823350015543995,0.47789687940005693,174.86326082208222
3145,238937.2139710136,691.2846215141974,,,,0.7549500833448504,0.7202971843903605,1.9248078823347394,0.6823349355160465,0.4778978428319814,174.86325075514156
3146,238937.2244693041,691.2846367008369,,,,0.7549500976600988,0.7202964853290924,1.9248076394548053,0.6823349314324377,0.4778978627762875,174.86324874558773
3147,238937.2080090528,691.2846128897312,,,,0.754950120866446,0.7202974627626524,1.9248082440509646,0.6823349262305443,0.47789535839561836,174.86325075514156
3148,238937.22804964,691.2846418800868,,,,0.7549500403324065,0.7202975789666555,1.924807969305866,0.682334599760293,0.47791699600403,174.8632409745162
3149,238937.2112162694,691.2846175292339,,,,0.7549500812119705,0.720297417531695,1.9248077586498522,0.6823349559960837,0.4778756258063572,174.86325075514156
3150,238937.2133353968,691.284620594725,,,,0.7549500850328524,0.720297362147525,1.9248092039001747,0.6823348434797227,0.4778896687428502,174.86325063366584
3151,238937.20661459782,691.2846108725375,,,,0.7549500870719208,0.7202973730408704,1.924808083153171,0.6823350045182396,0.4778953457394873,174.86325075514156
3152,238937.2152930631,691.2846234266508,,,,0.7549500772306544,0.7202973400085869,1.9248071721884987,0.6823349615501706,0.4779032836262284,174.86325075514156
3153,238937.20618171306,691.2846102463342,,,,0.7549500187999191,0.72029830551864,1.9248074659949577,0.6823348228266173,0.47790389788648047,174.86324891274316
3154,238937.2094502974,691.2846149746099,,,,0.7549500625688477,0.720297297139681,1.924807133193987,0.6823352174383577,0.47789784279299125,174.8632528250087
3155,238937.21580160703,691.2846241623014,,,,0.7549500645985316,0.7202978981348884,1.924807930422503,0.6823349637173092,0.47790248614848296,174.86325075514156
3156,238937.22985181343,691.2846444870786,,,,0.7549501874923081,0.7202971617746714,1.9248077953740168,0.6823351281942666,0.4778978428319814,174.86327699788873
3157,238937.20753906798,691.2846122098595,,,,0.7549501042199999,0.720297345981523,1.9248078823347394,0.6823349026433524,0.4778994226735264,174.86325075514156
3158,238937.22671992303,691.2846399565424,,,,0.754950082880333,0.7202973522346454,1.9248078823347394,0.682334924598895,0.47789625739928987,174.86325075514156
3159,238937.21518049223,691.2846232638078,,,,0.7549500794154695,0.720296278481514,1.9248078823347394,0.6823350005362863,0.4778978428319814,174.86324661865137
3160,238937.19436845437,691.2845931574849,,,,0.7549500608971779,0.7202971639342051,1.9248078823347394,0.6823348830766263,0.4778978428319814,174.86322877206067
3161,238937.21313963187,691.2846203115354,,,,0.7549500908867985,0.7202973779751817,1.9248078823347394,0.6823349349412926,0.4778978428319814,174.86325075514156
3162,238937.21565279996,691.2846239470396,,,,0.754950105657181,0.7202978558434865,1.9248078823347394,0.6823349857926869,0.4778978428319814,174.86325291671218
3163,238937.2164496001,691.2846250996764,,,,0.7549500921445158,0.7202973620781385,1.9248078823347394,0.6823349469715723,0.4778978428319814,174.8632618413808
3164,238937.21314598827,691.2846203207306,,,,0.7549501029716559,0.7202973620781385,1.9248078823347394,0.6823349613108488,0.4778978428319814,174.86325075514156
3165,237558.301157717,689.2870246243097,,,,0.7545569957104452,0.7199158236711471,1.925069655729937,0.6818223918762569,0.4775152805613289,174.84659174624403
3166,237558.30388223764,689.2870285769748,,,,0.7545570187581967,0.7199163159678198,1.9250706914180211,0.6818223438394052,0.47751475942718163,174.84658814534504
3167,237558.29965179742,689.2870224395602,,,,0.7545569935966794,0.7199160412259122,1.9250693549540039,0.681822438966382,0.4775174169890654,174.84660069631252
3168,237558.31020444416,689.2870377490705,,,,0.7545569208252819,0.7199153192255787,1.9250694547646667,0.6818223753016714,0.477514696430062,174.84658724821216
3169,237558.3044720717,689.2870294326912,,,,0.7545570043161609,0.7199152107138762,1.925069975757648,0.6818224587065962,0.47751453982504855,174.84660181301376
3170,237558.30194189367,689.2870257619732,,,,0.7545569857937912,0.7199156456102257,1.925069655729937,0.6818223917974634,0.4775152805613289,174.84659174624403
3171,237558.31241140174,689.2870409508679,,,,0.7545570009380421,0.7199149462247684,1.925069412886334,0.6818223890711659,0.4775152805613289,174.8465897363179
3172,237558.29596276212,689.287017087602,,,,0.7545570227270859,0.7199159245035326,1.9250700175267164,0.6818223827162206,0.4775152805613289,174.84659174624403
3173,237558.31594664798,689.2870460797128,,,,0.7545569428183124,0.7199160414817316,1.9250697427746302,0.6818220578204941,0.4775298152068957,174.84658196586105
3174,237558.29916418207,689.2870217321401,,,,0.754556983338515,0.7199158790316822,1.9250695321081042,0.6818224122157017,0.47751529052937614,174.84659174624403
3175,237558.3011820342,689.287024659589,,,,0.7545569858367598,0.7199158237355744,1.9250709772923418,0.681822295926182,0.4775177393525459,174.84659162485733
3176,237558.2945485182,689.287015035853,,,,0.7545569897155642,0.7199158346313834,1.9250698566362883,0.681822460743985,0.4775165009536921,174.84659174624403
3177,237558.30323234567,689.287027634128,,,,0.7545569805282647,0.7199158016483301,1.9250689459096486,0.6818224182251095,0.4775152805613289,174.84659174624403
3178,237558.29363609885,689.2870137121383,,,,0.7545569222396317,0.7199167690428245,1.925069239360514,0.6818222801440569,0.4775231434461091,174.84658990364096
3179,237558.29756372038,689.2870194102314,,,,0.7545569660033379,0.7199157595941243,1.9250689070878266,0.6818226767442074,0.47752154709004635,174.84659381532424
3180,237558.30374225744,689.287028373895,,,,0.754556967089294,0.7199163606276725,1.925069703818314,0.6818224200008941,0.4775149208927158,174.84659174624403
3181,237558.31777937236,689.2870487385823,,,,0.7545570902593872,0.7199156225977863,1.9250695686956472,0.6818225844018497,0.47751385282265435,174.84661799018184
3182,237558.2955851413,689.2870165397594,,,,0.7545570068818955,0.7199158075676335,1.925069655729937,0.6818223589711355,0.4775152805613289,174.84659174624403
3183,237558.31468148017,689.2870442442395,,,,0.7545569856035304,0.7199158138288206,1.925069655729937,0.681822381202722,0.47752550926114035,174.84659174624403
3184,237558.30315219803,689.2870275178519,,,,0.7545569819400718,0.7199147355330283,1.925069655729937,0.6818224568971685,0.47751783333891024,174.84658760942034
3185,237558.280814102,689.2869951103125,,,,0.7545569633543584,0.7199156256715801,1.925069655729937,0.6818223386528425,0.47751506444038416,174.84656976247348
3186,237558.301087932,689.2870245230674,,,,0.7545569936224467,0.7199158395661145,1.925069655729937,0.6818223916078372,0.4775152805613289,174.84659174624403
3187,237558.3030113881,689.2870273135685,,,,0.7545570081974983,0.7199163191244187,1.925069655729937,0.6818224420912079,0.47751510757628146,174.84659390783023
3188,237558.304394646,689.2870293203636,,,,0.7545569948725114,0.7199158236711471,1.925069655729937,0.6818224036476664,0.4775152805613289,174.84660283257531
3189,237558.301098979,689.2870245390942,,,,0.7545570056414064,0.7199158236711471,1.925069655729937,0.6818224178411656,0.47751500228684984,174.84659174624403
3190,236590.98450571744,687.8822348421531,,,,0.7537796815806136,0.719150894291664,1.9255841482408966,0.6808194846439581,0.4766774394053307,174.81365995435647
3191,236590.98800977558,687.8822399361327,,,,0.7537797037073001,0.7191513804431269,1.9255851828124382,0.6808194355581966,0.47668066985281526,174.81365635410242
3192,236590.982744205,687.8822322813768,,,,0.7537796799968693,0.7191511110212355,1.9255838478554492,0.6808195325995292,0.4766766872956868,174.81366890396757
3193,236590.9935800459,687.8822480338418,,,,0.7537796068324858,0.719150392011785,1.9255839475697158,0.6808194679988949,0.47667626588525047,174.81365545637772
3194,236590.98691597962,687.8822383460408,,,,0.7537796918613808,0.7191502774438552,1.9255844685138905,0.6808195541793377,0.4766758662684459,174.8136700207813
3195,236590.98531867488,687.8822360239799,,,,0.753779670723358,0.7191507155761458,1.9255841482408966,0.680819482932831,0.476676652112209,174.81365995435647
3196,236590.99578330017,687.8822512367947,,,,0.7537796886412526,0.7191500162029574,1.925583905435512,0.6808194845363705,0.4766774394053307,174.81365794368097
3197,236590.97935168512,687.8822273495446,,,,0.7537797079589258,0.7191509954450932,1.9255845102023617,0.6808194760160566,0.47667892304502935,174.81365995435647
3198,236590.9992011961,687.8822562055166,,,,0.7537796289022695,0.7191511139161076,1.9255842354379349,0.6808191533416924,0.4766776578899522,174.81365017415493
3199,236590.9825076028,687.8822319374195,,,,0.7537796687552485,0.7191509494553171,1.9255840247598235,0.6808195040233396,0.47667450971413683,174.81365995435647
3200,236590.9844044585,687.882234694949,,,,0.7537796685828985,0.7191508943461937,1.9255854698670922,0.6808193855103571,0.4766781879965169,174.8136598332171
3201,236590.97786595355,687.8822251896813,,,,0.7537796754457734,0.7191509052498253,1.9255843493226334,0.6808195525751943,0.4766774394053307,174.81365995435647
3202,236590.98655893712,687.8822378269949,,,,0.7537796664343968,0.7191508723596128,1.9255834389988196,0.6808195107870425,0.4766802515615282,174.81365995435647
3203,236590.9760177304,687.8822225028501,,,,0.7537796102252747,0.7191518409175064,1.9255837318051936,0.6808193745021901,0.47667467267997876,174.81365811129936
3204,236590.9811006859,687.8822298921322,,,,0.7537796508451441,0.719150831110122,1.9255834005039294,0.6808197679446601,0.47668181284764327,174.81366202114972
3205,236590.987069163,687.8822385687292,,,,0.7537796526469268,0.7191514328717357,1.9255841963347722,0.6808195118840041,0.47667060040070997,174.81365995435647
3206,236591.0011148037,687.8822589873992,,,,0.7537797761837806,0.7191506927461697,1.9255840610542674,0.6808196764012895,0.4766745827866281,174.8136862007313
3207,236590.9791101276,687.8822269983834,,,,0.7537796926021066,0.7191508781759809,1.9255841482408966,0.6808194517237612,0.4766774394053307,174.81365995435647
3208,236590.99805840178,687.8822545441943,,,,0.7537796712619759,0.7191508844509318,1.9255841482408966,0.6808194732584384,0.47668000345453415,174.81365995435647
3209,236590.9865147122,687.8822377627033,,,,0.753779667492801,0.7191498039813429,1.9255841482408966,0.6808195475854296,0.47667488428092764,174.8136558168798
3210,236590.96124079847,687.8822010210738,,,,0.753779649184976,0.719150696604503,1.9255841482408966,0.6808194301605289,0.47667718746238935,174.81363796915156
3211,236590.98443667273,687.8822347417803,,,,0.753779679492532,0.7191509101799418,1.9255841482408966,0.680819484375514,0.4766774394053307,174.81365995435647
3212,236590.98530258887,687.8822360005946,,,,0.7537796942552797,0.7191513904552738,1.9255841482408966,0.6808195357041605,0.4766774394053307,174.81366211609304
3213,236590.98775590776,687.8822395670758,,,,0.753779680611874,0.719150894291664,1.9255841482408966,0.6808194957870406,0.4766774394053307,174.81367104067755
3214,236590.98445766116,687.8822347722919,,,,0.7537796914408846,0.719150894291664,1.9255841482408966,0.6808195105384656,0.4766774394053307,174.81365995435647
3215,242337.29375251613,696.1857421012244,,,,0.7523764686569961,0.7176300031555829,1.9266039808920634,0.6792975293049481,0.47549619397527093,174.74824845602856
3216,242337.29906124226,696.1857497266691,,,,0.7523764884117878,0.717630477377165,1.9266050133091444,0.6792974794521427,0.47549594268960477,174.7482448569652
3217,242337.29151475956,696.1857388869148,,,,0.752376470203465,0.7176302181408885,1.9266036811880987,0.6792975790147956,0.4755003899325497,174.7482574048297
3218,242337.30287764093,696.1857552085377,,,,0.7523763945062,0.7176295059821278,1.9266037808609056,0.6792975139972339,0.4754975585391953,174.7482439581577
3219,242337.29411150704,696.1857426168782,,,,0.7523764836551694,0.7176293801834133,1.9266043016087055,0.6792976044801676,0.4754958429257716,174.74825852175124
3220,242337.29462416738,696.1857433532628,,,,0.7523764533687065,0.717629822923304,1.9266039808920634,0.6792975229432485,0.4754892156989748,174.74824845602856
3221,242337.30507704103,696.185758367752,,,,0.7523764778965124,0.717629122248951,1.926603738129261,0.6792975318148474,0.47549619397527093,174.74824644383096
3222,242337.28868286207,696.185734819182,,,,0.7523764929760015,0.7176301049277496,1.9266043431622075,0.6792975207783204,0.4754935815531436,174.74824845602856
3223,242337.30818495294,696.1857628319511,,,,0.7523764163266425,0.7176302260640381,1.9266040684351757,0.6792972023559996,0.47549305429944444,174.7482386762979
3224,242337.29174234127,696.1857392138128,,,,0.7523764544774473,0.717630057920011,1.9266038576960454,0.6792975455156804,0.47549619397527093,174.74824845602856
3225,242337.29341305728,696.1857416136262,,,,0.7523764517539078,0.717630003192022,1.9266053025633119,0.6792974256980636,0.47549240002103105,174.74824833536087
3226,242337.28704615228,696.1857324682147,,,,0.752376462209943,0.7176300141143621,1.926604182330059,0.67929759538686,0.47549619397527093,174.74824845602856
3227,242337.29575810736,696.185744982052,,,,0.7523764542230318,0.7176299813813358,1.9266032728717692,0.6792975554432991,0.4754928481326064,174.74824845602856
3228,242337.28329586587,696.1857270813097,,,,0.7523764007312297,0.7176309483485936,1.926603564348539,0.6792974219351458,0.47549291803813354,174.7482466120664
3229,242337.29066944832,696.185737672711,,,,0.7523764366738098,0.7176299398327047,1.9266032350459337,0.6792978104127805,0.4754960907534445,174.7482505184825
3230,242337.29626882312,696.1857457156433,,,,0.7523764388799566,0.7176305446259535,1.9266040290103246,0.6792975548782151,0.47549619397527093,174.74824845602856
3231,242337.31035839452,696.1857659538789,,,,0.7523765632088579,0.7176298010375144,1.9266038933593725,0.6792977197607025,0.4754979483558078,174.74827470722963
3232,242337.28865218873,696.1857347751229,,,,0.7523764794658795,0.7176299870157371,1.9266039808920634,0.6792974968257838,0.475500206409773,174.74824845602856
3233,242337.3073609243,696.185761648318,,,,0.7523764581906398,0.7176299933189245,1.9266039808920634,0.6792975174419785,0.475495200722216,174.74824845602856
3234,242337.29577948118,696.1857450127535,,,,0.7523764549530039,0.7176289090412582,1.9266039808920634,0.6792975922060928,0.475500206409773,174.74824431722953
3235,242337.26446513538,696.1857000328796,,,,0.7523764357524304,0.7176298054014398,1.9266039808920634,0.679297471070269,0.47549619397527093,174.74822646794496
3236,242337.29368492865,696.1857420041418,,,,0.7523764665678185,0.7176300190332111,1.9266039808920634,0.679297529036515,0.47549619397527093,174.74824845602856
3237,242337.29253612921,696.1857403540083,,,,0.752376481710384,0.7176305005555332,1.9266039808920634,0.67929758208748,0.47549619397527093,174.74825061803057
3238,242337.29703674535,696.1857468186854,,,,0.7523764675859186,0.7176300031555829,1.9266039808920634,0.6792975401088472,0.47549619397527093,174.74825954238085
3239,242337.29372224497,696.1857420577428,,,,0.752376478394803,0.7176300031555829,1.9266039808920634,0.6792975550861607,0.47549619397527093,174.74824845602856
3240,275738.3883538566,742.6148239213334,,,,0.7515846902013024,0.7159472123668709,1.9277234215806593,0.6798729691607611,0.47369929091900737,207.2632727960987
3241,275738.38805030246,742.6148235125695,,,,0.7515847096490843,0.7159476726903269,1.9277244516553924,0.6798729185288278,0.4736993344049227,207.263267063826
3242,275738.38866868376,742.6148243452776,,,,0.7515846922590742,0.7159474246321328,1.9277231226295004,0.6798730189694406,0.4736991933235232,207.2632765008829
3243,275738.3975400496,742.6148362913976,,,,0.7515846167399757,0.7159467238092796,1.9277232222803753,0.6798729543485714,0.4736993125383153,207.2632723937549
3244,275738.39500867773,742.6148328826695,,,,0.7515847046999403,0.7159465868524115,1.9277237427268965,0.6798730479687355,0.47369929091900737,207.26327958906677
3245,275738.38928728324,742.6148251782794,,,,0.7515846730073159,0.7159470303860225,1.9277234215806593,0.6798729607594426,0.47370113763638333,207.2632727960987
3246,275738.399734124,742.614839245923,,,,0.7515847014254771,0.7159463256544782,1.9277231788510625,0.6798729732920692,0.47369929091900737,207.2632727960987
3247,275738.38337054657,742.6148172108424,,,,0.7515847106678318,0.7159473148448492,1.9277237841833266,0.6798729597278659,0.47369956167158156,207.2632727960987
3248,275738.4040419926,742.6148450468692,,,,0.7515846390090773,0.7159474384027299,1.9277235094322802,0.6798726481101824,0.47370329750334256,207.2632746368713
3249,275738.38633855956,742.6148212075484,,,,0.7515846747735733,0.7159472666718969,1.927723298675664,0.6798729818215642,0.47369240074248425,207.2632727960987
3250,275738.38785294583,742.6148232468107,,,,0.7515846743424124,0.7159472123832291,1.9277247434535647,0.6798728664443028,0.4736980465568965,207.26329036005433
3251,275738.3815676539,742.6148147830799,,,,0.7515846834298613,0.7159472233369366,1.927723623431979,0.6798730327570469,0.47369929091900737,207.2632727960987
3252,275738.3903030583,742.6148265461151,,,,0.7515846758014959,0.7159471907373514,1.9277227147551252,0.6798729951403385,0.473686844468319,207.2632727960987
3253,275738.38626133895,742.6148211035634,,,,0.7515846231958127,0.7159481436704175,1.9277230049293983,0.6798728625156153,0.4736903289334577,207.2632749384211
3254,275738.3849094741,742.6148192831519,,,,0.7515846600523219,0.7159471434517621,1.9277226776282028,0.6798732513874151,0.4736986584373861,207.26327166371163
3255,275738.39082058147,742.6148272430081,,,,0.7515846598296819,0.7159477564844068,1.9277234697477879,0.679872993814285,0.47369929091900737,207.2632727960987
3256,275738.40480423544,742.6148460733,,,,0.7515847831625029,0.7159470119702448,1.9277233337394721,0.6798731561331001,0.47369980472485007,207.26327000680297
3257,275738.38168969424,742.6148149474185,,,,0.7515847003648407,0.7159471961977535,1.9277234215806593,0.6798729367280706,0.47369456325100434,207.26327041076325
3258,275738.4020244738,742.6148423300922,,,,0.7515846790181582,0.7159472025357005,1.9277234215806593,0.6798729561446339,0.4736914741282404,207.2632727960987
3259,275738.3900114221,742.6148261533999,,,,0.7515846776293756,0.7159461254016228,1.9277234215806593,0.6798730358181946,0.47370527767818676,207.26327268778442
3260,275738.3826744576,742.6148162734938,,,,0.7515846572528632,0.7159470131441731,1.9277234215806593,0.6798729102667758,0.4736996054767362,207.26330727174445
3261,275738.3882877878,742.6148238323657,,,,0.7515846881102681,0.7159472282218298,1.9277234215806593,0.6798729688925882,0.47369929091900737,207.2632727960987
3262,275738.39601070445,742.614834231992,,,,0.7515847041255064,0.715947706651348,1.9277234215806593,0.6798730247470444,0.4736987830851719,207.26328599659945
3263,275738.3916756821,742.6148283944809,,,,0.7515846890157841,0.7159472123668709,1.9277234215806593,0.6798729796145535,0.47369929091900737,207.2632727960987
3264,275738.38832889055,742.6148238877144,,,,0.7515846998424909,0.7159472123668709,1.9277234215806593,0.6798729950153242,0.47369929091900737,207.2632727960987
3265,252885.1137865152,711.1752439258768,,,,0.7509486824006528,0.7155328494493441,1.928003728383238,0.6785576269083129,0.4735466166365046,174.65387041128025
3266,252885.11445604794,711.1752448673225,,,,0.750948701571836,0.7155333072582257,1.9280047578860715,0.6785575760861884,0.47354907336053387,174.65386681395927
3267,252885.1133582299,711.1752433236551,,,,0.7509486842759556,0.7155330615731048,1.9280034296223614,0.6785576757586629,0.47354283078521947,174.65387935886986
3268,252885.12296762664,711.1752568356508,,,,0.7509486093322689,0.7155323607604445,1.9280035292599085,0.6785576120609966,0.4735466166511361,174.65386591357844
3269,252885.11924462602,711.1752516006529,,,,0.750948696116293,0.7155322209701502,1.9280040496543989,0.6785577060431,0.47354506356307247,174.65388047603133
3270,252885.11474030494,711.1752452670227,,,,0.7509486652103448,0.7155326670355564,1.928003728383238,0.6785576185164056,0.47354945242088814,174.65387041128025
3271,252885.1251703607,711.1752599329659,,,,0.7509486938038665,0.7155319615573439,1.9280034856673476,0.6785576311674679,0.4735465722754238,174.653868396912
3272,252885.10882027945,711.1752369427375,,,,0.7509487016680424,0.7155329521269407,1.9280040910819316,0.6785576171558565,0.4735466166365046,174.65387041128025
3273,252885.12921755778,711.1752656238233,,,,0.750948631019457,0.7155330762282995,1.9280038163013415,0.6785573066066015,0.47353854788618305,174.65386063213958
3274,252885.11176738227,711.1752410867272,,,,0.7509486665567477,0.7155329036471643,1.9280036055479928,0.6785576388424545,0.4735466166365046,174.65387041128025
3275,252885.11318425083,711.1752430790189,,,,0.7509486670027193,0.7155328494620372,1.9280050503720934,0.6785575248751101,0.47355098624351966,174.65387029129056
3276,252885.106981183,711.1752343567414,,,,0.7509486756872044,0.7155328604221853,1.9280039303384269,0.6785576903535951,0.4735466166365046,174.65387041128025
3277,252885.11572228963,711.1752466478141,,,,0.7509486680249188,0.715532827849684,1.9280030218052944,0.6785576529457384,0.4735460867770225,174.65387041128025
3278,252885.1095884067,711.1752380228189,,,,0.7509486154010723,0.7155337871951734,1.928003311689737,0.6785575194596158,0.47354681245399016,174.65386856601825
3279,252885.11068543795,711.1752395653801,,,,0.7509486528245488,0.7155327830775234,1.9280029848427727,0.6785579106919489,0.47355757892817874,174.65387246751828
3280,252885.11624440143,711.1752473819677,,,,0.7509486518899823,0.7155333941765585,1.9280037765593052,0.6785576513228333,0.47355039383310865,174.65387041128025
3281,252885.13023509114,711.1752670546005,,,,0.7509487750431996,0.7155326477965607,1.9280036404755745,0.6785578130007022,0.47354546327651437,174.65389666932617
3282,252885.10770141907,711.1752353694819,,,,0.7509486923604077,0.7155328332750136,1.928003728383238,0.678557594554664,0.4735466166365046,174.65387041128025
3283,252885.1274736604,711.1752631716888,,,,0.7509486711203089,0.7155328396195894,1.928003728383238,0.6785576138506586,0.47354931244957355,174.65387041128025
3284,252885.1155498553,711.1752464053502,,,,0.7509486700464963,0.7155317597326318,1.928003728383238,0.6785576942833003,0.47354546327651437,174.65386627058527
3285,252885.10224062146,711.1752276909276,,,,0.750948649014535,0.7155326512461611,1.928003728383238,0.6785575673378959,0.4735487460439011,174.65384841921514
3286,252885.11372082424,711.1752438335074,,,,0.7509486803082422,0.715532865305792,1.928003728383238,0.6785576266398782,0.4735466166365046,174.65387041128025
3287,252885.1188964445,711.1752511110667,,,,0.7509486963944161,0.7155333446958475,1.928003728383238,0.6785576831163518,0.47354548008956404,174.65387257368474
3288,252885.11711895256,711.1752486116942,,,,0.7509486811913968,0.7155328494493441,1.928003728383238,0.6785576372963606,0.4735497227229357,174.65388149764144
3289,252885.11378739827,711.1752439271187,,,,0.7509486920764746,0.7155328494493441,1.928003728383238,0.6785576527527263,0.4735466166365046,174.65387041128025
3290,244750.0940472671,699.6429004102979,,,,0.7501798298270353,0.7147880404210502,1.9285034683279294,0.6774912390897039,0.4728379584016487,174.61998593577272
3291,244750.09531454605,699.6429022216204,,,,0.750179848433593,0.7147884930204167,1.9285044968183944,0.6774911878687948,0.4728369034860644,174.61998233908025
3292,244750.09333214848,699.6428993881786,,,,0.7501798314829398,0.7147882518487014,1.9285031699073902,0.6774912872357798,0.4728386615223603,174.6199948829268
3293,244750.10326041092,699.6429135786495,,,,0.7501797577319953,0.7147875542415972,1.9285032695192794,0.6774912249923963,0.4728379067840612,174.6199814381315
3294,244750.09879258345,699.6429071927813,,,,0.7501798422481725,0.7147874066584919,1.9285037897925674,0.6774913189170602,0.47283818465543365,174.61999600016554
3295,244750.09502893584,699.6429018133974,,,,0.7501798132849017,0.7147878574456518,1.9285034683279294,0.6774912314789231,0.47283888686515113,174.61998593577272
3296,244750.10545439713,699.6429167145152,,,,0.7501798413500318,0.714787150470529,1.928503225600643,0.6774912434839504,0.4728379584016487,174.61998392061685
3297,244750.0891196473,699.6428933672481,,,,0.7501798466691154,0.7147881434348912,1.9285038311732738,0.6774912282151289,0.4728389640185111,174.61998593577272
3298,244750.10939271128,699.6429223435498,,,,0.7501797784943599,0.71478826843431,1.9285035563787885,0.6774909207642955,0.47283300274294304,174.61997615684453
3299,244750.09202316447,699.642897517247,,,,0.750179813373233,0.7147880944233787,1.9285033456311869,0.677491249920148,0.47284490663098716,174.61998593577272
3300,244750.09333433086,699.6428993912982,,,,0.7501798155209581,0.7147880404258822,1.9285047904220969,0.6774911381524179,0.4728379136643473,174.6199858160254
3301,244750.0872081947,699.6428906352078,,,,0.7501798231308383,0.7147880514085423,1.9285036704728398,0.6774913019363812,0.4728379584016487,174.61998593577272
3302,244750.09596108733,699.6429031457224,,,,0.7501798151227094,0.7147880188793218,1.9285027622400521,0.6774912646255808,0.47283614014954206,174.61998593577272
3303,244750.08892126795,699.6428930837044,,,,0.7501797634722024,0.714788981882985,1.9285030515846866,0.6774911326398033,0.4728392612160676,174.61998409004033
3304,244750.09115405215,699.6428962750244,,,,0.7501798007224794,0.7147879757487386,1.9285027255748408,0.6774915236661168,0.4728296539255288,174.6199879897835
3305,244750.0964858469,699.6429038957615,,,,0.750179799055715,0.7147885860098757,1.9285035165251796,0.6774912630678095,0.4728379584016487,174.61998593577272
3306,244750.11048327657,699.6429239022953,,,,0.7501799219171081,0.714787837789576,1.928503380287517,0.6774914233632675,0.4728368413500351,174.62001219624935
3307,244750.0882210462,699.6428920828769,,,,0.7501798392950415,0.7147880242365627,1.9285034683279294,0.6774912065182088,0.4728396021425015,174.61998593577272
3308,244750.10776156746,699.6429200121551,,,,0.7501798183733974,0.7147880305919966,1.9285034683279294,0.6774912258702506,0.47283917071006815,174.61998593577272
3309,244750.09582435817,699.6429029502953,,,,0.7501798177923027,0.7147869463598285,1.9285034683279294,0.6774913073977064,0.4728379584016487,174.61998179439314
3310,244750.07956725202,699.6428797140036,,,,0.7501797961143448,0.7147878429777659,1.9285034683279294,0.6774911787994327,0.4728379584016487,174.61996394227822
3311,244750.09398234266,699.6429003175015,,,,0.7501798277335853,0.714788056277623,1.9285034683279294,0.6774912388212079,0.4728379584016487,174.61998593577272
3312,244750.09794395696,699.6429059798389,,,,0.7501798444274939,0.7147885371604199,1.9285034683279294,0.6774912975894619,0.4728379584016487,174.61998809832417
3313,244750.09739870415,699.642905200509,,,,0.7501798285556304,0.7147880404210502,1.9285034683279294,0.6774912492779969,0.4728379584016487,174.61999702213157
3314,244750.0940594174,699.6429004276645,,,,0.7501798394529695,0.7147880404210502,1.9285034683279294,0.6774912649205825,0.4728379584016487,174.61998593577272
3315,235586.24146629722,686.4200484634713,,,,0.7486897779262057,0.7133014674193994,1.929483510992077,0.6754928207841757,0.471896638099608,174.55154528985852
3316,235586.2441505059,686.4200523739174,,,,0.7486897957861716,0.71330190895014,1.9294845375423704,0.6754927691998777,0.4718980948845647,174.55154169443588
3317,235586.24015884628,686.4200465587326,,,,0.7486897791248037,0.7133016770449265,1.9294832131121518,0.6754928672818417,0.4718985901981799,174.551554236138
3318,235586.25072209185,686.4200619476266,,,,0.7486897072816203,0.7133009875499658,1.9294833129019258,0.6754928077280501,0.47189773234935306,174.55154079233543
3319,235586.2445509721,686.4200529573303,,,,0.7486897879705677,0.7133008281793649,1.9294838327933517,0.6754929016391786,0.47190120806759617,174.55155535352657
3320,235586.24250277365,686.4200499734454,,,,0.7486897615059976,0.7133012835959802,1.929483510992077,0.6754928132765806,0.4718931478020281,174.55154528985852
3321,235586.25291958338,686.4200651490069,,,,0.7486897898806183,0.7133005720620791,1.9294832682344063,0.6754928257217112,0.47188874240648465,174.55154327311072
3322,235586.23661312467,686.420041393205,,,,0.7486897923911678,0.7133015709904619,1.9294838741526246,0.675492810890854,0.47188404698938985,174.55154528985852
3323,235586.2566412404,686.4200705708429,,,,0.7486897269554199,0.7133016972527594,1.929483599361676,0.675492507066604,0.4718913391785339,174.55153551136587
3324,235586.2394313892,686.4200454989483,,,,0.7486897605098926,0.713301521037808,1.9294833885657274,0.6754928299887012,0.4718963076293034,174.55154528985852
3325,235586.24051701595,686.420047080526,,,,0.7486897658914862,0.7133014674100511,1.929484833281416,0.6754927210125199,0.4718843357385471,174.55154517059148
3326,235586.2345533061,686.4200383923913,,,,0.7486897706776684,0.7133014784311078,1.929483713519662,0.6754928806382511,0.4718801933099414,174.55154528985852
3327,235586.24333033257,686.420051179061,,,,0.7486897632210064,0.7133014459669458,1.929482806018031,0.6754928458825875,0.4718941666906378,174.55154528985852
3328,235586.23438396995,686.420038145697,,,,0.7486897126407219,0.7133024068262295,1.9294830941390686,0.675492715703145,0.47188368396595815,174.55154344317953
3329,235586.2389537934,686.4200448031708,,,,0.7486897488695543,0.7133014024326596,1.9294827700034365,0.6754931031662593,0.4719054843401091,174.55154733944335
3330,235586.243859461,686.4200519499133,,,,0.7486897469988641,0.7133020137728024,1.9294835592470883,0.6754928442913907,0.47189518609051906,174.55154528985852
3331,235586.25788080844,686.4200723766878,,,,0.7486898693689199,0.7133012640246956,1.929483422632946,0.6754930035267663,0.47188851398314025,174.55157155517352
3332,235586.23608249708,686.4200406201686,,,,0.7486897868140127,0.71330145121577,1.929483510992077,0.6754927890495778,0.47190120806759617,174.55154528985852
3333,235586.25523206606,686.4200685179097,,,,0.7486897664546349,0.7133014575958341,1.929483510992077,0.6754928078003531,0.4718966372442692,174.55154528985852
3334,235586.24328676166,686.4200511155856,,,,0.7486897672349625,0.71330037285271,1.929483510992077,0.6754928927491991,0.47189610252955305,174.5515411470925
3335,235586.22095241203,686.420018578147,,,,0.7486897431727865,0.7133012703499623,1.929483510992077,0.6754927578847794,0.471896638099608,174.55152329354237
3336,235586.2414027427,686.4200483708829,,,,0.748689775830723,0.7133014832676812,1.929483510992077,0.6754928205157634,0.471896638099608,174.55154528985852
3337,235586.24303028875,686.4200507419472,,,,0.7486897927479886,0.7133019640651388,1.929483510992077,0.6754928804585141,0.471896638099608,174.55154745270173
3338,235586.24485739562,686.4200534037384,,,,0.7486897765046957,0.7133014674193994,1.929483510992077,0.675492830479115,0.471896638099608,174.55155637621556
3339,235586.24149638772,686.4200485073081,,,,0.7486897875364151,0.7133014674193994,1.929483510992077,0.6754928467798161,0.471896638099608,174.55154528985852
3340,250580.58748695112,707.9273797317786,,,,0.7463586364328348,0.709231201960165,1.9313971541787993,0.673594448226445,0.46954572135011047,174.41286149174888
3341,250580.5940580891,707.9273890139993,,,,0.7463586537425666,0.7092307798125224,1.9313981769865258,0.6735943955228926,0.4695524526500761,174.4128578989058
3342,250580.58519577357,707.9273764953205,,,,0.7463586371261988,0.7092318302883569,1.9313968573765108,0.6735944942516621,0.4695452820091539,174.41287043627503
3343,250580.59682453604,707.927392921811,,,,0.7463585674409449,0.7092318606632673,1.9313969575268088,0.6735944336100407,0.4695497906657633,174.41285699444384
3344,250580.58620010348,707.9273779140109,,,,0.7463586440512021,0.7092308117820818,1.9313974765581325,0.6735945329300549,0.4695457242420513,174.41287155391765
3345,250580.58862474046,707.9273813389908,,,,0.7463586195947921,0.7092312130123453,1.9313971541787993,0.6735944391144184,0.4695538033769524,174.41286149174888
3346,250580.59903197136,707.9273960399771,,,,0.746358650014604,0.7092312082841785,1.9313969113304323,0.6735944561932697,0.4695538033769524,174.4128594717604
3347,250580.58278856167,707.9273730949546,,,,0.7463586466011909,0.7092308303374867,1.9313975178851186,0.6735944376516418,0.46954572135011047,174.41286149174888
3348,250580.6023211371,707.927400686168,,,,0.7463585845720389,0.7092311203916106,1.9313972430900042,0.673594142287505,0.4695509788228097,174.41285171416396
3349,250580.58542394027,707.9273768176226,,,,0.7463586164676227,0.7092313434741533,1.931397032269126,0.6735944523013965,0.46954572135011047,174.41286149174888
3350,250580.5861064893,707.9273777817739,,,,0.7463586273325835,0.7092305190941988,1.9313984770154775,0.6735943473335816,0.4695378111875378,174.41286137342058
3351,250580.5804194914,707.9273697484667,,,,0.7463586289382907,0.7092312171259141,1.9313973574946666,0.6735945046283341,0.46954059223556877,174.41286149174888
3352,250580.58924644193,707.9273822171901,,,,0.7463586218311798,0.709231189997418,1.9313964510339754,0.6735944726486328,0.46954572135011047,174.41286149174888
3353,250580.57637851965,707.9273640402944,,,,0.7463585726035574,0.709231244917129,1.9313967371747505,0.6735943435345951,0.46953153213365,174.4128596431572
3354,250580.58552753637,707.92737696396,,,,0.7463586070385565,0.7092320320721153,1.931396416174876,0.6735947284039462,0.46954414871671446,174.41286353262967
3355,250580.5897801523,707.9273829710955,,,,0.746358605002864,0.7092312042922879,1.9313972025689246,0.6735944705659285,0.46954572135011047,174.41286149174888
3356,250580.60384673858,707.9274028411932,,,,0.7463587251023686,0.7092308353254395,1.9313970652781087,0.6735946252883382,0.46955323179880526,174.41288776654733
3357,250580.58272925304,707.9273730111767,,,,0.7463586452746926,0.7092311840353765,1.9313971541787993,0.673594419269711,0.46954572158179697,174.41286149174888
3358,250580.6013529141,707.927399318481,,,,0.7463586251178941,0.709231183763074,1.9313971541787993,0.6735944354135782,0.4695476430210366,174.41286149174888
3359,250580.58933939424,707.9273823484921,,,,0.7463586264984927,0.7092299947915764,1.9313971541787993,0.6735945236187069,0.4695241453264236,174.41285734615707
3360,250580.55424474526,707.927332774693,,,,0.7463585995069213,0.7092309945402722,1.9313971541787993,0.673594379486865,0.4695370622898899,174.41283948993436
3361,250580.58742608814,707.9273796458052,,,,0.7463586343324993,0.7092312097596436,1.9313971541787993,0.6735944479582728,0.46954572135011047,174.41286149174888
3362,250580.58483884294,707.9273759911296,,,,0.7463586512722146,0.7092316370677325,1.9313971541787993,0.6735945094577666,0.4695691761012713,174.41286365517473
3363,250580.59096033828,707.9273846381959,,,,0.7463586348100797,0.7092312169767343,1.9313971541787993,0.673594457356276,0.46954572135011047,174.41287257810066
3364,250580.58754263198,707.9273798104322,,,,0.7463586458195792,0.709231201960165,1.9313971541787993,0.6735944740956669,0.46954572135011047,174.41286149174888
3365,259912.94811830463,720.9895257468095,,,,0.7453783571752491,0.7062798461718471,1.9323310800402425,0.6728404918314974,0.46859308754300627,184.54167094668048
3366,259912.9482133258,720.9895258786024,,,,0.7453783746854009,0.7062794333144689,1.932332101096439,0.6728404386595405,0.46859365478100096,184.54166596397323
3367,259912.9482767218,720.9895259665312,,,,0.7453783576191236,0.7062804736767252,1.9323307837078425,0.672840537017988,0.468596167897345,184.54167226854818
3368,259912.9575016213,720.9895387613072,,,,0.745378288966682,0.7062804989844662,1.9323308841822748,0.6728404787169222,0.46858891765383975,184.54167055139803
3369,259912.95403703372,720.9895339559841,,,,0.7453783646335321,0.7062794568143762,1.9323314026735827,0.672840580588848,0.46859308754300627,184.54167686387547
3370,259912.94931801088,720.9895274107813,,,,0.7453783400623651,0.7062798582498078,1.9323310800402425,0.6728404827926734,0.4685886726194856,184.54167094668048
3371,259912.95970023106,720.989541810741,,,,0.745378370530336,0.7062798523468596,1.9323308371293753,0.6728405000120055,0.46859308754300627,184.54167094668048
3372,259912.9434811312,720.9895193151301,,,,0.7453783663819498,0.7062794771144145,1.9323314441341153,0.6728404817581762,0.46859459769814643,184.54167094668048
3373,259912.96423667108,720.9895481027042,,,,0.7453783089967871,0.7062797689540268,1.9323311691855964,0.6728401929164023,0.46859558353364283,184.5416727122176
3374,259912.94603613034,720.9895228588697,,,,0.7453783354744781,0.7062799864851648,1.9323309583714718,0.6728404933181155,0.468594277083271,184.54167094668048
3375,259912.94664925616,720.9895237092646,,,,0.7453783497512837,0.7062791342176746,1.93233240346691,0.6728403884311319,0.4685969525436388,184.54168761572052
3376,259912.94098298662,720.9895158502467,,,,0.7453783496978373,0.7062798623726847,1.9323312837466071,0.6728405471478988,0.46859308754300627,184.54167094668048
3377,259912.9498279728,720.9895281180895,,,,0.7453783431865558,0.7062798341300063,1.9323303777890828,0.6728405170634378,0.46859308754300627,184.54167094668048
3378,259912.94563770416,720.9895223062596,,,,0.7453782936304916,0.7062798719232033,1.9323306628574974,0.6728403870367977,0.46859543922007174,184.5416666149357
3379,259912.94584954303,720.9895226000763,,,,0.7453783272716218,0.7062806780175688,1.9323303435559398,0.6728407717242585,0.4685913316894637,184.54167033942107
3380,259912.9503840783,720.9895288893982,,,,0.7453783259808959,0.7062798486473097,1.9323311285285112,0.6728405134892588,0.46859308754300627,184.54167094668048
3381,259912.96432472693,720.9895482248369,,,,0.7453784462979008,0.7062794804439609,1.9323309909054354,0.6728406682780724,0.4685964371134405,184.5416679593495
3382,259912.94199581424,720.9895172550212,,,,0.7453783662663321,0.7062798281685438,1.9323310800402425,0.6728404640910292,0.4685965285704577,184.54166875401938
3383,259912.9620319317,720.9895450447691,,,,0.7453783460548994,0.70627982799472,1.9323310800402425,0.6728404790699031,0.46859493039893185,184.54167094668048
3384,259912.9495869791,720.9895277838353,,,,0.7453783476863735,0.7062786416023807,1.9323310800402425,0.6728405687495236,0.4685971244415934,184.54167084384315
3385,259912.9393686845,720.9895136112374,,,,0.7453783203754284,0.7062796390157049,1.9323310800402425,0.6728404232326403,0.46859653448952093,184.5417054380068
3386,259912.94805881407,720.989525664297,,,,0.7453783550704357,0.7062798539482064,1.9323310800402425,0.6728404915638434,0.46859308754300627,184.54167094668048
3387,259912.9541720381,720.989534143233,,,,0.7453783725027209,0.7062802790320128,1.9323310800402425,0.6728405551679041,0.4685965114538588,184.54168388007497
3388,259912.95163193697,720.9895306201568,,,,0.7453783554714335,0.7062798655457578,1.9323310800402425,0.6728405009507632,0.46859308754300627,184.54167094668048
3389,259912.94817019443,720.9895258187798,,,,0.7453783664691672,0.7062798461718471,1.9323310800402425,0.672840517788847,0.46859308754300627,184.54167094668048
3390,249239.07389198153,706.0298490743598,,,,0.744642823869901,0.7055758761036977,1.9327866472238828,0.6717588078496544,0.46793402037501447,174.306497067873
3391,249239.07453537383,706.0298499856416,,,,0.7446428415284859,0.7055760552534048,1.9327876673633857,0.6717587540577702,0.46793466564173597,174.30649347685159
3392,249239.0736999204,706.0298488023299,,,,0.7446428241510069,0.7055761327345726,1.9327863511441457,0.6717588528794478,0.46793383831548985,174.3065060111927
3393,249239.08328520245,706.0298623786425,,,,0.7446427557481838,0.7055756307961508,1.9327864517113602,0.671758794568609,0.4679339091611833,174.30649257076982
3394,249239.07912589298,706.0298564875184,,,,0.7446428311958317,0.7055754487209016,1.9327869699730518,0.6717588982599414,0.46793890674513616,174.30650712892668
3395,249239.0751199892,706.029850813674,,,,0.744642806804331,0.7055758576867399,1.9327866472238828,0.6717587987897901,0.46793402037501447,174.306497067873
3396,249239.0854878136,706.0298654983566,,,,0.7446428379824781,0.7055758592601229,1.9327864042574914,0.6717588166516643,0.4679362311655658,174.30649504536595
3397,249239.06928115225,706.0298425437162,,,,0.7446428326726907,0.7055758162425934,1.9327870113810037,0.6717587980042653,0.46794631777328743,174.306497067873
3398,249239.0899013094,706.0298717495026,,,,0.74464277474163,0.7055757708975199,1.9327867364791336,0.6717585100622179,0.4679530290363495,174.30648729105073
3399,249239.07179827572,706.0298461088963,,,,0.7446428010009045,0.7055759391225533,1.9327865256832182,0.6717588077559316,0.46794139321288986,174.306497067873
3400,249239.0722884099,706.0298468031077,,,,0.7446428172981164,0.7055757042965256,1.932787970634811,0.6717587041212972,0.46793566534884945,174.30649695024073
3401,249239.06671996447,706.029838916125,,,,0.744642815595906,0.7055758415582608,1.9327868511298991,0.6717588612188602,0.46793402037501447,174.306497067873
3402,249239.07557482066,706.029851457884,,,,0.7446428101393405,0.7055757932156308,1.9327859454001857,0.671758833585241,0.46793402037501447,174.306497067873
3403,249239.07042520627,706.0298441641206,,,,0.7446427607321671,0.7055758587626293,1.9327862300715442,0.6717587035666259,0.4679367025710414,174.3064952178028
3404,249239.0718423171,706.029846171275,,,,0.7446427943310997,0.7055758212251495,1.9327859114153225,0.6717590884312983,0.4679683539305452,174.30649910239853
3405,249239.0761424961,706.0298522619228,,,,0.7446427924139483,0.7055758842477149,1.9327866957523538,0.6717588290117534,0.46793944165644047,174.306497067873
3406,249239.09009662498,706.0298720261416,,,,0.7446429124520146,0.7055756754430589,1.932786557979192,0.6717589832788943,0.46793402037501447,174.30652334991257
3407,249239.06807749797,706.0298408388954,,,,0.7446428330991561,0.7055758799403364,1.9327866472238828,0.6717587810631639,0.467931285510593,174.306497067873
3408,249239.0878273199,706.0298688119648,,,,0.7446428129819785,0.7055759289537182,1.9327866472238828,0.671758795344736,0.46795207868913224,174.306497067873
3409,249239.07541146208,706.0298512265075,,,,0.7446428147907197,0.7055748091837746,1.9327866472238828,0.671758885482825,0.46793402037501447,174.3064929200751
3410,249239.06194913105,706.0298321588559,,,,0.7446427862218543,0.7055756756182323,1.9327866472238828,0.6717587375061967,0.46793402037501447,174.30647506187518
3411,249239.0738331499,706.0298489910325,,,,0.744642821762918,0.7055758919545245,1.9327866472238828,0.6717588075816426,0.46793402037501447,174.306497067873
3412,249239.07857624494,706.0298557090131,,,,0.7446428389545996,0.7055763734118512,1.9327866472238828,0.6717588711491477,0.46793402037501447,174.30649923171973
3413,249239.07742428698,706.0298540774138,,,,0.7446428221425511,0.7055758761036977,1.9327866472238828,0.6717588169033225,0.46793402037501447,174.30650815427083
3414,249239.07397205036,706.0298491877671,,,,0.744642833123082,0.7055758761036977,1.9327866472238828,0.671758833691898,0.46793402037501447,174.306497067873
3415,235672.56790639096,686.5458002295121,,,,0.7432300357668314,0.7043857160977138,1.933688176018995,0.6697853660733938,0.46672616679300766,174.23514184457412
3416,235672.56992703016,686.5458031727092,,,,0.7432300541200076,0.7043856502143458,1.9336891944673522,0.6697853120418936,0.46672633150508913,174.2351382548371
3417,235672.56706304825,686.5457990011274,,,,0.743230036374028,0.7043861602327455,1.9336878804046949,0.669785411265452,0.46672619826611306,174.23515078703417
3418,235672.57733442797,686.5458139620807,,,,0.7432299684642714,0.7043854471344749,1.9336879812862982,0.6697853533292698,0.4667258399828266,174.23513734759362
3419,235672.5715202266,686.5458054933064,,,,0.7432300435085195,0.7043856166920704,1.9336884989849379,0.6697854592242416,0.4667273683366877,174.23515190485855
3420,235672.5691856196,686.5458020927949,,,,0.7432300186595742,0.7043854908286082,1.933688176018995,0.6697853564794031,0.46672616679300766,174.23514184457412
3421,235672.57954628966,686.5458171838052,,,,0.7432300509592722,0.7043863140545032,1.9336879329432834,0.66978537554772,0.4667250216987876,174.23513982037628
3422,235672.5633499052,686.5457935926853,,,,0.7432300436741709,0.7043855792800959,1.9336885404867743,0.6697853563769386,0.46672616679300766,174.23514184457412
3423,235672.58371998943,686.5458232630789,,,,0.7432299840946955,0.7043861500633948,1.9336882655157617,0.6697850688437316,0.4667220730562498,174.23513206822105
3424,235672.56579137236,686.545797148846,,,,0.7432300120419366,0.7043857359114842,1.9336880547355602,0.669785364698697,0.46672527391278673,174.23514184457412
3425,235672.56609785266,686.5457975952553,,,,0.7432300313239398,0.7043843922951326,1.9336894999211536,0.6697852613465871,0.4667285352119751,174.23514172740556
3426,235672.56065969172,686.5457896742087,,,,0.7432300257563906,0.7043860820028202,1.9336883803294553,0.6697854154500015,0.46672616679300766,174.23514184457412
3427,235672.56953420446,686.5458026005318,,,,0.7432300218840449,0.7043856538041449,1.933687474963041,0.6697853915916201,0.46672616679300766,174.23514184457412
3428,235672.562565019,686.5457924494461,,,,0.7432299728160513,0.7043857024792293,1.933687758751641,0.6697852620964826,0.4667230897289347,174.23513999351118
3429,235672.56622458762,686.5457977798533,,,,0.7432300060956005,0.7043856606453023,1.9336874415338012,0.6697856453654918,0.46673910329082824,174.2351438748162
3430,235672.57011463802,686.5458034459721,,,,0.7432300042192738,0.7043857135346429,1.9336882246388418,0.669785387123879,0.4667322918155994,174.23514184457412
3431,235672.58406577705,686.5458237667416,,,,0.7432301238502618,0.7043857274153489,1.9336880865328252,0.6697855397571448,0.466718432080984,174.23516813133338
3432,235672.56260509507,686.5457925078192,,,,0.7432300451572629,0.7043857362144661,1.933688176018995,0.6697853410984959,0.46672616679300766,174.23514184457412
3433,235672.58188607535,686.54582059186,,,,0.7432300250865042,0.7043857783720073,1.933688176018995,0.6697853536658526,0.46672329231871934,174.23514184457412
3434,235672.56947292478,686.5458025112741,,,,0.7432300277848926,0.7043857516806342,1.933688176018995,0.669785445862619,0.46672616679300766,174.23513769529757
3435,235672.54963620947,686.5457736177673,,,,0.7432299972154129,0.704385721732866,1.933688176018995,0.6697852933130369,0.46672616679300766,174.2351198358569
3436,235672.5678488371,686.545800145681,,,,0.743230033656773,0.7043857160977138,1.933688176018995,0.6697853658054668,0.46672616679300766,174.23514184457412
3437,235672.57006454587,686.5458033730098,,,,0.7432300507482777,0.7043857160977138,1.933688176018995,0.6697854298754172,0.46672616679300766,174.235144008718
3438,235672.5714770157,686.5458054303665,,,,0.743230033904087,0.7043857160977138,1.933688176018995,0.6697853749289292,0.46672616679300766,174.23515293096884
3439,235672.5680032829,686.5458003706417,,,,0.7432300448678357,0.7043857160977138,1.933688176018995,0.669785391759564,0.46672616679300766,174.23514184457412
3440,244608.41924201764,699.4403752172416,,,,0.7409230937125288,0.7018970415053408,1.9354287269160915,0.6675109157343446,0.4649505927225575,174.09027634840677
3441,244608.4251709302,699.4403836938932,,,,0.7409231154914224,0.701896966209312,1.9354297421971465,0.667510861307979,0.46494913770746765,174.09027276126523
3442,244608.41729321788,699.4403724310142,,,,0.7409230950843126,0.7018974817418735,1.9354284320742758,0.6675109614894792,0.4649485527002793,174.09028528916764
3443,244608.4287458216,699.4403888049669,,,,0.7409230271901842,0.7018967779720358,1.9354285337891206,0.6675109024947173,0.4649500757256767,174.0902718516457
3444,244608.41847435082,699.4403741196973,,,,0.7409231014214385,0.7018969465772464,1.9354290502902818,0.6675110114219591,0.4649493695304727,174.09028640710778
3445,244608.42061913683,699.4403771861282,,,,0.7409230764936942,0.7018968134873477,1.9354287269160915,0.6675109060513689,0.46495687190139945,174.09027634840677
3446,244608.430968559,699.4403919828466,,,,0.7409231089521868,0.7018976509683352,1.9354284836470015,0.6675109240699663,0.4649584043614425,174.090274320766
3447,244608.41481324073,699.4403688853552,,,,0.7409231000870242,0.7018969074200966,1.9354290921233475,0.6675109066062273,0.4649518361759834,174.09027634840677
3448,244608.43467100157,699.4403972762818,,,,0.740923040931316,0.7018974871410473,1.9354288169818294,0.6675106259086747,0.46495640908285596,174.09026657305432
3449,244608.41709012547,699.4403721406501,,,,0.7409230656606651,0.7018970625808988,1.9354286061234094,0.6675109120358664,0.4649584043614425,174.09027634840677
3450,244608.41703387682,699.4403720602304,,,,0.7409230978253135,0.7018957376627112,1.935430052024467,0.6675108171977493,0.46495929254164525,174.0902762321354
3451,244608.41184923245,699.4403646476696,,,,0.7409230801719683,0.7018974159467963,1.9354289320336355,0.6675109583885976,0.4649530455227906,174.09027634840677
3452,244608.42075806548,699.4403773847566,,,,0.7409230805133489,0.7018969792858608,1.93542802752945,0.6675109411128012,0.46495017482320744,174.09027634840677
3453,244608.40972189597,699.4403616061858,,,,0.7409230259424453,0.701897024410711,1.9354283093208644,0.6675108072286209,0.4649465091884041,174.09027449534256
3454,244608.41807289683,699.4403735457322,,,,0.7409230624411219,0.7018969868464535,1.9354279953131082,0.6675111880137057,0.46492971392917126,174.0902783703113
3455,244608.42135079982,699.4403782321976,,,,0.7409230628492728,0.7018970388684731,1.935428775752665,0.6675109373559823,0.4649538642355129,174.09027634840677
3456,244608.43533192007,699.4403982212067,,,,0.7409231805455648,0.7018970528375048,1.9354286368610167,0.6675110844647678,0.4649493774242547,174.09030264440722
3457,244608.41465836245,699.4403686639234,,,,0.7409231026387183,0.7018970616370332,1.9354287269160915,0.6675108923368254,0.46494839429449186,174.09027634840677
3458,244608.4333044259,699.4403953224693,,,,0.7409230831427758,0.7018971032134563,1.9354287269160915,0.6675109036469571,0.4649505927225575,174.09027634840677
3459,244608.42089106448,699.4403775749076,,,,0.7409230884349173,0.7018970758615491,1.9354287269160915,0.6675110019564038,0.46495031909936535,174.09027219610562
3460,244608.38759824072,699.4403299756752,,,,0.7409230529446315,0.7018970471297035,1.9354287269160915,0.6675108373217478,0.4649505927225575,174.09025433443247
3461,244608.4191869673,699.4403751385353,,,,0.7409230915952161,0.7018970415053408,1.9354287269160915,0.6675109154668151,0.4649505927225575,174.09027634840677
3462,244608.41686394328,699.4403718172742,,,,0.7409231085133212,0.7018970415053408,1.9354287269160915,0.667510980782355,0.46495488025188075,174.09027851312817
3463,244608.42288582615,699.4403804268471,,,,0.7409230917018119,0.7018970415053408,1.9354287269160915,0.6675109242421109,0.4649505927225575,174.09028743481684
3464,244608.41935589843,699.4403753800584,,,,0.7409231026122913,0.7018970415053408,1.9354287269160915,0.6675109412827918,0.4649505927225575,174.09027634840677
3465,264984.0236364666,727.9890433742346,,,,0.7402740884219183,0.7007379103027718,1.9362359547333323,0.6675879769697726,0.4639789530690192,195.0706973184607
3466,264984.0233171234,727.98904293557,,,,0.7402741122440121,0.7007378308539289,1.9362369685465506,0.6675879226502388,0.46397859017281257,195.07069192450825
3467,264984.0242288702,727.989044187988,,,,0.7402740896562044,0.700738347941579,1.9362356603330357,0.6675880228826298,0.4639807781386522,195.07069989142
3468,264984.0331858979,727.9890564917827,,,,0.7402740224979778,0.7007376515919385,1.9362357623448685,0.6675879632789815,0.4639777565556616,195.0706969200475
3469,264984.0298678267,727.989051933924,,,,0.7402740970194506,0.7007378160619737,1.9362362782590379,0.667588073840398,0.4639791652558409,195.07070371583524
3470,264984.02506888635,727.9890453418737,,,,0.7402740718757675,0.7007376810937119,1.9362359547333323,0.6675879683124154,0.4639789530690192,195.0706973184607
3471,264984.0354013056,727.9890595349709,,,,0.7402741016124328,0.7007385233108738,1.9362357113505242,0.6675879833066323,0.4639789530690192,195.0706973184607
3472,264984.01925509906,727.9890373557821,,,,0.7402740941042911,0.700737777910094,1.9362363203034998,0.6675879676740151,0.4639789530690192,195.0706973184607
3473,264984.04034031514,727.9890663194262,,,,0.7402740365187821,0.7007383591018304,1.9362360449704337,0.6675876924803881,0.46397745874187707,195.0706991133049
3474,264984.0214688635,727.9890403967128,,,,0.7402740616587749,0.7007379323648353,1.9362358341586388,0.6675879738364591,0.4639789530690192,195.0706973184607
3475,264984.0213815663,727.9890402767975,,,,0.7402740956591204,0.7007366239063894,1.9362372806070207,0.667587882672308,0.4639811099157946,195.0707148616371
3476,264984.0161879291,727.989033142573,,,,0.7402740739627961,0.7007382873185948,1.9362361602382137,0.6675880178549629,0.4639789530690192,195.0706973184607
3477,264984.0250997693,727.9890453842959,,,,0.7402740759028796,0.7007378480523754,1.9362352559209024,0.6675880021874571,0.4639789530690192,195.0706973184607
3478,264984.0228790828,727.9890423338563,,,,0.7402740197275791,0.7007378922828708,1.9362355369601476,0.6675878683486509,0.46397746092727793,195.0706963338987
3479,264984.0220382858,727.9890411788982,,,,0.7402740556472364,0.7007378562478161,1.9362352242164544,0.6675882460253049,0.4639801446569472,195.07069644182081
3480,264984.0257135181,727.98904622737,,,,0.7402740574127822,0.7007379076362039,1.9362360036968134,0.6675879978449422,0.4639789530690192,195.0706973184607
3481,264984.03957896255,727.9890652735966,,,,0.7402741756822958,0.70073792163381,1.9362358645069422,0.6675881443861925,0.463978376762412,195.07069440947657
3482,264984.01756554306,727.9890350349285,,,,0.7402740965553045,0.7007379304418956,1.9362359547333323,0.6675879532348461,0.4639789530690192,195.07069502442215
3483,264984.0377393237,727.9890627465822,,,,0.7402740776849329,0.7007379722089253,1.9362359547333323,0.6675879644396836,0.46397687663201187,195.0706973184607
3484,264984.0249051656,727.9890451169792,,,,0.7402740845999402,0.7007379439581465,1.9362359547333323,0.6675880679492666,0.4639783734633891,195.07069721725696
3485,264984.0167225472,727.9890338769496,,,,0.7402740481935627,0.7007379159225368,1.9362359547333323,0.6675878995459479,0.46398377744901803,195.07073185643887
3486,264984.02358263877,727.9890433002943,,,,0.740274086299149,0.7007379103027718,1.9362359547333323,0.6675879767028472,0.4639789530690192,195.0706973184607
3487,264984.03026571195,727.989052480478,,,,0.7402741033266388,0.7007379103027718,1.9362359547333323,0.6675880430288109,0.4639942143260604,195.07071040257736
3488,264984.02731477167,727.9890484269274,,,,0.7402740863201347,0.7007379103027718,1.9362359547333323,0.6675879852186674,0.4639789530690192,195.0706973184607
3489,264984.0237421322,727.9890435193818,,,,0.7402740972989272,0.7007379103027718,1.9362359547333323,0.6675880026874318,0.4639789530690192,195.0706973184607
3490,253813.61303416075,712.479632037521,,,,0.7395655835203555,0.7004106921515676,1.9366606680744822,0.6665277104139934,0.46353066614416505,177.18123188326322
3491,253813.61316828305,712.4796322257682,,,,0.7395656077727255,0.700411016936708,1.9366616811318595,0.6665276558453701,0.463530643728949,177.18122715393997
3492,253813.61329628437,712.4796324054245,,,,0.739565584629878,0.7004110043340588,1.9366603738796533,0.6665277554274281,0.463530751588274,177.18123240973344
3493,253813.62258427564,712.479645441574,,,,0.7395655166753967,0.7004106445733422,1.9366604761302746,0.6665276954842213,0.463532048678288,177.1812314992034
3494,253813.61868125285,712.4796399634909,,,,0.7395655925775086,0.7004105888158605,1.9366609916856288,0.6665278075901363,0.4635433608661533,177.18123750626145
3495,253813.61449284878,712.4796340848609,,,,0.739565567354622,0.700410639737332,1.9366606680744822,0.6665277022543094,0.463532912674419,177.18123188326322
3496,253813.624813815,712.4796485708415,,,,0.739565596071297,0.7004106984309774,1.9366604246284387,0.6665277159424792,0.4635230558660761,177.18123188326322
3497,253813.60867934226,712.4796259253204,,,,0.7395655887800482,0.700410680752269,1.9366610338711046,0.6665277007657758,0.46353367199705653,177.18123188326322
3498,253813.62965339265,712.4796553634253,,,,0.7395655299698025,0.700410637040858,1.936660758397265,0.6665274276361781,0.4635108915497552,177.18123362455108
3499,253813.61085344022,712.479628976773,,,,0.7395655582182575,0.7004107153899904,1.9366605476222019,0.666527707746215,0.46353941655609976,177.18123188326322
3500,253813.61065795767,712.4796287024039,,,,0.7395655923704383,0.7004105333528832,1.9366619945165944,0.666527618126814,0.4635287907643496,177.1812479094593
3501,253813.60554799807,712.4796215303255,,,,0.739565568324409,0.7004106824866392,1.9366608737972066,0.6665277488740119,0.46352516554333,177.18123188326322
3502,253813.61446761305,712.4796340494413,,,,0.7395655710281434,0.7004106679312709,1.9366599694896558,0.6665277356309016,0.463531310349785,177.18123188326322
3503,253813.6114137995,712.479629763265,,,,0.7395655150625815,0.7004106957862433,1.9366602501768047,0.6665276020920387,0.4635203439518043,177.18122550343998
3504,253813.6116445988,712.4796300872032,,,,0.7395655501315496,0.7004106196664124,1.9366599380559033,0.6665279786034115,0.46352929320129754,177.18123144016556
3505,253813.61508956808,712.4796349223855,,,,0.7395655524219619,0.7004107247691161,1.9366607170959897,0.6665277309498261,0.46352846560142213,177.18123188326322
3506,253813.62895886376,712.4796543886199,,,,0.7395656704736704,0.700410682048463,1.9366605777624308,0.6665278769751887,0.46353066614416505,177.18122888215254
3507,253813.60727099603,712.4796239486374,,,,0.739565591490691,0.7004107122946712,1.9366606680744822,0.6665276874371647,0.4635413313678926,177.18122975365384
3508,253813.62715863902,712.4796518619169,,,,0.7395655729521401,0.7004107548964318,1.9366606680744822,0.6665276980159859,0.46353066614416505,177.18123188326322
3509,253813.6143449291,712.4796338772485,,,,0.7395655802250019,0.70041072187466,1.9366606680744822,0.666527803737569,0.46353066614416505,177.18123177521323
3510,253813.60321173386,712.4796182512646,,,,0.7395655429410246,0.7004106921515676,1.9366606680744822,0.6665276326740863,0.46353066614416505,177.1812663845184
3511,253813.6129807969,712.4796319626223,,,,0.7395655813944468,0.7004106921515676,1.9366606680744822,0.6665277101466773,0.46353066614416505,177.18123188326322
3512,253813.61837053945,712.4796395273894,,,,0.739565598115466,0.7004106921515676,1.9366606680744822,0.6665277760097024,0.46353066614416505,177.18124472380762
3513,253813.6167315484,712.4796372269853,,,,0.7395655813769954,0.7004106921515676,1.9366606680744822,0.6665277185583222,0.46353066614416505,177.18123188326322
3514,253813.6131628718,712.4796322181733,,,,0.7395655923260817,0.7004106921515676,1.9366606680744822,0.666527735901826,0.46353066614416505,177.18123188326322
3515,236336.4605444783,687.5121243214237,,,,0.738218239994341,0.6997856652026546,1.9374730250992827,0.6645553247069322,0.46249332720827396,173.9065612615246
3516,236336.4620357961,687.512126490575,,,,0.7382182657976101,0.6997855443477932,1.9374740366496972,0.6645552712233225,0.46249673695135896,173.9065576774939
3517,236336.4600898962,687.512123660225,,,,0.7382182400963212,0.6997858790295843,1.937472731327451,0.66455536715652,0.4624933145151132,173.90657020029875
3518,236336.47013860891,687.5121382762768,,,,0.7382181730597163,0.6997853310049824,1.937472833909974,0.6645553092482142,0.4624875142002608,173.90655676508396
3519,236336.46459953548,687.5121302195846,,,,0.738218249712523,0.6997853159781251,1.9374733488580824,0.6645554225929131,0.4625011332114795,173.9065713182374
3520,236336.46205081587,687.5121265124214,,,,0.7382182235392416,0.6997857170630726,1.9374730250992827,0.6645553170675109,0.4624930397043226,173.9065612615246
3521,236336.47236911225,687.5121415205876,,,,0.7382182524430088,0.6997856629518304,1.9374727815026205,0.6645553302562832,0.46249527571306165,173.90655922945297
3522,236336.45624123336,687.5121180622688,,,,0.738218244863978,0.6997856259801201,1.9374733912170994,0.6645553161767841,0.46248746714496775,173.9065612615246
3523,236336.47694575164,687.5121481773999,,,,0.7382181863304252,0.6997857013036284,1.937473115683853,0.6645550441240057,0.46249155053822566,173.9065514875228
3524,236336.4583441926,687.5121211210648,,,,0.7382182162212824,0.6997857042089964,1.9374729049009256,0.6645553220015382,0.46249186028193134,173.9065612615246
3525,236336.45797050107,687.5121205775228,,,,0.738218250625086,0.6997856660989367,1.9374743520827409,0.6645552351736519,0.46249599079454146,173.9065611463542
3526,236336.45299345948,687.5121133383172,,,,0.7382182238235877,0.6997856881627266,1.9374732312310812,0.6645553605085127,0.4625068486266285,173.9065612615246
3527,236336.46192067934,687.5121263231355,,,,0.738218227675703,0.6997856967025355,1.9374723272440435,0.6645553495315741,0.46249757306580686,173.9065612615246
3528,236336.45683331363,687.5121189234609,,,,0.7382181702902524,0.6997857280280945,1.9374726070747403,0.6645552159996125,0.46248213281870676,173.90655940590187
3529,236336.45951874758,687.512122829478,,,,0.7382182059845539,0.6997856338382286,1.9374722963623228,0.6645555914754038,0.4624962231182992,173.9065632733053
3530,236336.46255611192,687.5121272473848,,,,0.7382182087379803,0.6997856965051774,1.9374730742443933,0.6645553451242618,0.4624912294202514,173.9065612615246
3531,236336.47643112123,687.5121474288601,,,,0.7382183263690791,0.6997854432009296,1.9374729345254957,0.6645554897757783,0.46249332720827396,173.9065875690984
3532,236336.4553585698,687.512116778417,,,,0.7382182483977987,0.6997856488637458,1.9374730250992827,0.6645553052213525,0.4624908349498163,173.9065612615246
3533,236336.47470370185,687.5121449162942,,,,0.7382182301673434,0.699785655434396,1.9374730250992827,0.6645553135542155,0.46248902262505964,173.9065612615246
3534,236336.46190312857,687.5121262976072,,,,0.7382182369514576,0.6997845747883102,1.9374730250992827,0.6645554203799722,0.46249332720827396,173.9065571053249
3535,236336.4440909579,687.5121003894519,,,,0.7382181988864502,0.6997854636400714,1.9374730250992827,0.6645552458573087,0.46249332720827396,173.90653924096927
3536,236336.46049246067,687.512124245763,,,,0.7382182378652262,0.6997856811397414,1.9374730250992827,0.66455532443982,0.46249332720827396,173.9065612615246
3537,236336.46318844616,687.5121281671269,,,,0.7382182544226797,0.6997861567639458,1.9374730250992827,0.664555390002755,0.46249332720827396,173.90656342694513
3538,236336.46427467882,687.5121297470741,,,,0.7382182377448777,0.6997856652026546,1.9374730250992827,0.6645553326254755,0.46249332720827396,173.90657234799951
3539,236336.46068623636,687.5121245276137,,,,0.7382182482710821,0.6997856652026546,1.9374730250992827,0.6645553493758879,0.46249332720827396,173.9065612615246
3540,240268.91269216692,693.2083564011142,,,,0.7359581452737548,0.6978392598545644,1.9390209176883382,0.6620240080960762,0.46030632624969875,173.75573431236586
3541,240268.91811261463,693.2083642204767,,,,0.7359581736820097,0.6978395803063058,1.93902192649026,0.6620239553386482,0.4603063214920235,173.75573073098133
3542,240268.91102884288,693.2083540016565,,,,0.7359581445204753,0.6978394388568171,1.9390206245842676,0.6620240495616766,0.4603056207429621,173.7557432494622
3543,240268.92236123126,693.2083703493942,,,,0.7359580784828481,0.6978388775940536,1.9390207280988039,0.6620239919809164,0.4603063261404389,173.75572981614405
3544,240268.9123362654,693.2083558877018,,,,0.7359581553808916,0.6978386004715755,1.939021241735034,0.6620241051270466,0.4603079110837947,173.75574436741124
3545,240268.91428778,693.208358702894,,,,0.7359581293281277,0.6978391100316517,1.9390209176883382,0.662024002636209,0.46030632543195193,173.75573431236586
3546,240268.92460543913,693.2083735868157,,,,0.7359581590724138,0.697838309264986,1.9390206738196314,0.6620240169541639,0.4603065782411659,173.755732276655
3547,240268.90849670733,693.2083503488793,,,,0.735958148592284,0.6978393568945118,1.9390212846005999,0.6620240006301532,0.4603070323643444,173.75573431236586
3548,240268.92867030166,693.2083794506553,,,,0.7359580898419886,0.6978394580434253,1.939021008779873,0.6620237302586638,0.46031072533237777,173.75572453943278
3549,240268.91045175385,693.2083531691667,,,,0.7359581227153691,0.6978393103212778,1.9390207979633107,0.6620240041530973,0.4603071001024681,173.75573431236586
3550,240268.90974391694,693.2083521480639,,,,0.7359581572828731,0.6978392597452059,1.9390222462759705,0.6620239197585593,0.4603066355736751,173.7557341980621
3551,240268.90501514252,693.2083453264866,,,,0.735958128110466,0.6978392713973316,1.9390211246179785,0.6620240413445212,0.46030939449298086,173.75573431236586
3552,240268.91395004673,693.208358215691,,,,0.7359581338716927,0.6978392386930432,1.9390202211649368,0.662024032807537,0.460306547928053,173.75573431236586
3553,240268.90463042044,693.2083447714983,,,,0.7359580714445846,0.6978399756441129,1.93902049926582,0.6620238947842274,0.4602966415473951,173.7557324546563
3554,240268.91215295446,693.2083556232634,,,,0.7359581094579756,0.6978391690003932,1.939020191418394,0.6620242715078525,0.4603114247421412,173.75573631607696
3555,240268.91460391606,693.2083591589417,,,,0.7359581136956564,0.6978397191070743,1.9390209671082592,0.6620240296753678,0.46030522123879214,173.75573431236586
3556,240268.92849285254,693.2083791946727,,,,0.7359582293931473,0.6978390590089454,1.9390208266076874,0.6620241683083309,0.4602973933902592,173.75576062898787
3557,240268.90830215794,693.208350068229,,,,0.7359581533083509,0.6978392435047975,1.9390209176883382,0.6620239902923567,0.4603035939840742,173.75573431236586
3558,240268.9269150788,693.2083769186273,,,,0.7359581366439057,0.6978392500988819,1.9390209176883382,0.6620239982565078,0.4603126697766724,173.75573431236586
3559,240268.91414211216,693.2083584927584,,,,0.7359581424772527,0.6978381828466738,1.9390209176883382,0.6620241082596355,0.46031786587807283,173.7557301529489
3560,240268.88227494113,693.2083125222047,,,,0.7359581026843867,0.6978390607489794,1.9390209176883382,0.6620239260141888,0.4603093599213695,173.7557122867623
3561,240268.91264242498,693.2083563293581,,,,0.7359581431374805,0.6978392758887475,1.9390209176883382,0.6620240078296102,0.46030632624969875,173.75573431236586
3562,240268.91048847267,693.2083532221359,,,,0.7359581591596692,0.6978397454336809,1.9390209176883382,0.66202407267416,0.46030619684401824,173.7557364783598
3563,240268.91648810456,693.2083618770113,,,,0.7359581429097176,0.6978392598545644,1.9390209176883382,0.6620240156108449,0.46030572689715826,173.75574539886233
3564,240268.91284959577,693.2083566282159,,,,0.7359581532724366,0.6978392598545644,1.9390209176883382,0.6620240324451131,0.46030632624969875,173.75573431236586
3565,451100.3297499463,949.8424393023782,,,,0.7362281633551394,0.6953457129765385,1.9403773160921436,0.6676050585255435,0.4585958617543404,438.40817087989313
3566,233253.13878335152,683.0126481747634,,,,0.7355633073169047,0.6972119714134639,1.9393590965136414,0.6616341472796621,0.45957306252157654,173.71987238490445
3567,233253.1405873831,683.0126508160491,,,,0.735563335971122,0.6972122849043729,1.9393601046344888,0.6616340942257146,0.4595735400207289,173.71986880409497
3568,233253.13829183325,683.0126474551306,,,,0.7355633063930935,0.6972121491502548,1.9393588036035998,0.6616341886246173,0.4595742695676445,173.71988132165137
3569,233253.1484936287,683.0126623915966,,,,0.7355632416069294,0.6972115924661908,1.9393589072614346,0.6616341333741146,0.4595727964720543,173.7198678887435
3570,233253.1424548519,683.0126535502135,,,,0.7355633181938767,0.6972113139643543,1.9393594205865374,0.6616342454368093,0.45957306252157654,173.71988243956912
3571,233253.14040259694,683.0126505455033,,,,0.7355632916770434,0.6972118259989708,1.9393590965136414,0.6616341423976917,0.45957306252157654,173.71987238490445
3572,233253.15072388027,683.0126656569118,,,,0.7355633214042947,0.6972110122386391,1.9393588525775198,0.661634157007296,0.45957306252157654,173.71987034832085
3573,233253.13461065176,683.0126420655062,,,,0.7355633109051524,0.69721206804112,1.9393594634756168,0.6616341410110538,0.45957117364016997,173.71987238490445
3574,233253.15541622107,683.012672526976,,,,0.7355632518977232,0.697212167287945,1.939359187677353,0.661633870889186,0.4595697106348643,173.7198626122555
3575,233253.1365445308,683.0126448969021,,,,0.7355632855602972,0.6972120217819077,1.93935897688251,0.6616341431822869,0.45957306252157654,173.71987238490445
3576,233253.1358737276,683.0126439147778,,,,0.7355633196829583,0.6972119712997699,1.9393604251929015,0.6616340597835947,0.4595683515287219,173.71987227079748
3577,233253.13108761155,683.0126369074171,,,,0.7355632900433038,0.6972119829647723,1.939359303624312,0.6616341799158656,0.45957306252157654,173.71987238490445
3578,233253.14001043697,683.0126499713413,,,,0.7355632961621797,0.6972119502422176,1.9393584002115807,0.6616341718523465,0.45957306252157654,173.71987238490445
3579,233253.13511294517,683.0126428009152,,,,0.7355632323404026,0.6972126804764173,1.9393586781157877,0.6616340315008294,0.45957534211597206,173.7198705266989
3580,233253.13811813673,683.0126472008213,,,,0.7355632711321957,0.6972118790430439,1.9393583706368023,0.6616344101385827,0.4595694239336058,173.71987438681964
3581,233253.1406782288,683.0126509490563,,,,0.7355632757285994,0.6972124261852508,1.9393591460035482,0.6616341690026879,0.45957306252157654,173.71987238490445
3582,233253.15446502063,683.0126711343217,,,,0.7355633907666912,0.6972117729235143,1.9393590053608405,0.6616343064406072,0.4595604452033013,173.71989870367497
3583,233253.1338160163,683.0126409020792,,,,0.7355633149124228,0.6972119550594624,1.9393590965136414,0.6616341292486583,0.45957306252157654,173.71987238490445
3584,233253.15301882205,683.0126690169399,,,,0.7355632983414457,0.69721196166284,1.9393590965136414,0.6616341367964594,0.45957233986615736,173.71987238490445
3585,233253.14003190654,683.0126500027749,,,,0.7355633043926977,0.6972109096532131,1.9393590965136414,0.6616342485613618,0.45957439062333205,173.71986822470984
3586,233253.12102635938,683.01262217672,,,,0.73556326578962,0.6972117745781463,1.9393590965136414,0.6616340688219184,0.459581359774791,173.71985035812284
3587,233253.13873419364,683.0126481027912,,,,0.7355633051778522,0.6972119874702016,1.9393590965136414,0.6616341470135355,0.45957306252157654,173.71987238490445
3588,233253.14086726663,683.012651225827,,,,0.7355633216072036,0.6972124505305419,1.9393590965136414,0.6616342129753063,0.4595793494456054,173.71987455101973
3589,233253.14259475644,683.0126537550477,,,,0.735563304938699,0.6972119714134639,1.9393590965136414,0.6616341546788083,0.4595664474125576,173.7198834714295
3590,233253.13894214074,683.012648407247,,,,0.7355633153433865,0.6972119714134639,1.9393590965136414,0.661634171753866,0.45957306252157654,173.71987238490445
3591,231424.33098221535,680.3298185177766,,,,0.7352512262591018,0.6968788396998371,1.9395378962833094,0.6611921922290069,0.45947683145470036,173.7009396406046
3592,231424.33319704857,680.3298217733052,,,,0.7352512551465736,0.6968791508705313,1.9395389040991124,0.6611921395447444,0.45947682475105966,173.70093606008433
3593,231424.3303083995,680.3298175273511,,,,0.7352512250171473,0.6968790170157748,1.93953760347884,0.6611922329249564,0.4594753985709928,173.7009485771742
3594,231424.34068372112,680.32983277778,,,,0.7352511606551149,0.6968784609892149,1.9395377072233666,0.6611921778711306,0.4594884038699196,173.7009351444848
3595,231424.33415196527,680.3298231769137,,,,0.7352512369991427,0.6968781824788565,1.939538220384321,0.6611922901030929,0.459469383063603,173.7009496950782
3596,231424.33261475043,680.3298209173997,,,,0.7352512105618805,0.6968786958907995,1.9395378962833094,0.6611921872930152,0.45948436605054915,173.7009396406046
3597,231424.3429229432,680.3298360691575,,,,0.735251240467807,0.6968778780693554,1.9395376523032917,0.6611922024568335,0.4594711590122617,173.7009376035571
3598,231424.32681776534,680.3298123965543,,,,0.7352512298608339,0.6968789361762382,1.9395382633787275,0.6611921862987707,0.45947561359124706,173.7009396406046
3599,231424.3475412807,680.3298428575372,,,,0.7352511706069631,0.6968790347611968,1.939537987480394,0.6611919159079277,0.45949782362420055,173.70092986810283
3600,231424.32873647052,680.3298152168117,,,,0.7352512044133622,0.6968788900295637,1.9395377767071489,0.6611921878459744,0.45948065565078733,173.7009396406046
3601,231424.32797473285,680.3298140971523,,,,0.7352512386389144,0.6968788395844725,1.939539225284783,0.6611921045005985,0.45947133476101565,173.70093952660457
3602,231424.32327164375,680.3298071841975,,,,0.7352512088564859,0.6968788512529778,1.9395381034968695,0.661192224753023,0.45947683145470036,173.7009396406046
3603,231424.33219661028,680.3298203027857,,,,0.7352512152133865,0.6968788185177841,1.9395372000850024,0.6611922167247938,0.45947683145470036,173.7009396406046
3604,231424.32676982955,680.3298123260946,,,,0.7352511510492019,0.6968795470561504,1.9395374777993313,0.661192076454916,0.45948913898805044,173.7009377821335
3605,231424.33039307463,680.3298176518133,,,,0.7352511898570447,0.6968787476230063,1.9395371706449003,0.6611924543743656,0.4594746214959313,173.70094164156205
3606,231424.33286834168,680.3298212901468,,,,0.7352511946276595,0.6968792924499558,1.9395379458097297,0.661192213968207,0.4594702495324223,173.7009396406046
3607,231424.34668611662,680.3298416005529,,,,0.7352513098217387,0.6968786415378998,1.9395378050971541,0.6611923517719033,0.45948079872265307,173.70096596054677
3608,231424.32614253182,680.3298114040451,,,,0.7352512336759419,0.6968788233437517,1.9395378962833094,0.6611921741613641,0.45947561359124706,173.7009396406046
3609,231424.34522755683,680.329839456652,,,,0.7352512169726024,0.6968788299516703,1.9395378962833094,0.6611921812433897,0.45947683620227586,173.7009396406046
3610,231424.33227536664,680.3298204185477,,,,0.7352512233953489,0.6968777812719643,1.9395378962833094,0.6611922940266265,0.45948502386757495,173.7009354799959
3611,231424.31134501178,680.3297896535352,,,,0.7352511838537128,0.6968786437726756,1.9395378962833094,0.6611921118538138,0.45947683145470036,173.7009176131802
3612,231424.3309332335,680.3298184457794,,,,0.7352512241183122,0.6968788557704345,1.9395378962833094,0.6611921919627983,0.45947683145470036,173.7009396406046
3613,231424.33233265285,680.3298205027512,,,,0.7352512395682727,0.6968793173163204,1.9395378962833094,0.661192254883204,0.45947683145470036,173.70094180678487
3614,231424.3347997032,680.3298241290078,,,,0.7352512238660662,0.6968788396998371,1.9395378962833094,0.661192199548687,0.45947683145470036,173.70095072714685
3615,231424.33114633115,680.3298187590063,,,,0.7352512342637567,0.6968788396998371,1.9395378962833094,0.6611922166377061,0.45947683145470036,173.7009396406046
3616,230446.3630200428,678.8908056823908,,,,0.7346349401086242,0.6962164085998779,1.9399014022213454,0.6603349116737042,0.4591534566635872,173.6631589420162
3617,230446.36619143153,678.8908103538173,,,,0.7346349691114448,0.6962167147100338,1.9399024093796104,0.6603348584555409,0.4591542840347095,173.663155362128
3618,230446.36201842106,678.8908042070108,,,,0.7346349381789027,0.6962165849677605,1.9399011096763743,0.6603349514155982,0.45913842165763985,173.66316787819298
3619,230446.37274248805,678.8908200034641,,,,0.7346348747361622,0.6962160320484704,1.9399012134819484,0.6603348970902297,0.45914811708352915,173.66315444596205
3620,230446.36497068248,678.8908085556652,,,,0.734634950980936,0.6962157524451855,1.9399017263643983,0.6603350094930168,0.4591552532907127,173.66316899607344
3621,230446.3646763746,678.8908081221523,,,,0.7346349246251288,0.6962162666999205,1.9399014022213454,0.6603349072078105,0.4591501650044697,173.6631589420162
3622,230446.3749808662,678.8908233005748,,,,0.7346349547727489,0.6962154432309982,1.9399011581542127,0.660334923185071,0.4591307711746757,173.66315690404033
3623,230446.3588766104,678.8907995791521,,,,0.7346349433986623,0.6962165047641813,1.9399017694637941,0.6603349060679705,0.4591534566635872,173.6631589420162
3624,230446.37946234044,678.8908299017457,,,,0.7346348839700421,0.6962166021138934,1.939901493500901,0.6603346360797898,0.4591450311843016,173.66314916979334
3625,230446.3607633955,678.8908023583696,,,,0.7346349184220914,0.6962164588466556,1.93990128276034,0.6603349068727031,0.4591534566635872,173.6631589420162
3626,230446.359932145,678.8908011339455,,,,0.734634953025434,0.696216408480913,1.9399027315788837,0.6603348246503622,0.45917040181690716,173.6631588282296
3627,230446.35528303363,678.8907942858461,,,,0.734634922665026,0.696216420162572,1.9399016096333983,0.6603349442462997,0.4591524869725709,173.6631589420162
3628,230446.36420736217,678.8908074313014,,,,0.7346349293323273,0.6962163874084556,1.9399007061929243,0.6603349359350578,0.45914542914583073,173.6631589420162
3629,230446.35769372305,678.8907978367699,,,,0.7346348646599166,0.696217108214654,1.9399009836689272,0.6603347961247357,0.4591272292935787,173.663157083015
3630,230446.362561421,678.890805006845,,,,0.7346349035136474,0.6962163156816503,1.9399006769548464,0.6603351731715205,0.4591772513417725,173.66316094100807
3631,230446.3648849452,678.8908084293748,,,,0.7346349083202748,0.6962168573068863,1.9399014518213777,0.6603349333166326,0.45914490955803944,173.6631589420162
3632,230446.37870198966,678.8908287817559,,,,0.7346350236385206,0.6962162111329893,1.9399013109527536,0.660335071240791,0.4591540768336085,173.66318526421452
3633,230446.35839756523,678.8907988735231,,,,0.7346349471572102,0.6962163922410018,1.9399014022213454,0.6603348933938615,0.4591534566635872,173.6631589420162
3634,230446.37727880056,678.8908266854112,,,,0.7346349307286126,0.6962163988554116,1.9399014022213454,0.660334900422098,0.45913378866168775,173.6631589420162
3635,230446.36433930122,678.8908076256463,,,,0.7346349371132301,0.696215352921344,1.9399014022213454,0.6603350138893771,0.4591533448886207,173.66315478058837
3636,230446.33980232655,678.8907714829044,,,,0.7346348972111971,0.6962162133869563,1.9399014022213454,0.66033483066201,0.4591534566635872,173.66313691332044
3637,230446.36297162474,678.8908056110714,,,,0.7346349379658076,0.6962164246993554,1.9399014022213454,0.6603349114077068,0.4591534566635872,173.6631589420162
3638,230446.3630891683,678.8908057842119,,,,0.7346349531786097,0.6962168848578081,1.9399014022213454,0.6603349738335607,0.4591534566635872,173.66316110833708
3639,230446.36685253153,678.8908113276119,,,,0.7346349377002843,0.6962164085998779,1.9399014022213454,0.6603349188726816,0.4591534566635872,173.66317002856732
3640,230446.36318630478,678.8908059272931,,,,0.7346349480450646,0.6962164085998779,1.9399014022213454,0.6603349359566827,0.4591534566635872,173.6631589420162
3641,239964.44156155275,692.7689969413361,,,,0.7337155728241662,0.694891860575727,1.940617696112001,0.6596850158702454,0.4581801725294583,173.58699382145656
3642,239964.446987119,692.7690047730468,,,,0.7337156021779057,0.6948921585572496,1.9406187020001233,0.659684962517651,0.45818266473480623,173.5869902428708
3643,239964.43998047372,692.7689946590765,,,,0.7337155704411026,0.6948920349732265,1.940617403943063,0.6596850544723228,0.4581816022879785,173.58700275682776
3644,239964.45131641554,692.7690110223109,,,,0.7337155079667174,0.6948914883906427,1.9406175081263461,0.6596850016801823,0.45818495331834663,173.58698932551698
3645,239964.44101863715,692.768996157647,,,,0.7337155840078231,0.6948912061364917,1.9406180203518841,0.6596851128973608,0.45818607233416636,173.58700387466524
3646,239964.44326282985,692.7689993971002,,,,0.7337155569182005,0.6948917215407846,1.940617696112001,0.6596850111177234,0.4581802918918478,173.58699382145656
3647,239964.45356788335,692.7690142722654,,,,0.7337155886142226,0.694890890192605,1.9406174518790686,0.6596850303104808,0.4581804627731489,173.5869917816161
3648,239964.4374675321,692.7689910316886,,,,0.7337155750969978,0.6948919560721813,1.9406180637208608,0.6596850107211696,0.458180687121683,173.58699382145656
3649,239964.4577662184,692.7690203324892,,,,0.7337155149758262,0.6948920511121979,1.9406177876130124,0.6596847399689517,0.45819597451605837,173.58698404979003
3650,239964.43928671436,692.7689936576467,,,,0.7337155524825608,0.6948919106683109,1.9406175768869651,0.6596850111967404,0.4581782952622752,173.58699382145656
3651,239964.4383172401,692.7689922582279,,,,0.7337155875252875,0.6948918604502553,1.9406190262826992,0.6596849310949263,0.45818189724668396,173.5869937080904
3652,239964.43376977963,692.7689856940472,,,,0.7337155549375264,0.6948918721491496,1.9406179039140865,0.6596850473290797,0.45818145952207956,173.58699382145656
3653,239964.44268982552,692.7689985699785,,,,0.7337155623840341,0.6948918393765715,1.9406170005729213,0.6596850393936942,0.4581801725294583,173.58699382145656
3654,239964.43395401337,692.7689859599858,,,,0.7337154966191201,0.694892544283865,1.9406172773694894,0.6596849000861323,0.458164205631228,173.586991961394
3655,239964.44130851116,692.7689965760754,,,,0.7337155357047276,0.6948917661475698,1.9406169718252093,0.6596852757440272,0.4581758274850348,173.5869958165417
3656,239964.4433820643,692.768999569213,,,,0.733715540392958,0.6948923012670225,1.9406177458629847,0.659685036744687,0.4581801725294583,173.58699382145656
3657,239964.4571990541,692.7690195137975,,,,0.7337156559793552,0.6948916642088725,1.9406176046220212,0.6596851756808086,0.4581824405387154,173.5870201480964
3658,239964.43728714396,692.7689907713016,,,,0.7337155798916704,0.6948918442123635,1.940617696112001,0.6596849986605955,0.4581801739568496,173.58699382145656
3659,239964.45584901437,692.7690175650383,,,,0.7337155636229792,0.6948918508394628,1.940617696112001,0.6596850047275731,0.45817948393500707,173.58699382145656
3660,239964.4429287385,692.7689989148453,,,,0.7337155695050369,0.6948908098503526,1.940617696112001,0.6596851189536515,0.458185546140404,173.5869896583775
3661,239964.41102615604,692.7689528640209,,,,0.733715528360283,0.6948916667391567,1.940617696112001,0.6596849321556105,0.45817642816084964,173.58697179028786
3662,239964.44151419803,692.7689968729804,,,,0.7337155706773273,0.694891876749923,1.940617696112001,0.659685015604646,0.4581801725294583,173.58699382145656
3663,239964.43924920875,692.768993603508,,,,0.7337155854423769,0.6948923343979202,1.940617696112001,0.6596850771554058,0.4581780670098471,173.5869959880584
3664,239964.44542347587,692.769002515955,,,,0.7337155704421107,0.694891860575727,1.940617696112001,0.6596850231167054,0.4581801725294583,173.58700490802326
3665,239964.44173514325,692.7689971919111,,,,0.733715580852754,0.694891860575727,1.940617696112001,0.6596850405148708,0.4581801725294583,173.58699382145656
3666,232320.70944251408,681.6461097116509,,,,0.7333284435929741,0.6942887939277627,1.940937655292244,0.6592562399210798,0.4577483167032579,173.55142149829723
3667,232320.7111945519,681.6461122819552,,,,0.7333284733639275,0.6942890850667714,1.9409386605966192,0.6592561863620028,0.45774859103421556,173.55141792028095
3668,232320.709017621,681.646109088317,,,,0.733328440732474,0.6942889671151002,1.9409373633336895,0.659256278089184,0.45774834061238034,173.55143043332797
3669,232320.7192232307,681.6461240603229,,,,0.7333283788509107,0.6942884260535855,1.9409374676610003,0.6592562258414915,0.4577483854559068,173.5514170024162
3670,232320.71296364404,681.6461148772786,,,,0.7333284552826079,0.6942881436257866,1.9409379795683048,0.6592563378336046,0.4577483206807712,173.55143155112086
3671,232320.71116299744,681.6461122356636,,,,0.7333284268033702,0.6942886559376715,1.940937655292244,0.6592562341475203,0.4577483167032579,173.55142149829723
3672,232320.721471167,681.6461273581282,,,,0.7333284603759357,0.6942878207769958,1.9409374110156434,0.6592562564335277,0.45774841276122596,173.5514194575819
3673,232320.7053708185,681.6461037383232,,,,0.7333284454100562,0.6942888890473997,1.9409380231051605,0.6592562350288854,0.4577483167032579,173.55142149829723
3674,232320.72629321003,681.6461344322437,,,,0.7333283855203825,0.6942889829590044,1.940937746847256,0.6592559656675135,0.4577481050828708,173.55141172691418
3675,232320.70716335165,681.6461063680354,,,,0.7333284244390611,0.6942888439577765,1.9409375361541734,0.6592562360906521,0.4577483167032579,173.55142149829723
3676,232320.70618484815,681.6461049325347,,,,0.7333284589951506,0.6942887937990317,1.9409389860310358,0.6592561568393379,0.4577522282042015,173.55142138512116
3677,232320.70162779972,681.6460982471763,,,,0.7333284253952699,0.6942888055003802,1.9409378632779044,0.659256270414895,0.4577483167032579,173.55142149829723
3678,232320.71054298893,681.646111326088,,,,0.733328433220203,0.6942887727215717,1.94093695984573,0.6592562629664244,0.4577483167032579,173.55142149829723
3679,232320.7062755728,681.6461050656314,,,,0.7333283677245407,0.6942894675863556,1.9409372364238722,0.659256125120622,0.4577425292004116,173.55141963773988
3680,232320.7090449265,681.6461091283753,,,,0.7333284057205994,0.6942886976589917,1.9409369312990372,0.65925649709556,0.45774960199621717,173.55142349164075
3681,232320.71124514073,681.6461123561705,,,,0.7333284111468522,0.6942892307073742,1.9409377051149688,0.6592562607062246,0.4577483167032579,173.55142149829723
3682,232320.72497730353,681.6461325017601,,,,0.7333285263286635,0.6942885989339633,1.940937563748295,0.6592563996124274,0.45774400764570095,173.55144782701623
3683,232320.70459407894,681.6461025988176,,,,0.7333284505798335,0.6942887775614514,1.940937655292244,0.6592562228133215,0.4577483167032579,173.55142149829723
3684,232320.7237413458,681.6461306885643,,,,0.7333284344372567,0.6942887841979051,1.940937655292244,0.6592562287228839,0.45774831402431154,173.55142149829723
3685,232320.71061289634,681.6461114286452,,,,0.7333284400467149,0.6942877510579611,1.940937655292244,0.6592563432826273,0.4577851697442713,173.55141733443853
3686,232320.6916343854,681.6460835864683,,,,0.7333283994558066,0.6942886010000553,1.940937655292244,0.6592561577611175,0.45776274507287285,173.5513994659837
3687,232320.70939558043,681.6461096427975,,,,0.7333284414438948,0.6942888101373073,1.940937655292244,0.6592562396559729,0.4577483167032579,173.55142149829723
3688,232320.7113864865,681.6461125635302,,,,0.7333284563013038,0.6942892643354959,1.940937655292244,0.6592563015711003,0.45774664787857633,173.5514236650192
3689,232320.71331885018,681.6461153983789,,,,0.7333284412175325,0.6942887939277627,1.940937655292244,0.6592562471384161,0.4577483167032579,173.55143258489025
3690,232320.70960175197,681.6461099452588,,,,0.733328451802873,0.6942887939277627,1.940937655292244,0.6592562652239551,0.4577483167032579,173.55142149829723
3691,230521.4479442762,679.0013960873366,,,,0.7330240724450494,0.693962438372572,1.941113018180695,0.658821195616766,0.4574670176736878,173.5321216762798
3692,230521.4501363189,679.0013993156697,,,,0.7330241022661381,0.6939627286740974,1.9411140231423671,0.6588211413399133,0.4574688439620816,173.5321180985825
3693,230521.44733739152,679.0013951935468,,,,0.7330240690789993,0.6939626113041764,1.941112726363329,0.658821233049594,0.4574628188222859,173.5321306111167
3694,230521.45772890322,679.0014104976561,,,,0.7330240079646549,0.6939620712946188,1.9411128306762964,0.6588211818872701,0.45746724117750187,173.53211718042982
3695,230521.45094992785,679.0014005139129,,,,0.7330240843008428,0.6939617869547179,1.941113342478333,0.658821293497313,0.4574689625197491,173.53213172889258
3696,230521.4496773442,679.0013986397142,,,,0.7330240554320614,0.6939623012025931,1.941113018180695,0.6588211897406707,0.4574670176736878,173.5321216762798
3697,230521.4599766189,679.0014138079814,,,,0.7330240896524954,0.693961464213332,1.9411127738536742,0.6588212129891281,0.45746050523442433,173.5321196350899
3698,230521.44388454835,679.0013901083681,,,,0.7330240740852586,0.6939625333317216,1.9411133860140997,0.6588211909346614,0.45746528576611467,173.5321216762798
3699,230521.4647266889,679.0014208036517,,,,0.7330240138186511,0.6939626266491319,1.9411131097908996,0.6588209213639772,0.45748144324897233,173.53211190504203
3700,230521.44565718275,679.0013927190174,,,,0.7330240535991703,0.6939624883701773,1.9411128991001858,0.6588211919185972,0.4574730828306897,173.5321216762798
3701,230521.44462330206,679.0013911963686,,,,0.7330240881492709,0.6939624382434362,1.9411143489300218,0.6588211132437056,0.4574672122084654,173.53212156320757
3702,230521.44011677062,679.0013845593695,,,,0.7330240543755976,0.6939624499458256,1.9411132262638542,0.658821226605319,0.457457136430946,173.5321216762798
3703,230521.44903229387,679.0013976897159,,,,0.7330240620640706,0.6939624171653164,1.9411123228539091,0.6588212185209094,0.4574740347066724,173.5321216762798
3704,230521.4442152223,679.0013905953689,,,,0.7330239974751871,0.6939631098252805,1.9411125993272647,0.6588210819226974,0.457474298550294,173.53211981545303
3705,230521.4476171804,679.001395605606,,,,0.7330240347990805,0.6939623424133998,1.9411122943937322,0.6588214527541872,0.45746196396045646,173.53212366866495
3706,230521.4497357574,679.0013987257424,,,,0.7330240399012243,0.6939628731668048,1.941113068040971,0.6588212162509834,0.4574672209866847,173.5321216762798
3707,230521.46349266655,679.0014189862442,,,,0.7330241553128719,0.6939622428157527,1.9411129265815692,0.6588213553433386,0.4574670176736878,173.532148006116
3708,230521.44322361014,679.001389134971,,,,0.7330240793983176,0.6939624220071594,1.941113018180695,0.6588211786835678,0.4574704482938229,173.5321216762798
3709,230521.4622479836,679.0014171531358,,,,0.7330240633660995,0.6939624286436881,1.941113018180695,0.6588211844732137,0.45746115870535486,173.5321216762798
3710,230521.4491525404,679.001397866809,,,,0.7330240688358355,0.6939613958705575,1.941113018180695,0.6588212990093338,0.4574670176736878,173.53211751199888
3711,230521.42821462732,679.0013670304754,,,,0.7330240276084057,0.6939622457879397,1.941113018180695,0.6588211124638826,0.4574670176736878,173.5320996433509
3712,230521.4478976158,679.0013960186175,,,,0.7330240702951251,0.6939624546054999,1.941113018180695,0.6588211953515578,0.4574670176736878,173.5321216762798
3713,230521.44916058017,679.0013978786496,,,,0.7330240848453217,0.6939629085470351,1.941113018180695,0.6588212567881108,0.45746606577508203,173.53212384307014
3714,230521.451827611,679.0014018065217,,,,0.7330240700651762,0.693962438372572,1.941113018180695,0.6588212027624851,0.4574670176736878,173.5321327628809
3715,230521.44811818877,679.0013963434665,,,,0.7330240805914936,0.693962438372572,1.941113018180695,0.6588212206708244,0.4574670176736878,173.5321216762798
3716,229764.19536960396,677.8852341947035,,,,0.7324245837579808,0.6933076128198097,1.941454780434234,0.6579794003761095,0.4569818582085052,173.49347741989993
3717,229764.19855158584,677.8852388886866,,,,0.7324246137029118,0.6933079012633107,1.9414557847529306,0.6579793454000922,0.456980904441474,173.4934738428587
3718,229764.1944283069,677.8852328061247,,,,0.73242458014508,0.6933077849969119,1.941454488850398,0.6579794371048961,0.4569759364998583,173.4934863543345
3719,229764.2051745357,677.8852486587028,,,,0.7324245196982735,0.6933072474679115,1.9414545932522247,0.6579793875734946,0.45698118339360017,173.49347292410883
3720,229764.1972630475,677.8852369878658,,,,0.7324245960605487,0.6933069600903081,1.941455104777168,0.6579794982683806,0.45697915748648665,173.49348747208265
3721,229764.1971210294,677.8852367783642,,,,0.732424567023388,0.6933074770611879,1.941454780434234,0.6579793948512305,0.4569826048529825,173.49347741989993
3722,229764.2074231092,677.8852519757445,,,,0.7324246016510332,0.6933066366472143,1.9414545360237663,0.6579794191850928,0.45697745214011765,173.49347537775932
3723,229764.19133321225,677.8852282403154,,,,0.7324245850999213,0.6933077074327068,1.9414551484060922,0.6579793960249667,0.4569813147788822,173.49347741989993
3724,229764.2120263124,677.8852587662785,,,,0.7324245245175203,0.6933077995406463,1.9414548721510283,0.6579791269626015,0.4569818582085052,173.4934676489434
3725,229764.1930716072,677.885230804754,,,,0.7324245656655319,0.6933076627435832,1.941454661468641,0.6579793967540093,0.456968860421075,173.49347741989993
3726,229764.19195440618,677.8852291566857,,,,0.7324246000340028,0.6933076126887128,1.9414561114951687,0.6579793193620432,0.4569761173502698,173.49347730703641
3727,229764.18751646724,677.8852226099449,,,,0.7324245655634294,0.6933076243939551,1.9414549887119426,0.6579794310784406,0.4569818582085052,173.49347741989993
3728,229764.19642938577,677.885235758068,,,,0.7324245734279631,0.6933075916102576,1.9414540853136573,0.6579794231044015,0.4569822250630686,173.49347741989993
3729,229764.190496751,677.8852270063877,,,,0.7324245097103788,0.6933082763126752,1.9414543615232172,0.6579792878830458,0.4569762334673008,173.4934755585336
3730,229764.19517379548,677.8852339058515,,,,0.7324245463413055,0.6933075161729763,1.9414540570655963,0.6579796569660248,0.45698382152302885,173.49347941034668
3731,229764.1971380305,677.8852368034436,,,,0.7324245508944158,0.6933080435562963,1.9414548303707089,0.6579794205388702,0.4569857922951684,173.49347741989993
3732,229764.2108941123,677.8852570960845,,,,0.7324246668291678,0.6933074168422095,1.9414546887285564,0.6579795602549938,0.456970506191572,173.49350375194888
3733,229764.1908708595,677.8852275582639,,,,0.7324245906034014,0.6933075964551192,1.941454780434234,0.6579793835458575,0.4569871462237423,173.49347741989993
3734,229764.20968389255,677.8852553107977,,,,0.7324245748400171,0.6933076030933882,1.941454780434234,0.6579793892575775,0.45697844855140185,173.49347741989993
3735,229764.19660513313,677.8852360173261,,,,0.7324245800094115,0.6933065682752102,1.941454780434234,0.6579795041184497,0.4569818582085052,173.49347325477464
3736,229764.17195271913,677.8851996506769,,,,0.7324245385130044,0.6933074200832522,1.941454780434234,0.6579793169746913,0.4569818582085052,173.49345538574778
3737,229764.1953235086,677.8852341267049,,,,0.7324245816065356,0.6933076290977498,1.941454780434234,0.6579794001110677,0.4569818582085052,173.49347741989993
3738,229764.1952781146,677.8852340597405,,,,0.732424596087005,0.6933080836509145,1.941454780434234,0.6579794616883662,0.4569818582085052,173.49347958683146
3739,229764.19926691006,677.8852399439156,,,,0.7324245813807079,0.6933076128198097,1.941454780434234,0.6579794074417988,0.4569818582085052,173.49348850650873
3740,229764.1955494061,677.8852344599433,,,,0.7324245917996237,0.6933076128198097,1.941454780434234,0.6579794252040028,0.4569818582085052,173.49347741989993
3741,240370.73364046705,693.3552244563634,,,,0.7315866975866968,0.6920005200656634,1.9421190989693513,0.6575251074568134,0.45604681226124316,173.41611965125406
3742,240370.73915634895,693.355232411711,,,,0.7315867285941698,0.6920008002835054,1.942120102106757,0.657525053917814,0.45604670263013913,173.4161160755088
3743,240370.73209228565,693.3552222234798,,,,0.7315866933127091,0.6920006901851417,1.94211880772873,0.6575251441061333,0.4560480937712327,173.41612858490822
3744,240370.74348019093,693.3552386478245,,,,0.7315866341552083,0.6920001612724097,1.9421189125354281,0.6575250956391319,0.45604729329382154,173.41611515557543
3745,240370.73295743944,693.3552234712583,,,,0.7315867106585399,0.6919998691181497,1.9421194234048686,0.6575252051510049,0.4560467772218264,173.41612970257088
3746,240370.73543394072,693.3552270430226,,,,0.7315866806800484,0.6920003872241429,1.9421190989693513,0.6575251023103013,0.4560466674018301,173.41611965125406
3747,240370.74573951712,693.3552419063651,,,,0.7315867165229415,0.6919995394556063,1.9421188544127532,0.6575251281983245,0.4560534889128425,173.4161176072044
3748,240370.72964958407,693.3552187004639,,,,0.731586698302911,0.6920006139217343,1.942119467359683,0.6575251037545266,0.45604671491526827,173.41611965125406
3749,240370.75004148227,693.3552481109266,,,,0.7315866359404697,0.692000703513843,1.9421191909059001,0.6575248314880239,0.45604681226124316,173.41610988088536
3750,240370.73132352784,693.3552211147296,,,,0.7315866806429207,0.6920005698503016,1.9421189802264434,0.6575251033642919,0.4560588040423198,173.41611965125406
3751,240370.73006507868,693.3552192997162,,,,0.7315867137035081,0.6920005199299193,1.9421204310031863,0.6575250246155516,0.4560634167353881,173.41611953879902
3752,240370.72573706543,693.3552130575864,,,,0.7315866793754489,0.6920005316265309,1.942119307637039,0.6575251379870476,0.45604681226124316,173.41611965125406
3753,240370.734644437,693.3552259043512,,,,0.7315866874963812,0.6920004988496824,1.942118404297326,0.6575251300275962,0.45603948885569784,173.41611965125406
3754,240370.72643499833,693.3552140641887,,,,0.7315866242757912,0.692001165139233,1.942118679817366,0.6575249961338295,0.45603936260556366,173.41611778880963
3755,240370.73364007767,693.3552244558017,,,,0.7315866600832427,0.6920004209432201,1.94211837655003,0.6575253624024718,0.4560350562394861,173.4161216379062
3756,240370.73536133507,693.3552269383063,,,,0.731586664114178,0.6920009425245683,1.9421191490624568,0.657525126666446,0.456039778224733,173.41611965125406
3757,240370.74912147154,693.3552467840298,,,,0.7315867801689335,0.692000324762808,1.942119007043996,0.6575252670062638,0.45604681226124316,173.41614598768575
3758,240370.72948985823,693.3552184700973,,,,0.7315867047465681,0.6920005037016634,1.9421190989693513,0.6575250919729749,0.45603895302679576,173.41611965125406
3759,240370.7479777158,693.3552451344343,,,,0.731586688803828,0.6920005103480182,1.9421190989693513,0.6575250961254533,0.45604794187745457,173.41611965125406
3760,240370.73492483678,693.3552263087611,,,,0.7315866943422199,0.6919994799527862,1.9421190989693513,0.6575252142943084,0.45604681226124316,173.416115484431
3761,240370.70271606985,693.355179855274,,,,0.7315866516622112,0.6920003280009364,1.9421190989693513,0.6575250222609217,0.45604681226124316,173.41609761468385
3762,240370.73359539203,693.3552243913534,,,,0.7315866954321485,0.6920005364547319,1.9421190989693513,0.6575251071923736,0.45604681226124316,173.41611965125406
3763,240370.7311184433,693.355220818944,,,,0.7315867094545596,0.6920009886936113,1.9421190989693513,0.6575251679925844,0.45604681226124316,173.41612181845778
3764,240370.73756552278,693.3552301173225,,,,0.7315866952406086,0.6920005200656634,1.9421190989693513,0.6575251144857549,0.45604681226124316,173.4161307378912
3765,240370.73382485943,693.3552247223055,,,,0.7315867055602542,0.6920005200656634,1.9421190989693513,0.6575251322088249,0.45604681226124316,173.41611965125406
3766,231128.38691662834,679.8946784857612,,,,0.7311782390665322,0.69141212654746,1.9424098525023408,0.6569588298698281,0.4557267617497266,173.3805181671042
3767,231128.388696819,679.8946811040943,,,,0.7311782707603377,0.6914124006279527,1.9424108551143704,0.65695877646662,0.45572592527394473,173.38051459194043
3768,231128.38653239954,679.8946779206315,,,,0.7311782347304309,0.6914122952432357,1.9424095614588777,0.6569588663771588,0.45572747977866374,173.3805271004081
3769,231128.39678089097,679.8946929942767,,,,0.7311781756423696,0.6914117714564798,1.9424096664160129,0.6569588177775885,0.45572676253085675,173.38051367148483
3770,231128.3903690357,679.8946835636174,,,,0.7311782523826108,0.6914114811124215,1.9424101769640658,0.6569589283345256,0.455725513661159,173.38052821803916
3771,231128.38872845235,679.894681150621,,,,0.7311782218420281,0.6914119951736017,1.9424098525023408,0.6569588249839777,0.4557267617497266,173.3805181671042
3772,231128.39904039988,679.8946963175986,,,,0.7311782583086125,0.691411142989593,1.942409607880837,0.6569588513374958,0.4557267617497266,173.380516122176
3773,231128.3829482209,679.8946726489639,,,,0.7311782394312945,0.6914122199641087,1.9424102211096923,0.65695882662063,0.4557267617497266,173.3805181671042
3774,231128.40397121533,679.894703569921,,,,0.7311781765579394,0.6914123082885919,1.9424099445012626,0.6569585534228056,0.4557402503979646,173.38050839699866
3775,231128.38460118134,679.8946750801646,,,,0.7311782229632945,0.6914121762734851,1.94240973385212,0.6569588261230067,0.4557267617497266,173.3805181671042
3776,231128.383336295,679.8946732197496,,,,0.7311782560770804,0.6914121264090403,1.9424111851164376,0.6569587484321086,0.45574197033074293,173.38051805483667
3777,231128.37899126922,679.8946668290157,,,,0.7311782206455801,0.6914121380982456,1.942410061343004,0.656958859873942,0.4557267617497266,173.3805181671042
3778,231128.38788794272,679.8946799143861,,,,0.731178229024595,0.6914121053239688,1.9424091579333695,0.6569588522648881,0.4557267617497266,173.3805181671042
3779,231128.3841606701,679.8946744322534,,,,0.7311781656095754,0.6914127592883592,1.942409433210135,0.6569587182189472,0.45572839606051496,173.38051630416265
3780,231128.38677224034,679.8946782733931,,,,0.7311782017147672,0.6914120245467785,1.942409130393132,0.6569590841709562,0.4557161745422871,173.38052015203561
3781,231128.38861885376,679.8946809894215,,,,0.7311782053937013,0.6914125450126427,1.9424099026732407,0.6569588487407874,0.4557238219952193,173.3805181671042
3782,231128.40229032413,679.8947010976393,,,,0.731178320844145,0.6914119331466401,1.9424097605146509,0.6569589876455775,0.4557443031829941,173.3805445055646
3783,231128.38220091007,679.8946715498072,,,,0.7311782463359311,0.6914121101821402,1.9424098525023408,0.6569588150021985,0.4557267617497266,173.3805181671042
3784,231128.40126610725,679.8946995912047,,,,0.731178230410341,0.6914121168355598,1.9424098525023408,0.6569588186156897,0.45573232377648865,173.3805181671042
3785,231128.38800842155,679.8946800915883,,,,0.7311782359900473,0.6914110974492726,1.9424098525023408,0.6569589379540541,0.45572671343745563,173.38051399949458
3786,231128.36880657086,679.8946518491978,,,,0.7311781941337572,0.691411935427221,1.9424098525023408,0.6569587470637482,0.4557341987396165,173.3804961294384
3787,231128.3868719319,679.8946784200209,,,,0.7311782369095047,0.6914121429926032,1.9424098525023408,0.6569588296058717,0.4557267617497266,173.3805181671042
3788,231128.38865567627,679.8946810435809,,,,0.7311782510580427,0.691412590486783,1.9424098525023408,0.656958890854014,0.45574572229141014,173.38052033443188
3789,231128.39085394354,679.8946842768275,,,,0.7311782367438237,0.69141212654746,1.9424098525023408,0.6569588369132744,0.4557267617497266,173.3805292537575
3790,231128.38709202316,679.8946787437349,,,,0.7311782471608189,0.69141212654746,1.9424098525023408,0.6569588550639098,0.4557267617497266,173.3805181671042
3791,229498.33982139424,677.4929369689316,,,,0.7308821166954933,0.6910884298199826,1.9425725835975032,0.656531426296518,0.45554984823343525,173.36089272579784
3792,229498.34206071144,677.4929402742312,,,,0.7308821485300904,0.6910887028636039,1.9425735859059614,0.656531372367849,0.4555500648832552,173.36088915095416
3793,229498.33925349836,677.4929361307001,,,,0.730882112045398,0.6910885981081601,1.9425722926787112,0.6565314622626052,0.45555030752460024,173.36090165891176
3794,229498.34968798337,677.4929515323144,,,,0.7308820532352659,0.6910880760853522,1.9425723976480365,0.6565314138493976,0.4555503719787909,173.36088823020924
3795,229498.3427408727,677.4929412781695,,,,0.7308821299832243,0.6910877833372588,1.9425729080835632,0.6565315247318956,0.4555575441793308,173.36090277651783
3796,229498.34164621765,677.492939662426,,,,0.7308820993321623,0.6910882994548205,1.9425725835975032,0.6565314213770821,0.4555649621067625,173.36089272579784
3797,229498.3519497563,677.4929548707595,,,,0.7308821360141796,0.6910874449254425,1.9425723389307945,0.6565314478908447,0.455547327325169,173.3608906803834
3798,229498.33586167466,677.4929311242661,,,,0.7308821168261125,0.6910885230265641,1.9425729522736646,0.6565314233206948,0.45554668402174825,173.36089272579784
3799,229498.35681316798,677.4929620493011,,,,0.7308820536837796,0.691088610639695,1.9425726756618773,0.656531149737837,0.45554984823343525,173.36088295584312
3800,229498.33750128307,677.4929335443776,,,,0.7308821010077985,0.6910884795021088,1.9425724650044216,0.6565314226832051,0.455558834842273,173.36089272579784
3801,229498.33617730826,677.4929315901505,,,,0.7308821340982816,0.6910884296808328,1.9425739163378184,0.6565313452610678,0.4555472482348478,173.36089261363185
3802,229498.33188397042,677.4929252530545,,,,0.7308820984084344,0.6910884413655713,1.9425727925335128,0.6565314567273931,0.45554984823343525,173.36089272579784
3803,229498.34078032445,677.4929383843414,,,,0.7308821067845639,0.6910884085917297,1.9425718891554644,0.6565314487883913,0.45554984823343525,173.36089272579784
3804,229498.33648685078,677.4929320470446,,,,0.7308820436134359,0.691089059096087,1.942572164276118,0.656531315124909,0.4555541402823734,173.36089086258224
3805,229498.3397478751,677.4929368604152,,,,0.7308820797277753,0.6910883275960809,1.9425718617265189,0.6565316813786995,0.45554217987652085,173.36089470979434
3806,229498.34151199137,677.4929394643037,,,,0.7308820829302792,0.6910888461485971,1.9425726338103129,0.6565314450215352,0.4555435530878216,173.36089272579784
3807,229498.35520889767,677.4929596813503,,,,0.73088219867822,0.6910882362944055,1.942572491544382,0.6565315841953199,0.45554984823343525,173.36091906536168
3808,229498.33523684216,677.4929302019945,,,,0.73088212406919,0.6910884134555206,1.9425725835975032,0.6565314118938507,0.45554227756393817,173.36089272579784
3809,229498.3541771616,677.4929581584765,,,,0.7308821081367829,0.6910884201089309,1.9425725835975032,0.6565314151357229,0.45555197574636297,173.36089272579784
3810,229498.34095171333,677.4929386373163,,,,0.7308821136241753,0.6910874008786514,1.9425725835975032,0.6565315344554423,0.45556744648281644,173.36088855775364
3811,229498.31974408822,677.4929073342217,,,,0.7308820713636492,0.6910882388886839,1.9425725835975032,0.6565313427221825,0.45554984823343525,173.36087068753164
3812,229498.33977695735,677.4929369033414,,,,0.730882114537526,0.6910884462983427,1.9425725835975032,0.6565314260324852,0.45554984823343525,173.36089272579784
3813,229498.3408228206,677.4929384470668,,,,0.7308821283508906,0.6910888935871603,1.9425725835975032,0.6565314866916032,0.4555510154276975,173.36089489319264
3814,229498.34376494656,677.4929427897335,,,,0.7308821143859624,0.6910884298199826,1.9425725835975032,0.656531433339062,0.45554984823343525,173.36090381246134
3815,229498.3400104979,677.4929372480542,,,,0.7308821247417128,0.6910884298199826,1.9425725835975032,0.6565314512873986,0.45554984823343525,173.36089272579784
3816,229248.1190255748,677.1235028051747,,,,0.730299456798113,0.6904417201801838,1.9428892841958143,0.6557064802018749,0.455226127813127,173.32161057491106
3817,229248.12229820574,677.1235076383122,,,,0.7302994893831551,0.6904419913519517,1.9428902858887471,0.6557064261905303,0.455225904799368,173.32160700072677
3818,229248.11811685865,677.1235014631507,,,,0.7302994517944643,0.6904418877826981,1.9428889935030684,0.6557065158913548,0.4552210125055719,173.32161950762872
3819,229248.12891556873,677.1235174110683,,,,0.7302993933391125,0.6904413697657615,1.9428890985507714,0.655706467013234,0.45524317654600727,173.3216060793805
3820,229248.12079280918,677.1235054150893,,,,0.7302994696365567,0.6904410706873374,1.9428896087158969,0.6557065786445747,0.4552348259346032,173.321620625192
3821,229248.12086928042,677.1235055280247,,,,0.7302994391571668,0.6904415916257987,1.9428892841958143,0.6557064757103295,0.4552906593582924,173.32161057491106
3822,229248.13117607025,677.123520749457,,,,0.7302994761043251,0.6904407328432307,1.9428890394413842,0.6557065018542972,0.45524184661159417,173.3216085285223
3823,229248.11508661552,677.1234969879802,,,,0.7302994564701911,0.6904418129754311,1.9428896529812858,0.6557064776486217,0.4552304163348916,173.32161057491106
3824,229248.1358835481,677.123527701627,,,,0.7302993931655729,0.690441899173272,1.942889376361955,0.6557062042363693,0.45522285566204024,173.3216008052466
3825,229248.11669744828,677.1234993669149,,,,0.7302994418352141,0.6904417697993802,1.9428891657136702,0.6557064766373499,0.4552275841218926,173.32161057491106
3826,229248.11529901804,677.1234973016637,,,,0.7302994753112365,0.6904417200396931,1.9428906171771438,0.6557064005302768,0.4552266749981695,173.32161046294914
3827,229248.11106497186,677.1234910486739,,,,0.7302994384407686,0.6904417317163597,1.942889493322639,0.6557065105074326,0.4552332487006291,173.32161057491106
3828,229248.11995707586,677.1235041808486,,,,0.7302994470551647,0.690441698950979,1.9428885899454844,0.655706502807406,0.45522648874596483,173.32161057491106
3829,229248.11450740852,677.1234961325869,,,,0.7302993844179346,0.6904423393321342,1.9428888648403742,0.6557063704916606,0.4552278071254582,173.32160871114587
3830,229248.11907202736,677.1235028737776,,,,0.730299420245932,0.6904416163406737,1.9428885627078933,0.6557067358509437,0.4552266941766986,173.32161255701092
3831,229248.12069319907,677.1235052679816,,,,0.7302994228894116,0.6904421322917235,1.942889334488542,0.6557064986950711,0.455226127813127,173.32161057491106
3832,229248.13439655994,677.1235255055905,,,,0.730299538978483,0.6904415258879969,1.9428891920409643,0.6557066377392583,0.45522100074743693,173.32163691665878
3833,229248.11466430046,677.1234963642901,,,,0.7302994643636128,0.6904417038179453,1.9428892841958143,0.655706466534436,0.455226127813127,173.32161057491106
3834,229248.13339004695,677.1235240191361,,,,0.7302994484258396,0.6904417104704388,1.9428892841958143,0.655706469279427,0.45522585679070193,173.32161057491106
3835,229248.12018217958,677.1235045132895,,,,0.7302994535436056,0.6904406846846278,1.9428892841958143,0.6557065881988129,0.4552221222385163,173.3216064059983
3836,229248.09515704672,677.123467555285,,,,0.7302994116502832,0.6904415281423901,1.9428892841958143,0.6557063969443457,0.455226943805806,173.32158853544968
3837,229248.11898169733,677.1235027403749,,,,0.7302994546392344,0.6904417367322916,1.9428892841958143,0.6557064799381528,0.455226127813127,173.32161057491106
3838,229248.1186965117,677.1235023192025,,,,0.7302994683352199,0.6904421863409078,1.9428892841958143,0.6557065405829476,0.45522573488946766,173.32161274244527
3839,229248.12298167215,677.1235086476795,,,,0.7302994545111808,0.6904417201801838,1.9428892841958143,0.6557064872340559,0.455226127813127,173.3216216615844
3840,229248.11921749872,677.1235030886147,,,,0.7302994646972317,0.6904417201801838,1.9428892841958143,0.6557065048669843,0.455226127813127,173.32161057491106
3841,241579.8506572606,695.0969006653111,,,,0.7295682840596672,0.689064295288434,1.943505606033404,0.6555403094819197,0.4541603732242752,173.24300097612002
3842,241579.85636559993,695.0969088776039,,,,0.7295683199913741,0.6890647060664336,1.943506606607813,0.6555402561496491,0.45415862650323846,173.2429974032355
3843,241579.84914012335,695.096898482684,,,,0.7295682779563287,0.6890644087850047,1.9435053157068851,0.6555403440329274,0.4541576720120688,173.2430099080699
3844,241579.8605834169,695.096914945559,,,,0.7295682204612921,0.689063983839368,1.943505421089113,0.6555402952238298,0.45416337913228294,173.24299648070266
3845,241579.84974965153,695.0968993595807,,,,0.7295682957718966,0.6890636259419326,1.9435059306285476,0.6555404075298338,0.4541607375196566,173.24301102552073
3846,241579.8525387485,695.0969033721104,,,,0.7295682648414404,0.6890636875036904,1.943505606033404,0.6555403049407796,0.45416112589825147,173.24300097612002
3847,241579.86285360507,695.0969182115614,,,,0.729568302916198,0.6890643251046871,1.9435053611219395,0.6555403311669621,0.4541603732242752,173.2429989277761
3848,241579.84676290143,695.0968950626976,,,,0.7295682841738232,0.6890642573149354,1.94350597521503,0.6555403078352395,0.4541625861865824,173.24300097612002
3849,241579.8672483978,695.0969245341224,,,,0.7295682186500849,0.6890642945155336,1.9435056984121613,0.6555400350633553,0.45417273601124647,173.24299120705808
3850,241579.84831362532,695.0968972936441,,,,0.7295682709934619,0.6890642914578757,1.9435054877704605,0.6555403067033554,0.4541603732242752,173.24300097612002
3851,241579.84678865818,695.0968950997527,,,,0.7295683055781196,0.6890643083083623,1.9435069399448062,0.6555402329851313,0.45415941505818785,173.243000864558
3852,241579.84264902852,695.0968891442814,,,,0.7295682654161852,0.6890642969367272,1.9435058155410214,0.6555403387860166,0.4541603732242752,173.24300097612002
3853,241579.85153272425,695.0969019247955,,,,0.7295682745591606,0.6890642874398151,1.9435049121787809,0.6555403323500498,0.4541603732242752,173.24300097612002
3854,241579.84373834537,695.096890711425,,,,0.729568212870245,0.6890641995060869,1.9435051864490758,0.655540200812237,0.4541572831130103,173.2429991112567
3855,241579.8508965895,695.0969010096211,,,,0.7295682476182707,0.6890642534896044,1.9435048854098795,0.655540564028473,0.4541501072332289,173.24300295450468
3856,241579.85227833517,695.0969029974672,,,,0.7295682499383586,0.689064288130862,1.943505656489395,0.6555403275914371,0.4541604917285231,173.24300097612002
3857,241579.86598100132,695.0969227107847,,,,0.7295683658766077,0.6890638295972159,1.943505513666023,0.6555404650626878,0.45415113164694754,173.2430273222025
3858,241579.8466400477,695.0968948859544,,,,0.7295682916925839,0.6890642792402917,1.943505606033404,0.6555402967329125,0.4541599509936325,173.24300097612002
3859,241579.86504154338,695.0969213592352,,,,0.729568275930408,0.6890639332247821,1.943505606033404,0.6555402987332232,0.4541585280376011,173.24300097612002
3860,241579.85186742735,695.0969024063154,,,,0.7295682807820041,0.6890632616120684,1.943505606033404,0.6555404187555985,0.4541553192872985,173.24299680546133
3861,241579.8190821359,695.096855239809,,,,0.7295682388889656,0.6890640866729012,1.943505606033404,0.6555402251313872,0.45415113164694754,173.24297893429255
3862,241579.8506143214,695.0969006035366,,,,0.7295682818985213,0.6890643191349433,1.943505606033404,0.6555403092190144,0.4541603732242752,173.24300097612002
3863,241579.8478672212,695.0968966514256,,,,0.7295682949852377,0.6890647586645027,1.943505606033404,0.6555403685293169,0.4541660052664824,173.24300314392357
3864,241579.8546389497,695.0969063935614,,,,0.7295682818203482,0.6890642968824481,1.943505606033404,0.6555403165110443,0.4541603732242752,173.24301206282607
3865,241579.85085520646,695.0969009500857,,,,0.7295682920309354,0.689064295288434,1.943505606033404,0.6555403344456621,0.4541603732242752,173.24300097612002
3866,234181.97216682325,684.3712036122257,,,,0.7292436250634737,0.6888985280285554,1.943572214192317,0.6546067182344334,0.4540489819740101,173.23407936371535
3867,234181.9768118763,684.3712103995555,,,,0.7292436617109499,0.6888989385380102,1.9435732146290488,0.6546066653842185,0.45404931136885074,173.2340757909659
3868,234181.97091243655,684.3712017793216,,,,0.7292436192103431,0.6888986414067988,1.9435719239477183,0.6546067529108658,0.4540477066870139,173.2340882955861
3869,234181.9821073817,684.3712181373231,,,,0.7292435617638177,0.6888982165781847,1.9435720293075966,0.6546067043957301,0.4540504842206825,173.2340748683157
3870,234181.97243452296,684.3712040033876,,,,0.7292436369542472,0.6888978603197006,1.943572538785688,0.6546068165590352,0.454049420777858,173.2340894130275
3871,234181.97404956294,684.3712063632762,,,,0.7292436056851992,0.6888979211237433,1.943572214192317,0.6546067136974878,0.45404991054252725,173.23407936371535
3872,234181.98437350287,684.3712214485687,,,,0.7292436437846033,0.6888985576683662,1.9435719692633002,0.6546067398421817,0.45405135887597736,173.23407731515098
3873,234181.96827926932,684.3711979317501,,,,0.7292436255710502,0.6888984900630115,1.9435725834038198,0.654606716777764,0.454047713227636,173.23407936371535
3874,234181.98892531617,684.3712280996566,,,,0.7292435596472125,0.688898527263349,1.9435723065810242,0.6546064447140524,0.4540507593284939,173.23406959472118
3875,234181.9698283615,684.3712001952764,,,,0.7292436121887217,0.6888985241954397,1.9435720959518459,0.6546067156752238,0.45404800671210377,173.23407936371535
3876,234181.96831178345,684.3711979792595,,,,0.7292436469444249,0.68889854088951,1.943573548195589,0.6546066417925095,0.45405681095855216,173.23407925219885
3877,234181.964154226,684.3711919042562,,,,0.7292436062514109,0.6888985294966449,1.9435724237393321,0.654606746924073,0.45404840044442557,173.23407936371535
3878,234181.97302972898,684.3712048730994,,,,0.7292436154741144,0.6888985201613256,1.9435715203382316,0.654606740969968,0.454049420777858,173.23407936371535
3879,234181.96634945946,684.3711951119211,,,,0.7292435536446914,0.688898430962378,1.943571794592012,0.6546066093122211,0.4540485569991646,173.23407749872752
3880,234181.97239210602,684.3712039414077,,,,0.729243588517265,0.6888984855339821,1.9435714936005637,0.6546069723293204,0.4540513176597708,173.2340813416945
3881,234181.97378459602,684.3712059761078,,,,0.729243590918477,0.6888985208597559,1.943572264669495,0.654606736309611,0.454049420777858,173.23407936371535
3882,234181.98743745443,684.3712259256002,,,,0.7292437064098983,0.6888980629247469,1.9435721218149995,0.6546068728751739,0.4540506723735028,173.23410571030652
3883,234181.96804305623,684.3711975865966,,,,0.7292436326611456,0.6888985119790734,1.943572214192317,0.654606705459594,0.45404665239625785,173.23407936371535
3884,234181.98655213244,684.3712246319718,,,,0.7292436169065136,0.6888981661013525,1.943572214192317,0.6546067074318873,0.4540475454011217,173.23407936371535
3885,234181.9733235734,684.3712053024639,,,,0.7292436218441063,0.6888974991246415,1.943572214192317,0.6546068278558674,0.45404894954897945,173.2340751928566
3886,234181.94388532135,684.3711622874264,,,,0.7292435803870613,0.6888983196694541,1.943572214192317,0.6546066348519677,0.4540489819740101,173.23405732162445
3887,234181.97212400983,684.3712035496669,,,,0.7292436229020922,0.6888985518887899,1.943572214192317,0.6546067179717698,0.4540489819740101,173.23407936371535
3888,234181.9703810235,684.3712010028233,,,,0.7292436360832367,0.6888989894079427,1.943572214192317,0.6546067774153385,0.4540489819740101,173.23408153154733
3889,234181.97615119597,684.3712094341724,,,,0.7292436228319871,0.6888985296223651,1.943572214192317,0.6546067252664667,0.45404800671210377,173.23409045042987
3890,234181.97236114755,684.3712038961716,,,,0.7292436331401998,0.6888985280285554,1.943572214192317,0.6546067435466918,0.4540489819740101,173.23407936371535
3891,228328.51003376537,675.7640269114145,,,,0.7291089867851744,0.6885576248340481,1.9437064121869732,0.6545469356700495,0.453724571833466,173.21594173460673
3892,228328.5127636568,675.7640309511254,,,,0.7291090241342931,0.6885580341159883,1.9437074123842863,0.6545468825095511,0.4537249714909093,173.21593816215707
3893,228328.5093491435,675.7640258983064,,,,0.7291089806668275,0.6885577377839454,1.943706122030579,0.6545469700724925,0.45372409551634535,173.21595066630016
3894,228328.51998105965,675.7640416314852,,,,0.7291089237563728,0.688557313131573,1.9437062274764698,0.6545469218904731,0.4537261076520301,173.2159372392344
3895,228328.51240733892,675.7640304238439,,,,0.7291089988334484,0.6885569607789209,1.9437067367948608,0.6545470347877884,0.4537356229084807,173.21595178371734
3896,228328.51192708372,675.7640297131593,,,,0.7291089670615866,0.6885570194131505,1.9437064121869732,0.6545469307107105,0.45372844646170146,173.21594173460673
3897,228328.52225149778,675.764044991294,,,,0.7291090052158551,0.6885576541320639,1.943706167233088,0.6545469568918016,0.4537364634085328,173.21593968558966
3898,228328.5061555467,675.7640211724012,,,,0.7291089872905406,0.6885575868533604,1.943706781526104,0.6545469342084502,0.45372308301099395,173.21594173460673
3899,228328.5271111051,675.7640521825723,,,,0.7291089209965284,0.6885576241066459,1.943706504605239,0.6545466624740699,0.45373651853927677,173.21593196574747
3900,228328.50769479052,675.7640234501843,,,,0.7291089739637312,0.6885576209945141,1.9437062939892367,0.6545469332961935,0.45372771591555905,173.21594173460673
3901,228328.50615769599,675.7640211755814,,,,0.7291090096506052,0.6885576372783873,1.9437077465410009,0.654546860358697,0.45373383648324633,173.2159416231823
3902,228328.5020104342,675.7640150384367,,,,0.7291089679321873,0.6885576259069857,1.9437066218205699,0.6545469642117736,0.4537239917229245,173.21594173460673
3903,228328.5108817587,675.7640281662804,,,,0.7291089773597367,0.6885576169234067,1.943705718367307,0.6545469584768413,0.45372469859290426,173.21594173460673
3904,228328.50645601162,675.764021617031,,,,0.7291089152322456,0.6885575245434659,1.9437059924976037,0.6545468267526896,0.45372306963922926,173.21593986936426
3905,228328.51018922767,675.7640271414687,,,,0.7291089499965717,0.6885575809339723,1.9437056917360673,0.6545471884010953,0.4537311085249819,173.21594371173353
3906,228328.51164123588,675.7640292901598,,,,0.7291089525995734,0.6885576176526562,1.9437064627054992,0.6545469536838155,0.45373061083631006,173.21594173460673
3907,228328.5252648541,675.764049450478,,,,0.729109068133046,0.68855716242031,1.9437063197801197,0.6545470900799844,0.45372626070942507,173.21596808219195
3908,228328.50564172206,675.7640204120402,,,,0.7291089943010068,0.6885576087780352,1.9437064121869732,0.6545469228482848,0.45372639523078734,173.21594173460673
3909,228328.52442545161,675.7640482083252,,,,0.7291089786617024,0.6885572634022119,1.9437064121869732,0.6545469248076536,0.45372176059184155,173.21594173460673
3910,228328.51110681033,675.7640284993132,,,,0.7291089836276239,0.6885566048077651,1.9437064121869732,0.6545470457945674,0.453724571833466,173.21593756334303
3911,228328.48813230472,675.7639945014897,,,,0.7291089425426645,0.6885574174113462,1.9437064121869732,0.6545468533201428,0.453724571833466,173.21591969197647
3912,228328.50999110154,675.7640268482803,,,,0.7291089846228497,0.6885576487357226,1.9437064121869732,0.6545469354076411,0.453724571833466,173.21594173460673
3913,228328.51033440142,675.7640273562977,,,,0.7291089976019276,0.6885580824024495,1.9437064121869732,0.6545469943389383,0.453724571833466,173.21594390250178
3914,228328.51402370687,675.7640328157557,,,,0.7291089845662779,0.6885576264286815,1.9437064121869732,0.6545469427117119,0.453724571833466,173.21595282132702
3915,228328.51022926366,675.764027200714,,,,0.7291089949754409,0.6885576248340481,1.9437064121869732,0.6545469612980085,0.453724571833466,173.21594173460673
3916,228417.68348836515,675.895973487585,,,,0.7289667817705855,0.6883747804543671,1.9437822246405378,0.654344129282867,0.4535919640829612,173.2060149470489
3917,228417.68647415415,675.8959779051123,,,,0.728966819507681,0.6883751891861306,1.9437832247050442,0.6543440761395655,0.45359175299657095,173.20601137475728
3918,228417.68271256814,675.8959723397799,,,,0.7289667754314172,0.68837489365939,1.9437819345363199,0.6543441634552336,0.45359105755930207,173.2060238786504
3919,228417.69343082205,675.8959881976252,,,,0.7289667187521874,0.6883744689376345,1.9437820400138737,0.6543441151352246,0.453592649155888,173.20601045169212
3920,228417.68556018802,675.8959765528836,,,,0.7289667940667475,0.6883741162284096,1.9437825492597005,0.6543442293482271,0.45359387121339056,173.20602499605155
3921,228417.68538693938,675.8959762965591,,,,0.7289667616834445,0.6883741756372794,1.9437822246405378,0.6543441232246843,0.4535919644267967,173.2060149470489
3922,228417.69570546513,675.8959915629995,,,,0.7289668001819437,0.6883748095617055,1.9437819796633917,0.6543441506310671,0.45358181424444266,173.2060128977841
3923,228417.6796145533,675.8959677562124,,,,0.7289667822938372,0.6883747424623528,1.9437825940330422,0.6543441278572618,0.4535873451777941,173.2060149470489
3924,228417.70052499385,675.8959986935766,,,,0.7289667154460618,0.6883747797277338,1.9437823170842201,0.6543438553478735,0.45359058521157725,173.20600517826702
3925,228417.68114462032,675.8959700199733,,,,0.7289667689731882,0.688374776597217,1.9437821064702585,0.6543441269121881,0.45359246165848277,173.2060149470489
3926,228417.67957895243,675.8959677035399,,,,0.728966805020021,0.6883747926302353,1.9437835591248587,0.6543440540752355,0.4535899105981983,173.20601483567393
3927,228417.6754596294,675.895961608929,,,,0.7289667630493113,0.6883747812994041,1.9437824343215526,0.6543441581529345,0.4535919640829612,173.2060149470489
3928,228417.68433095134,675.8959747342062,,,,0.7289667724308456,0.6883747725201632,1.9437815308598132,0.6543441521892717,0.45359050133507206,173.2060149470489
3929,228417.6796121827,675.8959677527048,,,,0.7289667102382233,0.6883746810740722,1.9437818049177866,0.654344020379441,0.45359499623935734,173.2060130816675
3930,228417.6836757747,675.8959737648607,,,,0.7289667453493236,0.6883747369671517,1.9437815042850148,0.6543443829218325,0.45359099020539423,173.20601692372065
3931,228417.68509012053,675.8959758574103,,,,0.7289667475814422,0.6883747732660543,1.943782275179957,0.6543441472685044,0.4535919640829612,173.2060149470489
3932,228417.69873167857,675.8959960403355,,,,0.7289668633918672,0.688374319097808,1.943782132208279,0.6543442843692442,0.45358614312412376,173.2060412951801
3933,228417.67915449076,675.8959670755416,,,,0.7289667892544619,0.6883747643959601,1.9437822246405378,0.654344116532563,0.4535919417696629,173.2060149470489
3934,228417.69788222093,675.8959947835478,,,,0.7289667736895198,0.6883744194574659,1.9437822246405378,0.6543441184742298,0.4535919640829612,173.2060149470489
3935,228417.6845861587,675.8959751117899,,,,0.7289667786091988,0.6883737612436207,1.9437822246405378,0.6543442393482127,0.4535877476567439,173.20601077556265
3936,228417.66054024073,675.8959395354299,,,,0.7289667372759128,0.6883745734244439,1.9437822246405378,0.6543440464692443,0.4535919640829612,173.2059929041249
3937,228417.68344577382,675.8959734245703,,,,0.7289667796077905,0.6883748043791349,1.9437822246405378,0.6543441290204107,0.4535919640829612,173.2060149470489
3938,228417.68340818366,675.8959733689552,,,,0.7289667923788309,0.6883752377123278,1.9437822246405378,0.654344187616607,0.4535919640829612,173.2060171149767
3939,228417.68748145603,675.8959793954333,,,,0.7289667795597087,0.6883747820502133,1.9437822246405378,0.6543441363316451,0.4535919640829612,173.2060260337753
3940,228417.6836920537,675.8959737889458,,,,0.7289667899216662,0.6883747804543671,1.9437822246405378,0.6543441547378501,0.4535919640829612,173.2060149470489
3941,229415.61696529595,677.3708245345322,,,,0.7286858508136337,0.6880101306024001,1.9439320016998674,0.6539509517324372,0.453362117720859,173.1861510391692
3942,229415.62051298065,677.3708297719655,,,,0.728685889110501,0.6880105387713706,1.943933001484202,0.6539508985439513,0.4533631079458932,173.18614746720854
3943,229415.61602270688,677.3708231429916,,,,0.7286858458901676,0.6880102445025053,1.9439317117143533,0.6539509882345121,0.4533610027240084,173.18615997057492
3944,229415.62691866214,677.3708392286493,,,,0.7286857867048426,0.6880098203429141,1.9439318172164801,0.6539509357749937,0.453362976873018,173.18614654384245
3945,229415.61841409837,677.3708266733939,,,,0.7286858609644072,0.6880094634513263,1.9439323263404418,0.6539510490536565,0.45336128407134046,173.18616108795032
3946,229415.61887279619,677.3708273505674,,,,0.7286858306073064,0.6880095272864641,1.9439320016998674,0.6539509456386262,0.453362117720859,173.1861510391692
3947,229415.62919337506,677.3708425867991,,,,0.7286858686934158,0.6880101594441137,1.9439317566758911,0.6539509726567114,0.45336138044770385,173.18614898940837
3948,229415.61310150372,677.3708188304302,,,,0.7286858504622966,0.6880100925853281,1.9439323711599648,0.653950949365496,0.45336210691167694,173.1861510391692
3949,229415.63393560812,677.3708495877397,,,,0.7286857840200595,0.6880101298751838,1.943932094189382,0.6539506777680274,0.4533624085714892,173.18614127053345
3950,229415.61455445067,677.3708209754103,,,,0.7286858379065447,0.6880101267092666,1.9439318835842265,0.6539509492785135,0.453362117720859,173.1861510391692
3951,229415.61302052654,677.3708187108841,,,,0.7286858748545407,0.6880101422188138,1.9439333363595568,0.6539508768902602,0.4533554945124465,173.18615092789435
3952,229415.60892676687,677.3708126672819,,,,0.728685832369788,0.688010131022474,1.9439322114745106,0.6539509813887716,0.453362117720859,173.1861510391692
3953,229415.61779391472,677.3708257578189,,,,0.7286858416914207,0.6880101226233368,1.9439313079762985,0.6539509747830402,0.4533624083975398,173.1861510391692
3954,229415.61247635278,677.3708179075221,,,,0.7286857794289425,0.6880100316288436,1.9439315819443537,0.6539508430311607,0.45336577350936846,173.18614917350928
3955,229415.61720799227,677.3708248928237,,,,0.7286858148874674,0.6880100873980273,1.9439312814893852,0.6539512058619535,0.45337116811713074,173.18615301490993
3956,229415.61855575995,677.3708268825281,,,,0.7286858167114434,0.6880101234041995,1.9439320522802255,0.6539509697070357,0.453362117720859,173.1861510391692
3957,229415.6321960687,677.3708470196642,,,,0.7286859323981066,0.6880096709564982,1.9439319092217997,0.6539511063547312,0.45335556811994027,173.18617738838086
3958,229415.61273496223,677.3708182893063,,,,0.7286858586577588,0.6880101145386878,1.9439320016998674,0.6539509395868266,0.4533621061574496,173.1861510391692
3959,229415.63136430163,677.3708457917296,,,,0.7286858427998704,0.6880097704345307,1.9439320016998674,0.6539509409539066,0.453362117720859,173.1861510391692
3960,229415.61807440515,677.3708261719058,,,,0.72868584731934,0.688009106302069,1.9439320016998674,0.6539510609283767,0.45337077668694475,173.18614686723942
3961,229415.59206462224,677.3707877737604,,,,0.7286858065412479,0.6880099232094417,1.9439320016998674,0.6539508694324413,0.45336192480892923,173.18612899566028
3962,229415.61692296047,677.3708244720325,,,,0.7286858486503869,0.6880101545777525,1.9439320016998674,0.6539509514701483,0.453362117720859,173.1861510391692
3963,229415.61622622146,677.3708234434393,,,,0.7286858614887073,0.6880105898611935,1.9439320016998674,0.6539510104931814,0.4533615580878406,173.18615320716648
3964,229415.6209644973,677.370830438538,,,,0.7286858486158494,0.6880101322000213,1.9439320016998674,0.6539509587852835,0.4533628273860059,173.18616212590047
3965,229415.6171723733,677.3708248402397,,,,0.7286858589100782,0.6880101306024001,1.9439320016998674,0.6539509770573049,0.453362117720859,173.1861510391692
3966,234784.79068151055,685.2514730834374,,,,0.7282687942925664,0.6872855114890444,1.9442235381824808,0.6536607029669541,0.45308535432502434,173.1463921434411
3967,234784.79544802592,685.2514800393006,,,,0.7282688342924081,0.6872859180138683,1.944224537412668,0.6536606506370785,0.45308207977197223,173.14638857213797
3968,234784.789423143,685.251471247079,,,,0.7282687881081136,0.687285626400276,1.9442232484229889,0.6536607387100135,0.45308441185067094,173.14640107445874
3969,234784.80065516502,685.2514876381733,,,,0.7282687304454035,0.6872852025904972,1.9442233540042049,0.6536606866266973,0.4530900883196235,173.14638764817383
3970,234784.79079049797,685.251473242485,,,,0.7282688046426748,0.6872848435327163,1.9442238628548973,0.6536607998694363,0.45308756141259043,173.1464021917811
3971,234784.79260483608,685.2514758901816,,,,0.7282687740456364,0.6872849111276778,1.9442235381824808,0.6536606970779735,0.45309411444455433,173.1463921434411
3972,234784.8029293977,685.2514909570028,,,,0.7282688116406961,0.6872855396703497,1.9442232930708059,0.6536607234501661,0.4530963544266156,173.1463900926875
3973,234784.78683848117,685.2514674752346,,,,0.7282687947772473,0.6872854734583218,1.9442239078111605,0.6536607014052948,0.45308236219412834,173.1463921434411
3974,234784.8075111176,685.25149764319,,,,0.7282687269208321,0.6872855107575315,1.9442236307775425,0.6536604297464218,0.45308243101427215,173.14638237509985
3975,234784.7882653524,685.2514695574938,,,,0.7282687816079632,0.6872855075491218,1.9442234201786517,0.6536607008286895,0.45308535432502434,173.1463921434411
3976,234784.78666768697,685.2514672259916,,,,0.7282688197952167,0.6872855219950437,1.944224873239106,0.6536606290706399,0.4530893142212874,173.14639203236626
3977,234784.78262127843,685.2514613209935,,,,0.7282687759340806,0.6872855111579469,1.9442237481411497,0.6536607326801739,0.45308535321623494,173.1463921434411
3978,234784.7914804427,685.2514742493337,,,,0.7282687855331955,0.6872855034304322,1.9442228446257732,0.6536607263158694,0.45308535432502434,173.1463921434411
3979,234784.78496324367,685.2514647386662,,,,0.7282687232242296,0.6872854135531308,1.9442231183347396,0.6536605950140958,0.4530821575134757,173.14639027722353
3980,234784.79102494667,685.2514735846202,,,,0.7282687591788372,0.6872854685168684,1.944222818347753,0.6536609573520891,0.45309319417137595,173.1463941173303
3981,234784.7922494982,685.2514753716306,,,,0.7282687601166834,0.6872855042697301,1.9442235888485344,0.6536607206742356,0.45308535432502434,173.1463921434411
3982,234784.8058903412,685.2514952779617,,,,0.7282688758845819,0.6872850548516911,1.9442234455989145,0.6536608573370642,0.45306972554590097,173.14641849481174
3983,234784.78663216982,685.2514671741604,,,,0.7282688020907943,0.6872854954180442,1.9442235381824808,0.6536606910388022,0.45308535432502434,173.1463921434411
3984,234784.80508824065,685.2514941074415,,,,0.7282687863818383,0.6872851527094366,1.9442235381824808,0.6536606922356791,0.4530949369741729,173.1463921434411
3985,234784.7918195773,685.2514747442393,,,,0.728268790433288,0.6872844874138155,1.9442235381824808,0.6536608112620245,0.45309153999808705,173.14638797062196
3986,234784.76184217588,685.2514309976682,,,,0.728268749960367,0.6872853043098244,1.9442235381824808,0.6536606197521568,0.4530864144943433,173.1463700987672
3987,234784.79063966594,685.2514730223729,,,,0.7282687921288121,0.6872855355641037,1.9442235381824808,0.653660702705113,0.45308535432502434,173.1463921434411
3988,234784.78866969494,685.2514701475582,,,,0.7282688046674668,0.6872859704201337,1.9442235381824808,0.6536607610507628,0.4530810082358534,173.14639431157602
3989,234784.7946925859,685.251478936873,,,,0.7282687921168798,0.6872855130886115,1.9442235381824808,0.6536607100037818,0.45308535432502434,173.1464032301845
3990,234784.79089333766,685.2514733925607,,,,0.7282688023289821,0.6872855114890444,1.9442235381824808,0.6536607281686497,0.45308535432502434,173.1463921434411
3991,227992.6691682689,675.2668645332287,,,,0.7280998268021577,0.6869608204655623,1.9443491518810279,0.6534574878710775,0.45300858217314743,173.12862829368004
3992,227992.67199611,675.2668687209673,,,,0.7280998674472107,0.6869612267952263,1.9443501508844512,0.6534574356910103,0.45300531303079344,173.12862472265925
3993,227992.6684838908,675.2668635197359,,,,0.7280998204368133,0.686960934854824,1.9443488622032947,0.6534575236003047,0.45300763883960243,173.12863722453676
3994,227992.67915619648,675.2668793243105,,,,0.7280997632644594,0.6869605112102859,1.9443489678718429,0.6534574718554385,0.45301332229441366,173.12862379843853
3995,227992.6714236192,675.2668678731678,,,,0.7280998375328379,0.6869601562131511,1.9443494765638412,0.6534575853587237,0.4530067642830743,173.12863834182178
3996,227992.67109854682,675.2668673917696,,,,0.7280998065960241,0.6869602216301456,1.9443491518810279,0.6534574821436949,0.4530158230878293,173.12862829368004
3997,227992.68142914498,675.2668826903108,,,,0.7280998440143079,0.6869608482750605,1.944348906754099,0.6534575082374614,0.45300876691856184,173.12862624248015
3998,227992.66533823515,675.266858861347,,,,0.7280998276222135,0.6869607824258266,1.9443495216439457,0.6534574866412834,0.4530055887300193,173.12862829368004
3999,227992.68632210858,675.2668899362808,,,,0.7280997594937259,0.6869608197654503,1.944349244511578,0.6534572158153854,0.45300565391490777,173.1286185254824
4000,227992.6667514384,675.2668609541539,,,,0.7280998144051876,0.6869608165175142,1.9443490339182667,0.6534574860053788,0.453013847626809,173.12862829368004
4001,227992.66515019498,675.2668585828791,,,,0.7280998528012381,0.6869608306369109,1.9443504872935917,0.6534574143121555,0.4530125360759454,173.12862818269116
4002,227992.66109637608,675.2668525795946,,,,0.7280998079830844,0.686960819841657,1.9443493619229986,0.6534575162607902,0.45300858106208824,173.12862829368004
4003,227992.66995429437,675.2668656972508,,,,0.7280998181530466,0.6869608123656932,1.9443484583716448,0.6534575112724086,0.45300858217314743,173.12862829368004
4004,227992.66569915164,675.2668593958269,,,,0.7280997556957717,0.6869607173545722,1.9443487319382293,0.6534573801347299,0.4530053863021084,173.12862642721356
4005,227992.66944696498,675.2668649459483,,,,0.7280997918473833,0.6869607752361179,1.9443484322068025,0.6534577419894885,0.45302200147216815,173.12863026677337
4006,227992.67072701346,675.266866841567,,,,0.7280997924942357,0.6869608132311146,1.9443492025884095,0.6534575053839601,0.4530100903250894,173.12862829368004
4007,227992.6843114562,675.2668869587138,,,,0.7280999082364881,0.6869603662272479,1.9443490592619919,0.6534576421675381,0.45299583210866673,173.12865464600898
4008,227992.66485228005,675.2668581416979,,,,0.7280998345629041,0.6869608043887621,1.9443491518810279,0.6534574759317575,0.45300858217314743,173.12862829368004
4009,227992.6835786336,675.26688587348,,,,0.7280998189202771,0.6869604619845748,1.9443491518810279,0.6534574771480125,0.4530181626244373,173.12862829368004
4010,227992.67020344798,675.2668660662213,,,,0.7280998228986888,0.6869598040251448,1.9443491518810279,0.6534575963084492,0.45301477303792004,173.12862412046042
4011,227992.6468398742,675.2668314671972,,,,0.7280997833962742,0.6869606138324724,1.9443491518810279,0.6534574068522354,0.4530096425535336,173.12860624848747
4012,227992.66912661196,675.2668644715391,,,,0.7280998246378574,0.6869608445895282,1.9443491518810279,0.6534574876096889,0.45300858217314743,173.12862829368004
4013,227992.66928069928,675.2668646997263,,,,0.7280998373625058,0.6869612760377869,1.9443491518810279,0.6534575464515454,0.4530049710745418,173.12863046187186
4014,227992.67318459047,675.2668704809831,,,,0.7280998246350653,0.6869608220648937,1.9443491518810279,0.6534574949001111,0.45300858217314743,173.12863938043574
4015,227992.6693713044,675.266864833903,,,,0.7280998348954798,0.6869608204655623,1.9443491518810279,0.6534575133208147,0.45300858217314743,173.12862829368004
4016,228217.3678466843,675.5995379611863,,,,0.7279599000946718,0.6867813795573087,1.9444211273010747,0.6532575179782342,0.4528868526450676,173.11864497469145
4017,228217.37093904414,675.5995425383948,,,,0.727959940797648,0.6867817851488622,1.9444221261562036,0.6532574655465337,0.4528897060020275,173.11864140382937
4018,228217.36706808425,675.5995368087283,,,,0.7279598931215694,0.6867814942596671,1.9444208376887246,0.6532575533204135,0.4528824433768267,173.11865390545745
4019,228217.37783140579,675.5995527402397,,,,0.7279598365803158,0.6867810710700852,1.9444209433578385,0.6532575017686282,0.45288680125377123,173.1186404794646
4020,228217.36979390658,675.5995408434004,,,,0.7279599109147974,0.6867807146610048,1.9444214519884353,0.6532576154342239,0.4528839542820256,173.11865502272258
4021,228217.36978375775,675.5995408283783,,,,0.7279598799669283,0.6867807813869369,1.9444211273010747,0.6532575123739365,0.4528873999627627,173.11864497469145
4022,228217.3801085859,675.5995561108457,,,,0.7279599171851209,0.6867814071747413,1.9444208821491016,0.6532575383087728,0.4528868526450676,173.1186429232409
4023,228217.36401938778,675.5995322961492,,,,0.7279599008544426,0.6867813415110269,1.944421497074193,0.6532575168557402,0.4528868526450676,173.11864497469145
4024,228217.38496089674,675.599563293075,,,,0.7279598324335931,0.6867813788515574,1.9444212199459032,0.6532572458939949,0.4528835858602804,173.1186352065734
4025,228217.36542854842,675.5995343819419,,,,0.7279598876817944,0.6867813756041528,1.944421009363805,0.6532575162569523,0.4528867834954295,173.11864497469145
4026,228217.36379817125,675.599531968712,,,,0.7279599262105643,0.6867813895498619,1.9444224627472082,0.6532574444102858,0.4528985265839548,173.118644863751
4027,228217.35976916645,675.5995260051125,,,,0.7279598812855661,0.6867813787508561,1.94442133738917,0.6532575464945783,0.4528868526450676,173.11864497469145
4028,228217.36862622396,675.5995391150352,,,,0.7279598915953518,0.6867813714376592,1.9444204338087454,0.6532575414119696,0.4528868526450676,173.11864497469145
4029,228217.36406871513,675.5995323691618,,,,0.7279598291148739,0.6867812775071216,1.944420707362154,0.6532574103574098,0.452874238073206,173.11864310808534
4030,228217.3681529337,675.5995384144866,,,,0.7279598653285039,0.6867813347614736,1.9444204076721896,0.6532577721740204,0.4528794689229397,173.1186469473368
4031,228217.36939898384,675.5995402588486,,,,0.7279598656949443,0.6867813723165701,1.9444211780285414,0.653257535363239,0.45288477968002,173.11864497469145
4032,228217.3830076103,675.5995604018852,,,,0.727959981785967,0.686780926094712,1.944421034667771,0.6532576725698932,0.45289051366890987,173.1186713275584
4033,228217.36358983986,675.5995316603468,,,,0.727959907854697,0.686781363478945,1.9444211273010747,0.6532575061347178,0.4528778799250549,173.11864497469145
4034,228217.38225934553,675.5995592943286,,,,0.7279598922564704,0.6867810214464631,1.9444211273010747,0.6532575072968854,0.4528868526450676,173.11864497469145
4035,228217.3689081436,675.5995395323234,,,,0.7279598961806858,0.686780363438314,1.9444211273010747,0.6532576262671819,0.45288391664114097,173.11864080124673
4036,228217.34445608506,675.5995033391971,,,,0.7279598563818308,0.6867811731842386,1.9444211273010747,0.6532574363316845,0.45289072398795394,173.11862292920918
4037,228217.3678050995,675.5995378996339,,,,0.7279598979301332,0.6867814037146925,1.9444211273010747,0.653257517716866,0.4528868526450676,173.11864497469145
4038,228217.3675754425,675.5995375597031,,,,0.7279599103672021,0.6867818349873656,1.9444211273010747,0.6532575759555456,0.45288138131464273,173.11864714291556
4039,228217.37186581397,675.5995439101686,,,,0.7279598979311858,0.6867813811577524,1.9444211273010747,0.6532575249972103,0.4528868526450676,173.1186560614539
4040,228217.36805760453,675.5995382733835,,,,0.7279599081964205,0.6867813795573087,1.9444211273010747,0.653257543395286,0.4528868526450676,173.11864497469145
4041,229512.9813894372,677.5145480200955,,,,0.7276845984545396,0.6864240229793535,1.9445644897605967,0.6528740019979489,0.45256272282516335,173.09863642743554
4042,229512.98505961747,677.5145534372195,,,,0.7276846394418879,0.6864244270039329,1.9445654883432162,0.6528739493095008,0.4525630895616588,173.0986328569051
4043,229512.98044292853,677.5145466230649,,,,0.7276845910501467,0.6864241383253311,1.9445642002651466,0.6528740372725166,0.4525660187797375,173.09864535800705
4044,229512.9913852061,677.5145627736811,,,,0.7276845349676749,0.6864237158897502,1.9445643059581008,0.6528739855915273,0.45256272374559753,173.0986319322381
4045,229512.98269858496,677.5145499523752,,,,0.7276846094398031,0.6864233561575803,1.9445648144669863,0.6528740992359137,0.4525531041360571,173.0986464752429
4046,229512.98333579302,677.5145508928837,,,,0.7276845783952198,0.6864234263862724,1.9445644897605967,0.6528739965477728,0.452561559672599,173.09863642743554
4047,229512.99366248515,677.5145661349064,,,,0.727684615473025,0.6864240502984325,1.9445642445628575,0.6528740224481935,0.45255284617534874,173.09863437548364
4048,229512.9775718512,677.5145423854033,,,,0.7276845992324151,0.6864239849085614,1.944564859599087,0.6528740012300502,0.45255306033495835,173.09863642743554
4049,229512.9984367893,677.5145731816984,,,,0.7276845303014554,0.686424022268717,1.9445645824487041,0.6528737302120171,0.45257189185497687,173.09862665946548
4050,229512.97896873622,677.5145444471818,,,,0.7276845858174705,0.6864240189984808,1.9445643718766168,0.6528740001054406,0.45257199881907867,173.09863642743554
4051,229512.97730850894,677.5145419967148,,,,0.7276846248378125,0.6864240325837005,1.9445658253797327,0.6528739286110722,0.4525596979372868,173.09863631659422
4052,229512.9733020965,677.5145360833176,,,,0.7276845796759676,0.6864240218427737,1.944564699940716,0.6528740308182047,0.45256388150856447,173.09863642743554
4053,229512.98215514288,677.5145491502643,,,,0.7276845900753018,0.6864240148159314,1.944563796317334,0.6528740253654526,0.4525564584503365,173.09863642743554
4054,229512.9769866072,677.5145415215927,,,,0.7276845279264739,0.686423923064721,1.9445640697897413,0.652873894912147,0.452560921063407,173.0986345605485
4055,229512.98174863512,677.5145485502654,,,,0.727684564029629,0.6864239789569624,1.944563770264262,0.6528742563706873,0.45256232172621585,173.09863839916002
4056,229512.9829301733,677.5145502941958,,,,0.7276845638885892,0.6864240157286441,1.944564540529974,0.652874019128663,0.45256271386699365,173.09863642743554
4057,229512.99653991323,677.5145703819412,,,,0.7276846803320708,0.6864235710012859,1.9445643970840436,0.6528741566987177,0.45256272282516335,173.09866278137474
4058,229512.97723630813,677.5145418901474,,,,0.7276846060830056,0.6864240068961311,1.9445644897605967,0.6528739902080559,0.452576204786929,173.09863642743554
4059,229512.99580702095,677.5145693002047,,,,0.7276845906598391,0.6864236655598295,1.9445644897605967,0.6528739913422282,0.45256695967681515,173.09863642743554
4060,229512.98246286978,677.5145496044639,,,,0.7276845941997605,0.6864230032833399,1.9445644897605967,0.6528741092421819,0.45256272282516335,173.09863225354138
4061,229512.95601827677,677.5145105726916,,,,0.7276845548583537,0.6864238166574812,1.9445644897605967,0.6528739206203704,0.45256272282516335,173.0986143813749
4062,229512.98134809587,677.5145479590765,,,,0.7276845962897756,0.6864240472037104,1.9445644897605967,0.6528740017368247,0.45256272282516335,173.09863642743554
4063,229512.98045525202,677.5145466412541,,,,0.7276846087430281,0.6864244796993506,1.9445644897605967,0.6528740602148908,0.45256272282516335,173.0986385957286
4064,229512.98541434234,677.5145539607873,,,,0.7276845962986099,0.6864240245814066,1.9445644897605967,0.6528740089986089,0.45256272282516335,173.09864751420326
4065,229512.98160356085,677.5145483361383,,,,0.7276846065213347,0.6864240229793535,1.9445644897605967,0.6528740273387419,0.45256272282516335,173.09863642743554
4066,235584.9773236503,686.4182068151312,,,,0.7273263620756385,0.6857138935249736,1.9448447838291507,0.6527685558146915,0.45193333934723967,173.0585973159743
4067,235584.98224584828,686.4182139859755,,,,0.727326404055619,0.685714295718176,1.9448457818723357,0.6527685036322143,0.45193246485967,173.05859374609852
4068,235584.97606042598,686.4182049748183,,,,0.7273263546323864,0.6857140093577658,1.9448444945652672,0.652768590699449,0.45193308037262736,173.05860624616574
4069,235584.9873404247,686.418221407947,,,,0.7273262989675398,0.6857135881759981,1.9448446003185158,0.6527685399458563,0.45193287449099495,173.05859282083625
4070,235584.97725999754,686.4182067223996,,,,0.7273263730614952,0.6857132267441345,1.9448451085641056,0.6527686517001489,0.45193333934723967,173.058607363337
4071,235584.97928563174,686.41820967342,,,,0.7273263423722206,0.6857133005403191,1.9448447838291507,0.6527685508383656,0.45193333934723967,173.0585973159743
4072,235584.9896203974,686.4182247294972,,,,0.7273263791101758,0.685713920152234,1.9448445385462887,0.6527685763759794,0.45193333934723967,173.05859526301833
4073,235584.97352646812,686.4182012832526,,,,0.7273263632517384,0.685713855437542,1.944845153830847,0.6527685557519858,0.45193333934723967,173.0585973159743
4074,235584.99422689909,686.418231440423,,,,0.7273262932986375,0.6857138928086546,1.9448448766191455,0.6527682850161701,0.45193841144916613,173.05858754830652
4075,235584.97489871064,686.4182032823875,,,,0.7273263494810068,0.6857138895047465,1.9448446660543637,0.6527685535466669,0.45193333934723967,173.0585973159743
4076,235584.97317435584,686.4182007702824,,,,0.7273263891720104,0.6857139027110148,1.9448461198394047,0.6527684831893503,0.45193574079952803,173.0585972053296
4077,235584.96921506154,686.4181950022324,,,,0.7273263429804976,0.6857138918292717,1.9448449941902923,0.6527685839963584,0.45193333934723967,173.0585973159743
4078,235584.9780600088,686.4182078878863,,,,0.7273263535084509,0.6857138852813043,1.9448440905323914,0.6527685784341447,0.4519312138939615,173.0585973159743
4079,235584.97167231617,686.4181985820541,,,,0.7273262921873597,0.6857137941882763,1.944844363768074,0.6527684490043069,0.4519393863167248,173.05859544852544
4080,235584.97777943744,686.4182074791395,,,,0.7273263286056777,0.6857138492275905,1.9448440646775864,0.6527688121738787,0.45192716001684274,173.0585992858782
4081,235584.97884200237,686.418209027124,,,,0.7273263272382402,0.6857138862520715,1.9448448346860425,0.6527685724842728,0.45193347454002275,173.0585973159743
4082,235584.9924530011,686.4182288561415,,,,0.7273264445309567,0.6857134445746375,1.944844691050757,0.6527687111714193,0.45195077803849626,173.05862367205793
4083,235584.9733488544,686.4182010244984,,,,0.727326370071417,0.6857138774350056,1.9448447838291507,0.6527685443486566,0.45193333934723967,173.0585973159743
4084,235584.991748055,686.4182278291491,,,,0.7273263544949826,0.6857135369397498,1.9448447838291507,0.652768545349734,0.4519333119894825,173.0585973159743
4085,235584.97842750436,686.4182084232676,,,,0.7273263575459622,0.6857128760975448,1.9448447838291507,0.6527686622736157,0.45194361694531926,173.0585931411788
4086,235584.947958618,686.4181640350405,,,,0.7273263181359062,0.6857136876228977,1.9448447838291507,0.6527684730983373,0.4519369904019912,173.05857526876275
4087,235584.97728278438,686.4182067555962,,,,0.7273263599108982,0.6857139178792719,1.9448447838291507,0.652768555554157,0.45193333934723967,173.0585973159743
4088,235584.97511064407,686.4182035911404,,,,0.7273263720672072,0.6857143490210443,1.9448447838291507,0.6527686133651861,0.45193274288184637,173.0585994844027
4089,235584.98135983787,686.4182126952019,,,,0.7273263599390346,0.685713895128698,1.9448447838291507,0.6527685627982113,0.45193333934723967,173.05860840275795
4090,235584.97754234145,686.4182071337286,,,,0.7273263700980575,0.6857138935249736,1.9448447838291507,0.6527685810742965,0.45193333934723967,173.0585973159743
4091,232494.52644344838,681.9010579892781,,,,0.7271845244465016,0.6856357508090101,1.944875500764205,0.6523669883426546,0.45180452139629457,173.0541980160183
4092,232494.53085218515,681.9010644546398,,,,0.7271845665965465,0.6856361530695181,1.9448764987406535,0.6523669363006644,0.4518036467809846,173.05419444620696
4093,232494.52531840053,681.9010563394083,,,,0.727184517085981,0.6856358666320272,1.9448752115334489,0.6523670234180924,0.45180426251454187,173.0542069461756
4094,232494.53647092657,681.9010726944582,,,,0.7271844614481933,0.6856354456339117,1.9448753172804651,0.6523669727507492,0.45180405657931677,173.05419352088663
4095,232494.526956488,681.9010587416446,,,,0.7271845355164228,0.6856350840405208,1.9448758254983718,0.6523670843169274,0.45180452139629457,173.05420806333228
4096,232494.52840552447,681.9010608666399,,,,0.7271845047643981,0.6856351583164907,1.944875500764205,0.6523669834103977,0.45180452139629457,173.0541980160183
4097,232494.53874593787,681.9010760307361,,,,0.7271845414849539,0.6856357773618138,1.944875255474972,0.6523670089074465,0.4518056010475037,173.05419596295104
4098,232494.52265066377,681.9010524272035,,,,0.7271845257300636,0.6856357127210322,1.944875870773002,0.6523669884301835,0.45180452139629457,173.0541980160183
4099,232494.54343204995,681.9010829028648,,,,0.7271844557814089,0.6856357500912298,1.9448755935615045,0.6523667180812898,0.4517918423923355,173.0541882483909
4100,232494.52401820893,681.9010544326924,,,,0.7271845118789806,0.6856357467876084,1.9448753829995995,0.6523669859947088,0.45180452139629457,173.0541980160183
4101,232494.5223116298,681.901051930014,,,,0.7271845515718793,0.6856357599944407,1.9448768367928617,0.6523669155612648,0.45178234682823587,173.05419790539344
4102,232494.518332093,681.9010460940693,,,,0.7271845052106803,0.6856357490594531,1.9448757111456147,0.6523670160976078,0.45180452139629457,173.0541980160183
4103,232494.5271769169,681.901059064901,,,,0.7271845158667734,0.6856357425566857,1.9448748074777984,0.6523670109270844,0.45180239593176125,173.0541980160183
4104,232494.52134749573,681.9010505161224,,,,0.7271844545320509,0.6856356507383559,1.9448750807025714,0.652366881565331,0.4518105675265911,173.05419614850797
4105,232494.52688911406,681.9010586428417,,,,0.7271844910369757,0.6856357061609171,1.9448747816376888,0.6523672448305019,0.4517962878369254,173.05419998573961
4106,232494.52796022422,681.9010602136121,,,,0.7271844895934112,0.685635743530056,1.9448755516302043,0.6523670050065882,0.4518046565819541,173.0541980160183
4107,232494.5415392645,681.9010801271171,,,,0.7271846067784058,0.6856353020243313,1.944875407978519,0.652367143428902,0.4518405819796563,173.05422437233668
4108,232494.52240950722,681.9010520735502,,,,0.7271845323805973,0.6856357347183419,1.944875500764205,0.6523669765719607,0.45180452139629457,173.0541980160183
4109,232494.54086795374,681.9010791426477,,,,0.7271845168605342,0.685635394235915,1.944875500764205,0.6523669778593886,0.4518044940410555,173.0541980160183
4110,232494.52750969832,681.9010595529213,,,,0.7271845198437452,0.6856347333262665,1.944875500764205,0.6523670947140447,0.45181479932463964,173.05419384112224
4111,232494.4987677795,681.901017403229,,,,0.7271844810254433,0.6856355448124407,1.944875500764205,0.6523669068559237,0.4518081722490255,173.0541759686803
4112,232494.52640266417,681.9010579294685,,,,0.7271845222818806,0.6856357751790654,1.944875500764205,0.6523669880823361,0.45180452139629457,173.0541980160183
4113,232494.52476757666,681.9010555316316,,,,0.7271845346569604,0.6856362062751569,1.944875500764205,0.6523670464329729,0.4518039249608647,173.05420018445878
4114,232494.5304809126,681.9010639101726,,,,0.7271845223120275,0.6856357524125667,1.944875500764205,0.6523669953258905,0.45180452139629457,173.05420910280807
4115,232494.52665614118,681.9010583011896,,,,0.727184532476201,0.6856357508090101,1.944875500764205,0.6523670136904982,0.45180452139629457,173.0541980160183
4116,228696.69521769407,676.3086502739619,,,,0.7270820737385886,0.6854314471761828,1.944952857607146,0.6522674803653725,0.4516616478913645,173.0427023790155
4117,228696.698677112,676.3086553891085,,,,0.7270821161063101,0.6854318492803876,1.9449538554460066,0.6522674282540116,0.45166144270896097,173.04269880939069
4118,228696.69435625122,676.3086490002199,,,,0.7270820663445191,0.6854315626263023,1.9449525684224718,0.6522675154356883,0.4516617178766808,173.0427113090663
4119,228696.7052449,676.3086651003373,,,,0.727082010687279,0.6854311424916133,1.9449526742341916,0.6522674645624822,0.45166209457483203,173.04269788390036
4120,228696.6967656807,676.3086525628379,,,,0.7270820848688225,0.6854307814969467,1.9449531823495139,0.652267576286714,0.45165586008821607,173.04271242620067
4121,228696.69718460643,676.3086531822676,,,,0.7270820541110401,0.685430855879466,1.944952857607146,0.652267475526875,0.45165978721478633,173.0427023790155
4122,228696.70752523086,676.3086684720681,,,,0.7270820907797578,0.6854314735039951,1.9449526123031902,0.6522675010540557,0.4516740372655326,173.0427003256586
4123,228696.69143074277,676.3086446745197,,,,0.7270820752571268,0.6854314090813177,1.9449532277034538,0.6522674809468867,0.4516603376396128,173.0427023790155
4124,228696.71235729282,676.3086756168266,,,,0.7270820050139414,0.6854314464716297,1.9449529504297935,0.6522672106068524,0.4516543805753354,173.04269261147778
4125,228696.69279122827,676.3086466861535,,,,0.7270820611864721,0.6854314431548566,1.9449527398697402,0.6522674778569241,0.4516714292643318,173.0427023790155
4126,228696.69105952588,676.3086441256327,,,,0.7270821011608407,0.6854314564245214,1.9449541938591601,0.6522674081130297,0.4516678215264229,173.04270226844636
4127,228696.68709933557,676.3086382700365,,,,0.7270820542839752,0.6854314452829233,1.9449530680417997,0.6522675075857891,0.45165996403030767,173.0427023790155
4128,228696.69594264866,676.3086513458907,,,,0.7270820651781508,0.6854314388986102,1.9449521643594605,0.652267502885874,0.4516594412525431,173.0427023790155
4129,228696.69120398804,676.3086443392367,,,,0.7270820038917498,0.6854313446353375,1.9449524374832028,0.6522673736769576,0.451667714353301,173.04270051134375
4130,228696.69563815615,676.3086508956633,,,,0.727082040473469,0.6854314014123535,1.9449521385944675,0.652267737038931,0.45165889222930045,173.0427043482233
4131,228696.69672779136,676.308652506814,,,,0.7270820388614424,0.6854314398873323,1.9449529084992911,0.6522674971442985,0.4516606364764307,173.0427023790155
4132,228696.71029460002,676.3086725668983,,,,0.727082156242478,0.6854309998740911,1.9449527647961287,0.6522676357150118,0.45166290179615665,173.0427287359442
4133,228696.69106587052,676.3086441350139,,,,0.7270820816398904,0.685431431082484,1.944952857607146,0.6522674681422157,0.4516591477196562,173.0427023790155
4134,228696.70964565306,676.3086716073557,,,,0.7270820662083238,0.6854310906429044,1.944952857607146,0.6522674699231498,0.4516616366847117,173.0427023790155
4135,228696.6962478558,676.3086517971743,,,,0.727082069177136,0.6854304334481691,1.944952857607146,0.6522675869943673,0.4516616478913645,173.0426982038596
4136,228696.67059277344,676.3086138631879,,,,0.7270820305276212,0.6854312414439792,1.944952857607146,0.6522673995892316,0.4516616478913645,173.042680331349
4137,228696.69517698366,676.3086502137668,,,,0.7270820715736416,0.6854314715899923,1.944952857607146,0.6522674801052742,0.4516616478913645,173.0427023790155
4138,228696.69451104852,676.3086492291054,,,,0.7270820838836571,0.6854319009754515,1.944952857607146,0.652267538375276,0.4516616478913645,173.04270454749383
4139,228696.69925819128,676.308656248301,,,,0.727082071609209,0.6854314487799733,1.944952857607146,0.6522674873499597,0.4516616478913645,173.042713465811
4140,228696.69542954996,676.3086505872151,,,,0.7270820818078205,0.6854314471761828,1.944952857607146,0.6522675058400923,0.4516616478913645,173.0427023790155
4141,229108.5029958957,676.9172814988485,,,,0.7270149144667228,0.6853444233197753,1.9449873288435586,0.6521746842529745,0.45165875199488686,173.03768625932057
4142,229108.50659480327,676.917286815462,,,,0.7270149568806515,0.6853448248293366,1.944988326609817,0.6521746319952516,0.4516585482524517,173.03768268977393
4143,229108.50208782192,676.9172801573644,,,,0.7270149069934855,0.6853445387118533,1.9449870397032778,0.6521747190825113,0.451658821472967,173.03769518932774
4144,229108.5130194191,676.917296306453,,,,0.7270148513442928,0.6853441187429619,1.9449871454958603,0.6521746681797824,0.451659198070776,173.03768176421306
4145,229108.50437870566,676.9172835416535,,,,0.727014925613458,0.6853437580088222,1.9449876535876063,0.6521747800382389,0.45165296462306015,173.03769630645027
4146,229108.504965692,676.9172844087997,,,,0.7270148948900529,0.6853438323837202,1.9449873288435586,0.6521746794636708,0.4516568914399369,173.03768625932057
4147,229108.51530332083,676.9172996804274,,,,0.7270149315207105,0.6853444494971677,1.9449870835331595,0.6521747049805872,0.4516711412673546,173.03768420583734
4148,229108.4992102971,676.9172759064389,,,,0.7270149161002816,0.6853443852146979,1.9449876989425796,0.6521746850094884,0.4516574407806288,173.03768625932057
4149,229108.5201143883,676.9173067877465,,,,0.7270148455658066,0.6853444226150962,1.9449874216605623,0.6521744143734229,0.4516514861456412,173.03767649182367
4150,229108.5005679467,676.9172779120748,,,,0.7270149019373393,0.6853444192883484,1.9449872111162863,0.6521746816988743,0.45166853281193975,173.03768625932057
4151,229108.49881674847,676.9172753250558,,,,0.7270149419498305,0.6853444325877571,1.944988665144803,0.6521746120181475,0.4516649262080284,173.03768614877487
4152,229108.49487511424,676.9172695021368,,,,0.7270148950363536,0.6853444213605,1.9449875393008162,0.6521747115997488,0.451657067329272,173.03768625932057
4153,229108.50371730572,676.917282564577,,,,0.7270149058854759,0.6853444150284476,1.9449866355539043,0.6521747067371486,0.45165654639933506,173.03768625932057
4154,229108.49883209955,676.9172753477336,,,,0.727014844739159,0.6853443213307457,1.9449869087207052,0.6521745776148239,0.4516599483999009,173.03768439157847
4155,229108.5034269854,676.917282135691,,,,0.7270148812610365,0.6853443777427501,1.9449866097861408,0.6521749409896768,0.4516559965865653,173.03768822830938
4156,229108.50450290044,676.9172837251245,,,,0.727014879581319,0.6853444160264393,1.9449873797461885,0.6521747010523984,0.4516577401560547,173.03768625932057
4157,229108.51808441442,676.9173037888961,,,,0.7270149971800801,0.6853439765314987,1.9449872360381868,0.6521748399378753,0.45166000579544546,173.03771261651679
4158,229108.4988702598,676.9172754041068,,,,0.727014922430718,0.6853444072242552,1.9449873288435586,0.6521746722251052,0.4516562522704259,173.03768625932057
4159,229108.51742367385,676.917302812794,,,,0.7270149069539226,0.685344066846459,1.9449873288435586,0.652174673814713,0.4516587405033193,173.03768625932057
4160,229108.50403828488,676.9172830387549,,,,0.7270149099232378,0.6853434092993294,1.9449873288435586,0.652174790914776,0.45165875199488686,173.0376820840508
4161,229108.4778235836,676.9172443121593,,,,0.7270148710576818,0.6853442177712128,1.9449873288435586,0.6521746031073505,0.45165875199488686,173.03766421151101
4162,229108.50295520885,676.9172814387424,,,,0.7270149123016239,0.6853444477506183,1.9449873288435586,0.6521746839928725,0.45165875199488686,173.03768625932057
4163,229108.50209276014,676.9172801646597,,,,0.7270149244319539,0.685344877161235,1.9449873288435586,0.6521747418742061,0.45165875199488686,173.03768842781452
4164,229108.5070382431,676.9172874705492,,,,0.7270149123421719,0.685344424923946,1.9449873288435586,0.6521746912443748,0.45165875199488686,173.03769734612018
4165,229108.5032100012,676.9172818151435,,,,0.7270149225121227,0.6853444233197753,1.9449873288435586,0.6521747096325472,0.45165875199488686,173.03768625932057
4166,230153.61763363675,678.4594573497178,,,,0.7268845812867823,0.6851695043547175,1.9450561808649771,0.6520038345029417,0.4515861429482918,173.02763800706063
4167,230153.6215345128,678.4594630993257,,,,0.7268846238859829,0.6851699049738542,1.9450571785021435,0.6520037821431743,0.4515889371632676,173.0276344376772
4168,230153.6166429186,678.4594558894711,,,,0.7268845737666767,0.6851696197915789,1.9450558917843814,0.6520038689581177,0.4515854048836013,173.0276469369739
4169,230153.62766140085,678.4594721299143,,,,0.726884518056925,0.6851692002634275,1.94505599758916,0.6520038181692447,0.4515837386752521,173.0276335119675
4170,230153.61868283252,678.4594588961561,,,,0.7268845924321116,0.685168838828736,1.9450565056181959,0.6520039299233651,0.4515854951894055,173.0276480540785
4171,230153.61960815403,678.459460260013,,,,0.7268845618055881,0.6851689143253963,1.9450561808649771,0.6520038298811273,0.45158563620107867,173.02763800706063
4172,230153.62994654314,678.4594754980479,,,,0.7268845986359738,0.6851695303417225,1.9450559355352566,0.6520038559219823,0.45158323029164393,173.0276359533246
4173,230153.61385275197,678.4594517769677,,,,0.7268845832621771,0.6851694662367778,1.945056551005718,0.6520038358126559,0.4515832043578081,173.02763800706063
4174,230153.63471802467,678.459482530865,,,,0.7268845122063466,0.6851695036464922,1.945056273698376,0.6520035647027776,0.4515852791778273,173.02762823964053
4175,230153.61520440463,678.4594537692059,,,,0.7268845686594877,0.6851695003126139,1.9450560631628064,0.6520038315392944,0.4515822246515221,173.02763800706063
4176,230153.61344003517,678.4594511686531,,,,0.726884608976982,0.685169513659496,1.945057517290483,0.6520037625453452,0.45159397593115225,173.02763789656368
4177,230153.60950823434,678.4594453734642,,,,0.7268845618949461,0.6851695022673818,1.945056391367825,0.652003862064193,0.4515861429482918,173.02763800706063
4178,230153.61834811512,678.459458402807,,,,0.7268845726755269,0.685169496040644,1.9450554875795008,0.6520038569260654,0.4515872976679784,173.02763800706063
4179,230153.61315310394,678.4594507457379,,,,0.72688451172674,0.6851694036702851,1.9450557607165466,0.6520037279932801,0.45158407211800944,173.02763613917745
4180,230153.6180895335,678.4594580216765,,,,0.7268845482249146,0.6851694592300068,1.9450554618510436,0.6520040914913122,0.45158539214825266,173.02763997559887
4181,230153.61913498,678.4594595625886,,,,0.7268845463523402,0.6851694970531222,1.9450562317890294,0.6520038512582674,0.45159071312922483,173.02763800706063
4182,230153.63271844017,678.4594795836229,,,,0.7268846641528617,0.6851690584486801,1.9450560880432246,0.6520039903118153,0.4515841080519501,173.02766436478993
4183,230153.61355658522,678.4594513404396,,,,0.7268845897156153,0.6851694882567836,1.9450561808649771,0.6520038235155512,0.45158797806310474,173.02763800706063
4184,230153.632063407,678.4594786181516,,,,0.726884573846128,0.6851691480252319,1.9450561808649771,0.6520038241295634,0.4515825916217258,173.02763800706063
4185,230153.6186834185,678.4594588970199,,,,0.7268845766466472,0.6851684898488388,1.9450561808649771,0.6520039409445209,0.4515832043578081,173.02763383156363
4186,230153.59144747403,678.4594187532135,,,,0.7268845378667276,0.68516929906493,1.9450561808649771,0.6520037533587718,0.4515861429482918,173.0276159589651
4187,230153.617593052,678.4594572898989,,,,0.7268845791216358,0.6851695288255353,1.9450561808649771,0.6520038342429679,0.4515861429482918,173.02763800706063
4188,230153.61639644956,678.4594555261938,,,,0.7268845911994695,0.6851699583103379,1.9450561808649771,0.652003892073776,0.4515861429482918,173.02764017558812
4189,230153.62167903018,678.459463312334,,,,0.7268845791680391,0.6851695059596754,1.9450561808649771,0.6520038414969601,0.4515861429482918,173.0276490938642
4190,230153.61785027297,678.4594576690239,,,,0.7268845893035657,0.6851695043547175,1.9450561808649771,0.6520038597919389,0.4515861429482918,173.02763800706063
4191,233132.6058525814,682.8361528984556,,,,0.7266965712035686,0.6848194862772183,1.9451934623744713,0.6519136903465124,0.45139177029844546,173.00750892870028
4192,233132.6103838237,682.8361595343699,,,,0.7266966143355278,0.6848198856461303,1.9451944597468243,0.6519136383426823,0.4513905268404015,173.00750535964403
4193,233132.60470181322,682.8361512131783,,,,0.7266965637084489,0.6848196017411503,1.9451931734176848,0.6519137246197441,0.45139089931316845,173.0075178584251
4194,233132.61589126918,682.8361675999145,,,,0.7266965077558228,0.6848191830844783,1.9451932792326436,0.6519136736885064,0.4513912720592176,173.0075044336368
4195,233132.6062115273,682.8361534241245,,,,0.7266965824174324,0.6848188205341778,1.9451937871435372,0.651913785186945,0.4513902251381225,173.0075189754936
4196,233132.6078352223,682.8361558019939,,,,0.7266965518429901,0.684818898379916,1.9451934623744713,0.651913685854266,0.45139177029844546,173.00750892870028
4197,233132.61817711152,682.8361709474849,,,,0.7266965885268487,0.6848195119362389,1.9451932170021133,0.6519137117946269,0.4513902918787909,173.00750687445742
4198,233132.60208174877,682.8361473761461,,,,0.7266965735565776,0.6848194481400935,1.9451938325881888,0.6519136920605051,0.45139177029844546,173.00750892870028
4199,233132.62286659607,682.8361778151422,,,,0.7266965018572537,0.6848194855649781,1.945193555253842,0.6519134208963878,0.45137900957227994,173.00749916143337
4200,233132.60342128295,682.8361493378671,,,,0.7266965585386927,0.6848194822131224,1.945193344725576,0.6519136872306743,0.45139177029844546,173.00750892870028
4201,233132.60162722567,682.8361467105059,,,,0.7266965993662704,0.6848194957135089,1.945194798986118,0.651913619164963,0.4513889649082043,173.00750881830047
4202,233132.5977171826,682.8361409843252,,,,0.7266965518120276,0.6848194839571891,1.9451936729671506,0.6519137180486755,0.45139177029844546,173.00750892870028
4203,233132.6065528428,682.8361539239744,,,,0.7266965625841015,0.6848194779200167,1.945192769139574,0.6519137126504398,0.45139177029844546,173.00750892870028
4204,233132.60073923814,682.8361454100657,,,,0.7266965020592447,0.6848193866919011,1.9451930421864088,0.6519135843943189,0.45138607164913364,173.0075070605343
4205,233132.60635587593,682.8361536355202,,,,0.7266965383786994,0.684819441385116,1.945192743498025,0.6519139476652578,0.4513943287356346,173.00751089633746
4206,233132.6073427437,682.8361550807685,,,,0.7266965361388305,0.6848194789608315,1.945193513342016,0.6519137069288367,0.45139177029844546,173.00750892870028
4207,233132.62092539662,682.8361749722939,,,,0.726696654304296,0.6848190422503131,1.9451933695067778,0.6519138462819786,0.45138106793159344,173.00753528749487
4208,233132.60186627434,682.8361470605881,,,,0.7266965797559605,0.6848194701753516,1.9451934623744713,0.6519136797705584,0.451391977655167,173.00750892870028
4209,233132.62028615703,682.8361740361404,,,,0.7266965638249051,0.6848191301469272,1.9451934623744713,0.6519136799925332,0.45139177029844546,173.00750892870028
4210,233132.60691564038,682.8361544552839,,,,0.7266965664489364,0.6848184723679236,1.9451934623744713,0.651913796599891,0.451347387138003,173.00750475274788
4211,233132.57765502227,682.8361116036882,,,,0.7266965275652918,0.6848192814077327,1.9451934623744713,0.6519136083306922,0.4513856004618428,173.0074868800338
4212,233132.60581223218,682.836152839365,,,,0.7266965690385789,0.68481951083031,1.9451934623744713,0.6519136900868892,0.45139177029844546,173.00750892870028
4213,233132.6039722921,682.8361501448092,,,,0.726696580972503,0.6848199398885615,1.9451934623744713,0.6519137476087197,0.45139130477032463,173.00751109729487
4214,233132.60990350856,682.8361588309581,,,,0.7266965690955763,0.6848194878832867,1.9451934623744713,0.6519136973435068,0.4513938037262134,173.0075200155125
4215,233132.606071477,682.8361532190239,,,,0.7266965792025533,0.6848194862772183,1.9451934623744713,0.6519137156106163,0.45139177029844546,173.00750892870028
4216,228773.1086229715,676.4216268319215,,,,0.7265935832942433,0.6846637731349301,1.9452521959576452,0.6517393046270105,0.4511622657692758,172.99854674303756
4217,228773.11216252155,676.4216320646782,,,,0.7265936266868072,0.6846641728334917,1.9452531932088342,0.6517392527432433,0.45118594088499686,172.9985431741257
4218,228773.10775629137,676.4216255506494,,,,0.7265935758184983,0.6846638883107292,1.945251907056267,0.6517393388866557,0.45115168734786393,172.9985556726799
4219,228773.11867564617,676.4216416934722,,,,0.7265935199654916,0.6846634702832696,1.945252012878972,0.6517392883261398,0.45118519968937737,172.99854224798693
4220,228773.11008590332,676.4216289946728,,,,0.7265935946304309,0.6846631077968199,1.9452525207269602,0.65173939966136,0.4511621429042598,172.99855678973054
4221,228773.11060761203,676.4216297659502,,,,0.7265935640300254,0.6846631863649597,1.9452521959576452,0.6517393002562576,0.4511854921096223,172.99854674303756
4222,228773.12095621612,676.4216450649939,,,,0.7265936005976511,0.6846637986314099,1.9452519505717107,0.6517393260367766,0.451171713657041,172.99854468856867
4223,228773.10485899195,676.4216212673749,,,,0.7265935858256684,0.6846637349922092,1.9452525662021387,0.6517393065078495,0.45116470494907945,172.99854674303756
4224,228773.12580053465,676.4216522266784,,,,0.726593514021158,0.6846637724284736,1.945252288850453,0.6517390358707816,0.4511801090914479,172.9985369758403
4225,228773.1061913223,676.4216232370494,,,,0.7265935706993714,0.6846637690689836,1.9452520783299112,0.6517393014547374,0.4511684348298082,172.99854674303756
4226,228773.1044065624,676.4216205985175,,,,0.7265936117410632,0.6846637826781088,1.9452535326596898,0.6517392340796835,0.45116852973404176,172.99854663268033
4227,228773.10048212434,676.4216147967544,,,,0.7265935637384656,0.6846637707297332,1.945252406590026,0.6517393317871207,0.4511822725456699,172.99854674303756
4228,228773.109316879,676.4216278577718,,,,0.7265935746468734,0.6846637647588085,1.945251502733331,0.651739326860294,0.45118295155586585,172.99854674303756
4229,228773.10463618356,676.421620937982,,,,0.7265935141037163,0.6846636703031067,1.9452517757532697,0.6517391987274478,0.451154558657812,172.99854487474556
4230,228773.10909522447,676.421627530085,,,,0.7265935505146655,0.6846637268383423,1.945251477126187,0.6517395619052947,0.4511622657692758,172.99854871027804
4231,228773.11010884267,676.4216290285854,,,,0.7265935481769381,0.684663765810864,1.9452522469459659,0.6517393211375893,0.4511622657692758,172.99854674303756
4232,228773.1236538795,676.4216490531322,,,,0.7265936663134691,0.6846633300263791,1.9452521030765244,0.6517394603419197,0.4511622657692758,172.9985731023047
4233,228773.10450767213,676.421620747995,,,,0.7265935918043694,0.6846637570307196,1.9452521959576452,0.6517392940001131,0.4511622657692758,172.99854674303756
4234,228773.12305653843,676.4216481700427,,,,0.726593575896159,0.6846634169332411,1.9452521959576452,0.6517392942118098,0.4511622657692758,172.99854674303756
4235,228773.10962419256,676.4216283120948,,,,0.7265935785133842,0.6846627594630399,1.9452521959576452,0.6517394109378036,0.4511622657692758,172.9985425668819
4236,228773.08373276936,676.4215900350454,,,,0.7265935404388385,0.684663567916274,1.9452521959576452,0.6517392245976055,0.4511622657692758,172.9985246941176
4237,228773.10858275622,676.4216267724685,,,,0.7265935811294703,0.6846637977236525,1.9452521959576452,0.6517393043677312,0.4511622657692758,172.99854674303756
4238,228773.1078107257,676.4216256311234,,,,0.726593593330183,0.6846642265197247,1.9452521959576452,0.651739362641608,0.4511622657692758,172.99854891166146
4239,228773.11267646885,676.4216328244817,,,,0.7265935811920465,0.6846637747406811,1.9452521959576452,0.6517393116309016,0.4511622657692758,172.9985578298543
4240,228773.10883371995,676.421627143485,,,,0.726593591299783,0.6846637731349301,1.9452521959576452,0.651739329997671,0.4511622657692758,172.99854674303756
4241,229233.2083333848,677.1014818081328,,,,0.7265275623068462,0.6845762076895439,1.9452855607716275,0.6516491115497,0.45113061999288817,172.99351096184466
4242,229233.2120117688,677.1014872406777,,,,0.726527605770317,0.6845766070285044,1.9452865579619507,0.6516490596045312,0.4511448906447716,172.99350739301306
4243,229233.20741824887,677.1014804565838,,,,0.7265275546982781,0.6845763227478805,1.9452852718932456,0.6516491455325553,0.45113185183258364,172.9935198914418
4244,229233.2183790297,677.10149664438,,,,0.7265274988794758,0.6845759050729551,1.94528537773644,0.6516490950519117,0.45113803244151374,172.9935064668015
4245,229233.2096283769,677.1014837206856,,,,0.7265275736530288,0.6845755427174023,1.945285885545018,0.6516492064489978,0.45112999004765664,172.99352100848188
4246,229233.21032115348,677.1014847438358,,,,0.726527543097185,0.6845756214511696,1.9452855607716275,0.6516491072390217,0.4511451418525067,172.99351096184466
4247,229233.2206655097,677.1015000212445,,,,0.726527579577306,0.6845762330814945,1.9452853153771874,0.651649132923543,0.45113249202618333,172.99350890724878
4248,229233.20457046284,677.1014762507358,,,,0.7265275649167823,0.6845761695441197,1.9452859310472561,0.6516491134982783,0.4511304594981621,172.99351096184466
4249,229233.22548676535,677.101507141677,,,,0.726527492901518,0.6845762069852521,1.94528565367555,0.6516488427353795,0.4511447549725534,172.99350119468733
4250,229233.20590068898,677.1014782153245,,,,0.726527549701279,0.6845762036207954,1.9452854431562991,0.6516491083304207,0.4511447753804279,172.99351096184466
4251,229233.2040888043,677.1014755393825,,,,0.7265275907862757,0.6845762173160566,1.9452868975533883,0.651649040936166,0.45113886438357054,172.99351085151164
4252,229233.20018948475,677.1014697805413,,,,0.7265275427167802,0.6845762052294897,1.945285771427054,0.6516491386784473,0.45113061999288817,172.99351096184466
4253,229233.209023687,677.1014828276288,,,,0.7265275536723226,0.6845761993025308,1.945284867562143,0.651649133758746,0.45113061999288817,172.99351096184466
4254,229233.2041929752,677.1014756932304,,,,0.7265274931891554,0.6845761052303707,1.9452851405461062,0.6516490057208152,0.4511364917521564,172.99350909348217
4255,229233.20881891027,677.1014825251975,,,,0.7265275296031335,0.6845761614674211,1.9452848419835975,0.6516493689425487,0.4511289407720797,172.99351292886428
4256,229233.20981594324,677.1014839976989,,,,0.7265275271569065,0.6845762003615798,1.9452856117709338,0.6516491280178782,0.45114374528342316,172.99351096184466
4257,229233.2233794383,677.1015040294006,,,,0.7265276454962967,0.6845757652061839,1.9452854678794012,0.6516492675702559,0.45113703568586444,172.99353732137791
4258,229233.20424635604,677.1014757720677,,,,0.7265275708439687,0.6845761915844353,1.9452855607716275,0.6516491010090679,0.4511396465751467,172.99351096184466
4259,229233.22276858904,677.1015031272476,,,,0.7265275549389324,0.6845758514946084,1.9452855607716275,0.6516491011605541,0.45113149189845514,172.99351096184466
4260,229233.20935554008,677.1014833177372,,,,0.7265275576408101,0.684575195863874,1.9452855607716275,0.6516492181604435,0.4511364196590052,172.9935067855747
4261,229233.18287448087,677.1014442082972,,,,0.7265275191499908,0.684576002789868,1.9452855607716275,0.6516490308514354,0.45113061999288817,172.99348891278268
4262,229233.208293176,677.1014817487492,,,,0.7265275601418746,0.6845762322990387,1.9452855607716275,0.6516491112904088,0.45113061999288817,172.99351096184466
4263,229233.20731562536,677.1014803050209,,,,0.7265275721063353,0.6845766602932857,1.9452855607716275,0.6516491690186579,0.45113061999288817,172.9935131304848
4264,229233.21238809722,677.1014877964707,,,,0.7265275602073429,0.6845762092956473,1.9452855607716275,0.6516491185558242,0.45113061999288817,172.9935220486645
4265,229233.20854941537,677.1014821271849,,,,0.7265275703269654,0.6845762076895439,1.9452855607716275,0.6516491369144393,0.45113061999288817,172.99351096184466
4266,230378.53242709202,678.7908844807686,,,,0.7264012980936115,0.6844031509808381,1.9453527202205307,0.6514898914472771,0.45109027692021547,172.98342745323424
4267,230378.536411164,678.7908903501342,,,,0.726401341833528,0.6844035495277458,1.945353717286189,0.651489839572605,0.4510970717764785,172.98342388456643
4268,230378.53142879234,678.7908830100657,,,,0.7264012903363427,0.6844032660016863,1.945352431395773,0.651489925018549,0.45105921084831374,172.98343638273758
4269,230378.5424752156,678.7908992837419,,,,0.7264012345289527,0.68440284878621,1.9453525372625382,0.6514898747658209,0.45109374465915963,172.98342295820595
4270,230378.53338380405,678.790885890204,,,,0.7264013094150371,0.6844024859632081,1.945353045003071,0.651489985995713,0.4510555952336855,172.98343749975876
4271,230378.53441927623,678.7908874156699,,,,0.7264012789582643,0.6844025657485248,1.9453527202205307,0.6514898872138273,0.45109518307842533,172.98342745323424
4272,230378.5447644321,678.7909026562336,,,,0.7264013153266864,0.684403176180507,1.9453524748063618,0.6514899127808881,0.45108220356186374,172.983425398384
4273,230378.52866859784,678.7908789437257,,,,0.7264013008973789,0.6844031128250027,1.9453530905470817,0.6514898935701458,0.45109027692021547,172.98342745323424
4274,230378.54954549856,678.7909096997374,,,,0.7264012285199529,0.6844031502706602,1.9453528131462503,0.651489622687488,0.45109673295744535,172.9834176861536
4275,230378.5299935098,678.7908808955963,,,,0.7264012854972148,0.6844031469046125,1.9453526026309138,0.6514898880832082,0.45109980561311613,172.98342745323424
4276,230378.52817055542,678.7908782100056,,,,0.7264013267738609,0.6844031607387858,1.945354057135947,0.6514898210818233,0.45107636631249587,172.98342734294943
4277,230378.5242784529,678.79087247613,,,,0.7264012785339097,0.6844031484109288,1.945352930921441,0.6514899187580591,0.45109027692021547,172.98342745323424
4278,230378.53311038428,678.7908854874,,,,0.7264012894609126,0.6844031425722694,1.9453520270334124,0.651489913595551,0.45109027692021547,172.98342745323424
4279,230378.52796343973,678.7908779048814,,,,0.7264012290010371,0.6844030497601978,1.9453522999621407,0.6514897856131666,0.45104702049123246,172.9834255847298
4280,230378.53293842697,678.7908852340712,,,,0.7264012656180894,0.6844031051870665,1.9453520015042094,0.6514901492226117,0.4510887578072627,172.98342941980545
4281,230378.53390394853,678.7908866564851,,,,0.7264012628793324,0.6844031436429605,1.945352771241592,0.6514899078338386,0.45109017196010626,172.98342745323424
4282,230378.5474702437,678.7909066424562,,,,0.7264013814007858,0.6844027094219138,1.9453526273065158,0.6514900476165565,0.45104478034437023,172.98345381329852
4283,230378.52838912854,678.7908785320095,,,,0.7264013067025626,0.6844031348738087,1.9453527202205307,0.6514898810720978,0.45109027692021547,172.98342745323424
4284,230378.54686502172,678.7909057508383,,,,0.7264012907847915,0.68440279484422,1.9453527202205307,0.6514898811122573,0.45109130927564933,172.98342745323424
4285,230378.53345851766,678.790886000273,,,,0.7264012934556988,0.6844021393645321,1.9453527202205307,0.6514899981036271,0.45109027692021547,172.98342327673552
4286,230378.5059442913,678.7908454661,,,,0.7264012549978105,0.6844029463921872,1.9453527202205307,0.6514898107765466,0.45109027692021547,172.9834054038878
4287,230378.53238697676,678.7908844216705,,,,0.7264012959285647,0.6844031756343703,1.9453527202205307,0.6514898911881194,0.45109027692021547,172.98342745323424
4288,230378.53107499372,678.7908824888468,,,,0.7264013078321281,0.6844036034499756,1.9453527202205307,0.6514899488228063,0.45109027692021547,172.9834296219078
4289,230378.53648455918,678.7908904582607,,,,0.7264012959990398,0.6844031525876724,1.9453527202205307,0.6514898984543233,0.45109027692021547,172.9834385400581
4290,230378.53264589765,678.7908848031147,,,,0.726401306085497,0.6844031509808381,1.9453527202205307,0.6514899167190553,0.45109027692021547,172.98342745323424
4291,233514.12153063974,683.3946466437088,,,,0.726235131126406,0.6840540954986749,1.9454853921562143,0.6514750990758803,0.45075720160269933,172.96300591831533
4292,233514.12614454646,683.3946533951616,,,,0.7262351770318853,0.6840544936772839,1.9454863889465497,0.6514750500256203,0.45075696424699074,172.96300234999654
4293,233514.12037213636,683.3946449484899,,,,0.7262351229856692,0.6840542103167684,1.9454851034628733,0.6514751319414759,0.45075694371310604,172.96301484761264
4294,233514.13159053036,683.3946613641785,,,,0.7262350672623402,0.6840537942102729,1.9454852093226112,0.6514750822334215,0.4507578131752852,172.96300142331455
4295,233514.12179805405,683.3946470350119,,,,0.7262351411281082,0.6840534303216719,1.9454857169452848,0.6514751910356973,0.4507572077409715,172.9630159646074
4296,233514.1235301722,683.3946495695913,,,,0.7262351121425362,0.6840535126809243,1.9454853921562143,0.6514750948943171,0.45075720160269933,172.96300591831533
4297,233514.1338806371,683.3946647152538,,,,0.7262351485257191,0.6840541203845318,1.9454851466966512,0.6514751208889177,0.45075749117842834,172.9630038629508
4298,233514.11778176218,683.394641158039,,,,0.7262351343953521,0.6840540573365004,1.9454857625245638,0.6514751018044516,0.45075720160269933,172.96300591831533
4299,233514.13857496768,683.3946715843891,,,,0.7262350612422696,0.6840540947803373,1.9454854851213375,0.6514748305712151,0.45075779307278374,172.96299615137687
4300,233514.11909473644,683.3946430792921,,,,0.7262351182928106,0.6840540914179731,1.9454852746192073,0.6514750950713157,0.45075720160269933,172.96300591831533
4301,233514.1172395782,683.3946403646698,,,,0.726235160142946,0.6840541055708245,1.9454867291882136,0.6514750292010737,0.4507647032475853,172.96300580813065
4302,233514.11337128194,683.3946347042562,,,,0.7262351114982919,0.6840540927349639,1.9454856029460967,0.6514751262062091,0.45075720160269933,172.96300591831533
4303,233514.12220010353,683.3946476233241,,,,0.7262351225498014,0.6840540870525047,1.9454846990059451,0.6514751211070643,0.45075720160269933,172.96300591831533
4304,233514.11643867195,683.3946391927174,,,,0.7262350624194429,0.684053993429264,1.9454849718856237,0.6514749938074167,0.45079414819327196,172.96300404952288
4305,233514.122087459,683.394647458493,,,,0.7262351005947864,0.6840540491611704,1.9454846735447282,0.6514753598150024,0.4507540021476624,172.963007883949
4306,233514.12299572674,683.3946487875462,,,,0.7262350957906387,0.6840540881437228,1.9454854432223025,0.6514751153126531,0.45075720160269933,172.96300591831533
4307,233514.13656336843,683.3946686408497,,,,0.7262352146837967,0.6840536558859647,1.945485299202825,0.6514752555573348,0.4507712545456451,172.9630322794426
4308,233514.1175808334,683.394640864023,,,,0.7262351402945424,0.6840540793891391,1.9454853921562143,0.6514750898024445,0.45075720160269933,172.96300591831533
4309,233514.13597083013,683.3946677737986,,,,0.7262351239184471,0.6840537393454097,1.9454853921562143,0.6514750888090564,0.4507571853946659,172.96300591831533
4310,233514.122576438,683.3946481740078,,,,0.7262351264196081,0.6840530854086764,1.9454853921562143,0.6514752056370595,0.45073525430040506,172.96300174135595
4311,233514.09305002296,683.3946049684954,,,,0.726235087694145,0.6840538910091704,1.9454853921562143,0.6514750171150324,0.45074235045425576,172.9629838683976
4312,233514.12149075727,683.3946465853495,,,,0.7262351289618638,0.6840541202434203,1.9454853921562143,0.6514750988171361,0.45075720160269933,172.96300591831533
4313,233514.11954143716,683.3946437329419,,,,0.7262351406881665,0.6840545472957689,1.9454853921562143,0.6514751560494952,0.4507478536012316,172.96300808706218
4314,233514.1255935101,683.3946525888392,,,,0.7262351290325636,0.6840540971062194,1.9454853921562143,0.6514751060338262,0.45075720160269933,172.96301700513786
4315,233514.12175152876,683.394646966932,,,,0.7262351391083,0.6840540954986749,1.9454853921562143,0.6514751243474349,0.45075720160269933,172.96300591831533
4316,232065.2838860195,681.2712879404497,,,,0.7261709536721906,0.6840153180289101,1.9455005904882496,0.6512963801332843,0.45071336693701064,172.96080776913828
4317,232065.2882513319,681.2712943480474,,,,0.7261709998443279,0.6840157162786203,1.9455015872564316,0.6512963313144283,0.45071877042721686,172.96080420084644
4318,232065.2828046113,681.2712863531108,,,,0.7261709461714559,0.6840154327699998,1.9455003017980492,0.6512964135523146,0.4507102449545388,172.9608166984236
4319,232065.29395613284,681.2713027218056,,,,0.7261708898453413,0.684015016861671,1.9455004076793712,0.6512963634434763,0.45071054895780227,172.9608032741413
4320,232065.28444207352,681.2712887566503,,,,0.7261709636511342,0.6840146528095754,1.945500915281609,0.6512964720365596,0.45071407863312035,172.96081781540752
4321,232065.28588644092,681.2712908767563,,,,0.7261709347095117,0.6840147355732231,1.9455005904882496,0.6512963759795483,0.45072119885296374,172.96080776913828
4322,232065.29624065562,681.2713060751287,,,,0.7261709711270297,0.6840153429134872,1.9455003450255186,0.6512964019963161,0.45071336693701064,172.96080571371803
4323,232065.2801408768,681.2712824431641,,,,0.7261709570358638,0.6840152798620057,1.9455009608815972,0.6512963829522794,0.45071341122057595,172.96080776913828
4324,232065.30097727434,681.2713130277459,,,,0.7261708838646549,0.684015317315988,1.9455006834645718,0.6512961118944915,0.4507048879805162,172.96079800222404
4325,232065.28145198905,681.2712843676728,,,,0.7261709410325677,0.684015313945519,1.9455004729571894,0.6512963762451217,0.45071336693701064,172.96080776913828
4326,232065.2796134663,681.2712816690079,,,,0.7261709827360302,0.6840153281312817,1.945501927570281,0.6512963102446055,0.45071144956401216,172.96080765896264
4327,232065.27572545136,681.2712759620083,,,,0.7261709340293457,0.6840153152454354,1.9455008012887085,0.6512964071764632,0.45071336693701064,172.96080776913828
4328,232065.28455319782,681.2712889197634,,,,0.7261709449848419,0.6840153095772399,1.9454998973629931,0.6512964021119088,0.45071336693701064,172.96080776913828
4329,232065.2790724783,681.2712808749217,,,,0.7261708849863387,0.6840152151698364,1.9455001701992134,0.6512962749433776,0.4507079168598354,172.9608059003154
4330,232065.28443674452,681.271288748828,,,,0.7261709232616789,0.6840152713394969,1.9454998719255396,0.6512966411123354,0.45072197395481606,172.96080973469225
4331,232065.2853507406,681.271290090432,,,,0.7261709183262843,0.6840153106723162,1.9455006415588145,0.6512963963581785,0.45071336693701064,172.96080776913828
4332,232065.29889406927,681.2713099699257,,,,0.7261710370807974,0.6840148787787101,1.9455004975236643,0.6512965363472504,0.45069407889908675,172.96083413038394
4333,232065.27990507058,681.2712820970376,,,,0.7261709628517672,0.6840153019185713,1.9455005904882496,0.6512963708790869,0.45071950423624635,172.96080776913828
4334,232065.29832703053,681.2713091376012,,,,0.7261709464779647,0.684014961864882,1.9455005904882496,0.6512963698694765,0.45071514942208274,172.96080776913828
4335,232065.2849075086,681.2712894398361,,,,0.726170948722036,0.6840143081941106,1.9455005904882496,0.6512964862728494,0.450712301680604,172.96080359212766
4336,232065.25627489242,681.2712474116203,,,,0.7261709104758328,0.6840151135264739,1.9455005904882496,0.6512962989061375,0.4507113540915906,172.96078571915888
4337,232065.28384619422,681.2712878819924,,,,0.7261709515078535,0.6840153427863681,1.9455005904882496,0.6512963798746958,0.45071336693701064,172.96080776913828
4338,232065.2821820674,681.2712854393138,,,,0.7261709634434963,0.6840157696990634,1.9455005904882496,0.6512964376514933,0.4507162824631136,172.96080993788945
4339,232065.28794941978,681.2712939048878,,,,0.7261709515765344,0.6840153196364402,1.9455005904882496,0.6512963870756229,0.45071336693701064,172.96081885596692
4340,232065.28410465224,681.2712882613686,,,,0.7261709616696169,0.6840153180289101,1.9455005904882496,0.6512964054817394,0.45071336693701064,172.96080776913828
4341,229792.45197846772,677.9269163832746,,,,0.7261078237778892,0.6839264267936065,1.945534443481003,0.6511869323216675,0.4506407537085391,172.95556579882586
4342,229792.45584837988,677.9269220917251,,,,0.7261078700515365,0.6839268248917492,1.9455354401820089,0.6511868833316128,0.45063718327163216,172.9555622306141
4343,229792.45102921542,677.9269149830465,,,,0.7261078163810502,0.6839265414088478,1.945534154822294,0.6511869660450433,0.45063717561800887,172.95557472806775
4344,229792.46204867185,677.926931237684,,,,0.7261077597819782,0.6839261258371079,1.945534260710861,0.6511869154835748,0.4506444824555311,172.9555613038371
4345,229792.4530748225,677.9269180004911,,,,0.7261078336824591,0.6839257617643406,1.9455347682756192,0.65118702420896,0.4506407537085391,172.95557584503777
4346,229792.45397905892,677.9269193343173,,,,0.7261078048643281,0.6839258449344461,1.945534443481003,0.6511869282143182,0.4506407537085391,172.95556579882586
4347,229792.46433538216,677.9269346107766,,,,0.7261078412182819,0.6839264515433645,1.9455341980112189,0.6511869542164885,0.4506407537085391,172.95556374327282
4348,229792.4482360489,677.9269108628877,,,,0.7261078272388324,0.6839263886233437,1.9455348139011743,0.6511869352494563,0.4506407537085391,172.95556579882586
4349,229792.4691469061,677.9269417081847,,,,0.7261077539549912,0.6839264260764137,1.9455345364673946,0.6511866643119325,0.4506393437550845,172.95555603195544
4350,229792.4495430114,677.926912790769,,,,0.7261078111030468,0.6839264227089481,1.9455343259626334,0.6511869285105407,0.4506407537085391,172.95556579882586
4351,229792.44769726603,677.9269100681372,,,,0.7261078529849246,0.683926436994219,1.945535780633148,0.6511868627375224,0.4506204078847755,172.9555656886744
4352,229792.4438150508,677.9269043415385,,,,0.7261078040707976,0.6839264239642985,1.9455346543045418,0.6511869591650733,0.4506407537085391,172.95556579882586
4353,229792.45264224758,677.9269173624065,,,,0.7261078151456772,0.6839264183307061,1.9455337503675094,0.6511869542782713,0.4506407537085391,172.95556579882586
4354,229792.44771672008,677.9269100968331,,,,0.7261077550865522,0.6839263233707938,1.945534023174586,0.6511868272146069,0.45065656695048945,172.95556392992972
4355,229792.4525171087,677.926917177816,,,,0.7261077935375044,0.6839263798371684,1.9455337249559386,0.6511871935096439,0.45063315915117164,172.95556776415845
4356,229792.45344033372,677.9269185396515,,,,0.7261077884021327,0.6839264194295742,1.9455344945637092,0.6511869485142617,0.4506406258295227,172.95556579882586
4357,229792.46697480028,677.9269385041433,,,,0.7261079072487439,0.6839259879022934,1.9455343505063554,0.6511870887663036,0.4506427233884149,172.95559216034826
4358,229792.4479377143,677.9269104228188,,,,0.7261078329414237,0.6839264106822189,1.945534443481003,0.6511869230568699,0.4506407537085391,172.95556579882586
4359,229792.46641970138,677.926937685325,,,,0.7261078165874147,0.6839260705693644,1.945534443481003,0.651186922052104,0.4506344299719114,172.95556579882586
4360,229792.4529765823,677.9269178555786,,,,0.7261078185068003,0.6839254165307406,1.945534443481003,0.6511870379279059,0.4506527027436825,172.95556162169532
4361,229792.4259523486,677.9268779925288,,,,0.7261077805044696,0.6839262221969324,1.945534443481003,0.6511868513944835,0.4506566989221249,172.95554374869997
4362,229792.4519386915,677.9269163246013,,,,0.7261078216134889,0.683926451572948,1.945534443481003,0.6511869320632194,0.4506407537085391,172.95556579882586
4363,229792.45077492608,677.9269146079482,,,,0.7261078336085538,0.6839268785709589,1.945534443481003,0.6511869900544018,0.45066163760816086,172.95556796759277
4364,229792.45604327958,677.9269223792186,,,,0.7261078216772278,0.6839264284010413,1.945534443481003,0.6511869392210039,0.4506407537085391,172.95557688565972
4365,229792.45219188026,677.9269166980763,,,,0.7261078317535602,0.6839264267936065,1.945534443481003,0.6511869576565665,0.4506407537085391,172.95556579882586
4366,230099.28007530718,678.3793630046647,,,,0.7260773923541844,0.6838825904838763,1.9455508840401095,0.6511499981651473,0.450653716038244,172.95304449147417
4367,230099.2840150628,678.379368812264,,,,0.7260774386734528,0.6838829883488993,1.94555188071039,0.6511499490685926,0.45065014556240746,172.95304092329962
4368,230099.2791024175,678.3793615705265,,,,0.7260773851398792,0.6838827049937638,1.9455505953932517,0.6511500319689674,0.45065013811162735,172.95305342069594
4369,230099.2901399214,678.3793778409266,,,,0.7260773282703483,0.6838822896848498,1.9455507012910647,0.651149981166431,0.4506574446375138,172.9530399964892
4370,230099.28108523195,678.3793644933961,,,,0.7260774022799664,0.6838819257679412,1.9455512088362874,0.6511500899944799,0.450653716038244,172.9530545376588
4371,230099.2820778776,678.3793659566563,,,,0.7260773734780323,0.6838820089525907,1.9455508840401095,0.651149994105402,0.450653716038244,172.95304449147417
4372,230099.2924308498,678.3793812179877,,,,0.7260774097895264,0.6838826151827069,1.9455506385660124,0.65115002005053,0.450653716038244,172.95304243585736
4373,230099.27633382677,678.379357489343,,,,0.7260773958697887,0.6838825523126159,1.9455512544757139,0.6511500011427441,0.450653716038244,172.95304449147417
4374,230099.29723085903,678.3793882936877,,,,0.7260773224582283,0.6838825897699776,1.9455509770332646,0.6511497301000297,0.4506523061165826,172.95303472462575
4375,230099.27764015694,678.3793594150059,,,,0.7260773797475095,0.6838825863973571,1.9455507665280407,0.651149994389567,0.450653716038244,172.95304449147417
4376,230099.2757758732,678.3793566668623,,,,0.7260774215483041,0.6838826007478569,1.9455522212275225,0.6511499284705812,0.4506349492666272,172.95304438133425
4377,230099.27191007842,678.3793509682891,,,,0.7260773726213119,0.683882587631284,1.9455510948749752,0.6511500249499552,0.450653716038244,172.95304449147417
4378,230099.280736941,678.37936397998,,,,0.726077383692928,0.6838825820153116,1.9455501909388888,0.6511500200950875,0.450653716038244,172.95304449147417
4379,230099.27573787703,678.3793566108521,,,,0.7260773237095903,0.6838824872785858,1.9455504637234464,0.6511498931375088,0.4506725664439554,172.95304262254265
4380,230099.28062052676,678.3793638083735,,,,0.7260773621418168,0.6838825435573013,1.9455501655429914,0.6511502594139741,0.4506461218013934,172.95304645670234
4381,230099.2815355403,678.3793651571962,,,,0.7260773569643817,0.6838825831181519,1.945550935128445,0.6511500143426437,0.4506535881648929,172.95304449147417
4382,230099.29508257794,678.3793851269036,,,,0.726077475921764,0.6838821520018994,1.9455507910587067,0.6511501548840601,0.45065702303786404,172.9530708531301
4383,230099.27604935924,678.3793570700088,,,,0.7260774015208143,0.6838825743720411,1.9455508840401095,0.6511499889332237,0.450653716038244,172.95304449147417
4384,230099.29451781115,678.3793842943801,,,,0.7260773851855037,0.6838822342406162,1.9455508840401095,0.6511499879166563,0.4506473922695097,172.95304449147417
4385,230099.28108842287,678.3793644980998,,,,0.7260773870476681,0.6838815818521012,1.9455508840401095,0.6511501037528797,0.4506656652005575,172.95304031428591
4386,230099.25374846242,678.3793241962235,,,,0.726077348694684,0.68388238613955,1.9455508840401095,0.6511499164571237,0.4506696611265296,172.95302244127717
4387,230099.28003552574,678.3793629460228,,,,0.726077390189615,0.6838826152748636,1.9455508840401095,0.6511499979066808,0.450653716038244,172.95304449147417
4388,230099.27876181633,678.3793610684459,,,,0.7260774020213335,0.6838830415842845,1.9455508840401095,0.651150055510688,0.4506746000444303,172.95304666024825
4389,230099.28414055146,678.3793689972471,,,,0.7260773902501124,0.6838825920914544,1.9455508840401095,0.6511500050390044,0.450653716038244,172.9530555783112
4390,230099.28029278497,678.3793633252488,,,,0.7260774003549085,0.6838825904838763,1.9455508840401095,0.6511500235344616,0.450653716038244,172.95304449147417
