iteration,iteration_time,jacobian_time,memory_mb
0,0.019289016723632812,,1173.651456
1,0.018601179122924805,,1396.260864
2,0.018543004989624023,,1400.17664
3,0.017640113830566406,,1404.321792
4,0.019733905792236328,,1435.795456
5,0.018805980682373047,,1441.972224
6,0.01879405975341797,,1446.281216
7,0.018819093704223633,,1447.804928
8,0.018226146697998047,,1452.949504
9,0.0181581974029541,,1454.358528
10,0.01802515983581543,,1457.422336
11,0.018045902252197266,,1465.860096
12,0.018564939498901367,,1467.154432
13,0.020529985427856445,,1360.625664
14,0.01844191551208496,,1360.789504
15,0.019893407821655273,,1374.666752
16,0.018507003784179688,,1379.565568
17,0.01896500587463379,,1397.047296
18,0.017687082290649414,,1398.800384
19,0.01809096336364746,,1403.53536
20,0.01887822151184082,,1400.684544
21,0.019381999969482422,,1405.272064
22,0.01905369758605957,,1414.660096
23,0.017567873001098633,,1411.465216
24,0.01852273941040039,,1413.496832
25,0.019915103912353516,,1503.39584
26,0.018480300903320312,,1506.295808
27,0.01845097541809082,,1507.606528
28,0.01801133155822754,,1508.933632
29,0.01874089241027832,,1519.501312
30,0.02002716064453125,,1520.795648
31,0.018531084060668945,,1522.106368
32,0.018635988235473633,,1523.417088
33,0.0196378231048584,,1530.871808
34,0.018429279327392578,,1489.616896
35,0.018928050994873047,,1492.434944
36,0.018483877182006836,,1502.33088
37,0.017881155014038086,,1502.281728
38,0.018779754638671875,,1506.443264
39,0.01835012435913086,,1508.999168
40,0.018903017044067383,,1510.309888
41,0.018963098526000977,,1521.451008
42,0.018590927124023438,,1527.56224
43,0.0185849666595459,,1530.6752
44,0.018126964569091797,,1532.002304
45,0.01826190948486328,,1535.639552
46,0.018194913864135742,,1544.306688
47,0.018049001693725586,,1548.894208
48,0.018703222274780273,,1509.474304
49,0.01863408088684082,,1519.190016
50,0.01774001121520996,,1515.995136
51,0.018680095672607422,,1508.442112
52,0.018330097198486328,,1429.880832
53,0.0229341983795166,,1430.437888
54,0.019860029220581055,,1423.44192
55,0.018405914306640625,,1408.090112
56,0.018548965454101562,,1417.084928
57,0.019271135330200195,,1418.641408
58,0.018755197525024414,,1397.342208
59,0.01837611198425293,,1398.882304
60,0.01840806007385254,,1336.901632
61,0.020676851272583008,,1304.00256
62,0.019463062286376953,,1088.63488
63,0.020579099655151367,,1003.241472
64,0.020203113555908203,,1016.414208
65,0.018555879592895508,,1023.26272
66,0.01866602897644043,,982.859776
67,0.019149065017700195,,1003.60192
68,0.01978898048400879,,1027.52256
69,0.018183231353759766,,1028.83328
70,0.017958879470825195,,1032.552448
71,0.018703699111938477,,1039.64672
72,0.01864790916442871,,1045.62688
73,0.017791032791137695,,1050.673152
74,0.01830577850341797,,1053.130752
75,0.017651081085205078,,903.512064
76,0.019856929779052734,,914.128896
77,0.018347978591918945,,919.814144
78,0.01834893226623535,,932.691968
79,0.01819920539855957,,934.019072
80,0.018411874771118164,,942.57152
81,0.018435001373291016,,943.865856
82,0.02086186408996582,,941.637632
83,0.018960237503051758,,1057.128448
84,0.017958879470825195,,1036.53376
85,0.01848006248474121,,1018.085376
86,0.018814802169799805,,1028.980736
87,0.018101930618286133,,1030.324224
88,0.017796993255615234,,1034.780672
89,0.019201993942260742,,1056.227328
90,0.0178987979888916,,1060.53632
91,0.01749396324157715,,1069.006848
92,0.018438100814819336,,1070.317568
93,0.018157005310058594,,1071.644672
94,0.01941680908203125,,1072.955392
95,0.018379926681518555,,1070.891008
96,0.01894092559814453,,858.734592
97,0.018665075302124023,,870.383616
98,0.01721787452697754,,809.811968
99,0.018748998641967773,,835.764224
100,0.017555952072143555,,839.483392
101,0.016954660415649414,,842.022912
102,0.016810178756713867,,848.19968
103,0.019009113311767578,,873.381888
104,0.01819896697998047,,875.921408
105,0.019225120544433594,,898.121728
106,0.01690816879272461,,899.497984
107,0.019921064376831055,,1010.302976
108,0.01751708984375,,1025.949696
109,0.018474102020263672,,1027.52256
110,0.018306732177734375,,1028.99712
111,0.018052101135253906,,1031.077888
112,0.018452882766723633,,1032.454144
113,0.018413066864013672,,1034.944512
114,0.01791214942932129,,1039.958016
115,0.01765894889831543,,1041.301504
116,0.017529726028442383,,1042.612224
117,0.01807117462158203,,1047.494656
118,0.01747894287109375,,1049.329664
119,0.018636703491210938,,1050.86976
120,0.01805591583251953,,1052.246016
121,0.018331050872802734,,1058.340864
122,0.017840862274169922,,1059.6352
123,0.01834893226623535,,1060.962304
124,0.01888585090637207,,1069.416448
125,0.01746511459350586,,1070.77632
126,0.017199039459228516,,1075.658752
127,0.017546892166137695,,1077.018624
128,0.018543004989624023,,1078.345728
129,0.01767897605895996,,1079.656448
130,0.017663955688476562,,1080.983552
131,0.01736283302307129,,1082.294272
132,0.01793503761291504,,1141.751808
133,0.0183260440826416,,1155.989504
134,0.021098852157592773,,1115.09504
135,0.018352985382080078,,1116.913664
136,0.018358230590820312,,952.090624
137,0.019490957260131836,,891.502592
138,0.02034926414489746,,902.823936
139,0.018030166625976562,,1076.396032
140,0.01795220375061035,,1090.781184
141,0.017984867095947266,,1098.514432
142,0.017543792724609375,,1104.510976
143,0.0169219970703125,,1115.242496
144,0.01724410057067871,,1119.289344
145,0.01671910285949707,,1120.845824
146,0.016867876052856445,,1128.267776
147,0.01668691635131836,,1136.820224
148,0.01761913299560547,,1140.604928
149,0.01701188087463379,,1142.276096
150,0.01810002326965332,,1157.873664
151,0.017216920852661133,,1159.184384
152,0.018912076950073242,,1160.462336
153,0.017994165420532227,,1164.443648
154,0.016607046127319336,,1159.725056
155,0.017388105392456055,,1161.05216
156,0.01658487319946289,,1162.657792
157,0.017548084259033203,,1182.711808
158,0.01780414581298828,,1183.367168
159,0.019252777099609375,,1185.595392
160,0.01796579360961914,,1187.053568
161,0.0189969539642334,,1189.117952
162,0.018161773681640625,,1191.460864
163,0.017274856567382812,,1192.771584
164,0.018301963806152344,,1194.115072
165,0.017627954483032227,,1195.409408
166,0.017397165298461914,,1200.29184
167,0.01771378517150879,,1205.190656
168,0.01800394058227539,,1207.74656
169,0.017576932907104492,,1209.565184
170,0.018301010131835938,,1210.892288
171,0.017892837524414062,,1212.219392
172,0.017713308334350586,,1213.546496
173,0.017869234085083008,,1214.562304
174,0.01857900619506836,,1215.840256
175,0.017773151397705078,,1217.134592
176,0.018019914627075195,,1220.100096
177,0.01807713508605957,,1226.473472
178,0.018433094024658203,,1227.800576
179,0.016705036163330078,,1229.094912
180,0.017029762268066406,,1230.405632
181,0.017622947692871094,,1231.716352
182,0.018397092819213867,,1277.149184
183,0.01798391342163086,,1278.459904
184,0.019630908966064453,,1283.653632
185,0.018789052963256836,,1284.980736
186,0.01777815818786621,,1286.275072
187,0.01860213279724121,,1283.44064
188,0.019195079803466797,,1285.07904
189,0.019169092178344727,,1190.363136
190,0.017349720001220703,,1202.077696
191,0.018141746520996094,,1210.53184
192,0.01764512062072754,,1211.84256
193,0.018921852111816406,,1238.286336
194,0.01947808265686035,,1257.897984
195,0.017737150192260742,,1261.223936
196,0.01833319664001465,,1274.200064
197,0.019021034240722656,,1273.69216
198,0.017952919006347656,,1289.814016
199,0.016680240631103516,,1295.253504
200,0.016108989715576172,,1296.7936
201,0.016071796417236328,,1298.153472
202,0.016190767288208008,,1300.709376
203,0.017972946166992188,,1302.020096
204,0.017447948455810547,,1303.314432
205,0.0162811279296875,,1307.541504
206,0.0180816650390625,,1309.032448
207,0.01764392852783203,,1353.80992
208,0.01789689064025879,,1363.06688
209,0.017104148864746094,,1364.361216
210,0.01712799072265625,,1365.966848
211,0.017375946044921875,,1369.800704
212,0.01762986183166504,,1371.947008
213,0.01738286018371582,,1373.241344
214,0.017489910125732422,,1375.567872
215,0.0187530517578125,,1380.892672
216,0.017537832260131836,,1385.136128
217,0.019154787063598633,,1387.118592
218,0.017964839935302734,,1396.752384
219,0.01898789405822754,,1398.079488
220,0.017583847045898438,,1399.390208
221,0.01786184310913086,,1369.915392
222,0.021436691284179688,,1370.35776
223,0.017087936401367188,,1371.815936
224,0.01840496063232422,,1339.326464
225,0.016889095306396484,,1340.6208
226,0.016961097717285156,,1344.487424
227,0.01666402816772461,,1345.978368
228,0.01686406135559082,,1350.139904
229,0.017405986785888672,,1351.450624
230,0.016707181930541992,,1352.74496
231,0.017475128173828125,,1354.022912
232,0.017068862915039062,,1425.358848
233,0.019492149353027344,,1398.849536
234,0.017757892608642578,,1400.406016
235,0.016618967056274414,,1401.700352
236,0.01822209358215332,,1394.311168
237,0.017006874084472656,,1395.621888
238,0.01743912696838379,,1400.34048
239,0.016865015029907227,,1401.6512
240,0.017302989959716797,,1402.978304
241,0.016984939575195312,,1398.86592
242,0.0179290771484375,,1400.17664
243,0.01753091812133789,,1402.765312
244,0.01756596565246582,,1404.878848
245,0.018500804901123047,,1408.647168
246,0.017399072647094727,,1417.78944
247,0.017063140869140625,,1426.325504
248,0.017739057540893555,,1427.898368
249,0.018957138061523438,,1430.388736
250,0.016854047775268555,,1431.683072
251,0.016798973083496094,,1433.27232
252,0.016932964324951172,,1434.566656
253,0.016653060913085938,,1439.465472
254,0.0195310115814209,,1441.480704
255,0.01681804656982422,,1442.77504
256,0.018262863159179688,,1444.08576
257,0.018140077590942383,,1423.11424
258,0.021744251251220703,,1390.624768
259,0.018172025680541992,,1398.390784
260,0.01837301254272461,,1402.667008
261,0.017681360244750977,,1329.348608
262,0.022318124771118164,,1304.690688
263,0.02007603645324707,,1296.384
264,0.019392013549804688,,1273.806848
265,0.018483400344848633,,1285.455872
266,0.018779993057250977,,1300.56192
267,0.019230127334594727,,1334.919168
268,0.019360065460205078,,1342.226432
269,0.018158674240112305,,1268.006912
270,0.01963067054748535,,1260.077056
271,0.018889904022216797,,1249.247232
272,0.01963019371032715,,1236.680704
273,0.020821094512939453,,1104.347136
274,0.019364118576049805,,1136.607232
275,0.01787400245666504,,1142.767616
276,0.018091201782226562,,1144.651776
277,0.018763065338134766,,1152.04096
278,0.018054962158203125,,1153.368064
279,0.018342971801757812,,1154.99008
280,0.018475055694580078,,1167.966208
281,0.0174713134765625,,1169.293312
282,0.018680095672607422,,1311.70304
283,0.01749396324157715,,1313.980416
284,0.019758224487304688,,1329.692672
285,0.01729607582092285,,1332.0192
286,0.018625974655151367,,1333.379072
287,0.018140792846679688,,1334.72256
288,0.01827096939086914,,1339.621376
289,0.01981806755065918,,1340.94848
290,0.017140865325927734,,1265.188864
291,0.02215099334716797,,1197.047808
292,0.0195009708404541,,1173.9136
293,0.01794123649597168,,1178.796032
294,0.01808309555053711,,1126.875136
295,0.017973899841308594,,1130.528768
296,0.017043113708496094,,1131.839488
297,0.017917156219482422,,1211.51488
298,0.01789116859436035,,1219.985408
299,0.019527196884155273,,1235.582976
300,0.01850295066833496,,1241.66144
301,0.018476009368896484,,1242.955776
302,0.01926589012145996,,1244.28288
303,0.018033981323242188,,1245.5936
304,0.019174814224243164,,1251.672064
305,0.018243074417114258,,1252.9664
306,0.018227338790893555,,1254.6048
307,0.01852583885192871,,1255.75168
308,0.01936483383178711,,1287.585792
309,0.01836705207824707,,1289.191424
310,0.01688385009765625,,1290.48576
311,0.017277956008911133,,1292.222464
312,0.018575191497802734,,1293.582336
313,0.018159866333007812,,1294.893056
314,0.017653942108154297,,1296.449536
315,0.01903510093688965,,1297.743872
316,0.01715707778930664,,1299.070976
317,0.018856048583984375,,1300.365312
318,0.01717996597290039,,1301.676032
319,0.018450021743774414,,1302.970368
320,0.0169370174407959,,1304.73984
321,0.017866849899291992,,1307.459584
322,0.017724990844726562,,1283.244032
323,0.017632007598876953,,1253.13024
324,0.019440889358520508,,1268.28544
325,0.019937992095947266,,1266.581504
326,0.019560813903808594,,1217.41312
327,0.018294095993041992,,1097.580544
328,0.018968820571899414,,1134.952448
329,0.019575119018554688,,1136.197632
330,0.0182039737701416,,1147.846656
331,0.018440961837768555,,1150.681088
332,0.019858837127685547,,1179.516928
333,0.018631935119628906,,1233.813504
334,0.018677949905395508,,1239.384064
335,0.02014303207397461,,1243.512832
336,0.018182992935180664,,1242.955776
337,0.01859307289123535,,1242.202112
338,0.01765894889831543,,1241.399296
339,0.018435955047607422,,1242.64448
340,0.016839981079101562,,1245.855744
341,0.021641969680786133,,1250.361344
342,0.017206907272338867,,1257.701376
343,0.01862502098083496,,1259.02848
344,0.01972794532775879,,1260.322816
345,0.017122745513916016,,1261.666304
346,0.01894998550415039,,1262.96064
347,0.01809215545654297,,1201.782784
348,0.02042388916015625,,1041.6128
349,0.020951032638549805,,1056.325632
350,0.01811671257019043,,1065.94304
351,0.021925687789916992,,1078.820864
352,0.01945185661315918,,1099.497472
353,0.01808786392211914,,987.168768
354,0.021074295043945312,,980.795392
355,0.01816701889038086,,982.155264
356,0.017688989639282227,,984.137728
357,0.01831221580505371,,985.563136
358,0.01973104476928711,,1011.597312
359,0.017077922821044922,,1220.100096
360,0.01787114143371582,,1221.394432
361,0.01777791976928711,,1223.081984
362,0.0185549259185791,,1224.409088
363,0.018021106719970703,,1223.819264
364,0.01790308952331543,,1218.871296
365,0.01893019676208496,,1202.91328
366,0.018663883209228516,,1205.682176
367,0.017238855361938477,,1207.238656
368,0.017853975296020508,,1187.627008
369,0.020437002182006836,,1208.172544
370,0.01686382293701172,,1185.890304
371,0.018599987030029297,,1189.855232
372,0.017657041549682617,,1140.260864
373,0.024056673049926758,,963.526656
374,0.022537946701049805,,952.532992
375,0.02037811279296875,,961.445888
376,0.017002105712890625,,964.231168
377,0.01734185218811035,,971.440128
378,0.018273115158081055,,974.897152
379,0.018564701080322266,,887.373824
380,0.018413066864013672,,855.998464
381,0.01819586753845215,,860.700672
382,0.017400741577148438,,865.81248
383,0.017863035202026367,,958.676992
384,0.018030166625976562,,974.258176
385,0.02020716667175293,,961.757184
386,0.01923990249633789,,966.377472
387,0.018986940383911133,,974.012416
388,0.018185853958129883,,984.481792
389,0.019895076751708984,,987.693056
390,0.018489837646484375,,988.348416
391,0.018313169479370117,,990.035968
392,0.017530202865600586,,992.919552
393,0.019618988037109375,,994.197504
394,0.018159866333007812,,995.524608
395,0.018609046936035156,,998.064128
396,0.01739788055419922,,999.489536
397,0.019036054611206055,,991.412224
398,0.01784205436706543,,999.276544
399,0.01811814308166504,,1004.650496
400,0.018121004104614258,,1009.385472
401,0.01811695098876953,,1010.712576
402,0.01812601089477539,,1014.382592
403,0.019014835357666016,,1015.840768
404,0.019716262817382812,,1017.790464
405,0.019524097442626953,,1023.83616
406,0.01879096031188965,,1025.196032
407,0.019385099411010742,,1026.654208
408,0.019504070281982422,,1058.24256
409,0.020338058471679688,,1056.899072
410,0.02067708969116211,,1070.137344
411,0.017889022827148438,,1073.020928
412,0.0192258358001709,,1074.020352
413,0.019479990005493164,,1075.396608
414,0.018670082092285156,,1080.885248
415,0.018599987030029297,,1053.278208
416,0.019459247589111328,,1053.73696
417,0.018625974655151367,,1051.754496
418,0.021122217178344727,,1053.605888
419,0.01820993423461914,,964.1984
420,0.018815040588378906,,883.949568
421,0.023168087005615234,,876.150784
422,0.019628047943115234,,876.167168
423,0.021249055862426758,,903.217152
424,0.01811075210571289,,772.653056
425,0.018592119216918945,,763.641856
426,0.0202789306640625,,788.709376
427,0.018623828887939453,,787.98848
428,0.01855301856994629,,802.308096
429,0.019042015075683594,,807.206912
430,0.018249988555908203,,808.5504
431,0.017965078353881836,,815.005696
432,0.017386913299560547,,816.381952
433,0.01792001724243164,,913.670144
434,0.01658797264099121,,1061.863424
435,0.01816701889038086,,1061.011456
436,0.01786327362060547,,1062.731776
437,0.018323898315429688,,1068.384256
438,0.019973039627075195,,1070.235648
439,0.018100976943969727,,1071.579136
440,0.01764512062072754,,1074.233344
441,0.01827692985534668,,1075.52768
442,0.01738595962524414,,1079.148544
443,0.016348838806152344,,1081.67168
444,0.017824888229370117,,1082.9824
445,0.017935991287231445,,1084.276736
446,0.0194549560546875,,1086.783488
447,0.018082141876220703,,1088.126976
448,0.017785072326660156,,1096.597504
449,0.016737937927246094,,1101.479936
450,0.017256975173950195,,1107.525632
451,0.018615007400512695,,1108.836352
452,0.018294095993041992,,1110.212608
453,0.0185849666595459,,1111.556096
454,0.017114877700805664,,1116.389376
455,0.018782854080200195,,1117.667328
456,0.018736839294433594,,1118.961664
457,0.016483068466186523,,1199.833088
458,0.018127918243408203,,1207.648256
459,0.01688098907470703,,1212.416
460,0.018807172775268555,,1226.145792
461,0.01862812042236328,,1236.516864
462,0.018450021743774414,,1239.94112
463,0.019610881805419922,,1242.824704
464,0.017757177352905273,,1244.11904
465,0.017657041549682617,,1245.42976
466,0.018760204315185547,,1247.657984
467,0.016767024993896484,,1249.017856
468,0.01737499237060547,,1250.34496
469,0.018503904342651367,,1256.194048
470,0.017370223999023438,,1257.750528
471,0.017524003982543945,,1259.061248
472,0.018078088760375977,,1258.04544
473,0.01770615577697754,,1257.832448
474,0.01852893829345703,,1259.143168
475,0.018802881240844727,,1261.666304
476,0.019336223602294922,,1266.778112
477,0.018809795379638672,,1270.136832
478,0.018690109252929688,,1272.6272
479,0.017751216888427734,,1273.93792
480,0.017728805541992188,,1274.494976
481,0.017829179763793945,,1275.838464
482,0.017571210861206055,,1285.89824
483,0.018431901931762695,,1238.13888
484,0.0187380313873291,,1254.11328
485,0.018676042556762695,,1276.903424
486,0.017367124557495117,,1262.71488
487,0.02072000503540039,,1192.91904
488,0.021174907684326172,,1178.025984
489,0.019170045852661133,,1191.755776
490,0.018795013427734375,,1205.092352
491,0.01691126823425293,,1206.370304
492,0.017958879470825195,,1216.970752
493,0.017085790634155273,,1218.06848
494,0.017182111740112305,,1220.313088
495,0.0185089111328125,,1229.930496
496,0.018078088760375977,,1224.441856
497,0.016546010971069336,,1227.866112
498,0.017171859741210938,,1230.471168
499,0.01636672019958496,,1232.011264
500,0.016649961471557617,,1229.471744
501,0.016129016876220703,,1234.714624
502,0.01629185676574707,,1235.714048
503,0.016480684280395508,,1238.54848
504,0.017338037490844727,,1165.737984
505,0.01736593246459961,,1015.988224
506,0.02081608772277832,,927.121408
507,0.01761484146118164,,893.272064
508,0.024178743362426758,,906.723328
509,0.022099971771240234,,941.391872
510,0.01782679557800293,,865.042432
511,0.017474889755249023,,875.593728
512,0.017184972763061523,,887.160832
513,0.019781112670898438,,921.092096
514,0.01744389533996582,,835.371008
515,0.019818782806396484,,839.532544
516,0.016585111618041992,,788.611072
517,0.020573854446411133,,767.000576
518,0.016689777374267578,,757.465088
519,0.018563032150268555,,782.434304
520,0.01696491241455078,,784.95744
521,0.016937971115112305,,790.921216
522,0.017553091049194336,,794.525696
523,0.01898503303527832,,821.198848
524,0.016321182250976562,,822.771712
525,0.017145872116088867,,824.786944
526,0.016416072845458984,,827.686912
527,0.017404794692993164,,829.407232
528,0.017256975173950195,,831.340544
529,0.01655411720275879,,835.944448
530,0.018031835556030273,,838.680576
531,0.01865983009338379,,848.756736
532,0.01789402961730957,,850.542592
533,0.01653122901916504,,931.495936
534,0.016406774520874023,,947.535872
535,0.01884913444519043,,949.108736
536,0.016736984252929688,,950.403072
537,0.018903017044067383,,951.795712
538,0.01788020133972168,,953.597952
539,0.0169527530670166,,954.908672
540,0.016086101531982422,,956.25216
541,0.0165708065032959,,957.56288
542,0.017899036407470703,,965.967872
543,0.01880621910095215,,967.245824
544,0.01689910888671875,,972.193792
545,0.019583940505981445,,974.27456
546,0.018950939178466797,,975.847424
547,0.016689300537109375,,984.2688
548,0.01870894432067871,,985.513984
549,0.01968693733215332,,971.81696
550,0.01854705810546875,,973.111296
551,0.01686692237854004,,974.4384
552,0.018918991088867188,,975.781888
553,0.0169370174407959,,977.076224
554,0.018532991409301758,,978.550784
555,0.01748180389404297,,979.84512
556,0.0161740779876709,,981.762048
557,0.016453981399536133,,987.938816
558,0.016577959060668945,,1060.683776
559,0.016517162322998047,,1076.281344
560,0.01648712158203125,,1077.57568
561,0.01861286163330078,,1078.919168
562,0.016052961349487305,,1080.213504
563,0.016066789627075195,,1081.540608
564,0.01597905158996582,,1082.834944
565,0.016134977340698242,,1084.162048
566,0.016453266143798828,,1085.60384
567,0.017851829528808594,,1086.91456
568,0.0181732177734375,,1088.22528
569,0.019298076629638672,,1089.503232
570,0.016199350357055664,,1090.879488
571,0.018461942672729492,,1092.190208
572,0.017943143844604492,,1093.910528
573,0.016638994216918945,,1098.79296
574,0.018396854400634766,,1053.98272
575,0.020355224609375,,1054.982144
576,0.016921281814575195,,998.866944
577,0.02191901206970215,,934.494208
578,0.016972780227661133,,938.164224
579,0.02090907096862793,,959.61088
580,0.0182342529296875,,963.21536
581,0.017676830291748047,,967.262208
582,0.01812911033630371,,980.631552
583,0.016778945922851562,,1086.01344
584,0.01808786392211914,,1099.923456
585,0.01804518699645996,,1108.574208
586,0.016972064971923828,,1118.04416
587,0.01860785484313965,,1117.011968
588,0.017647266387939453,,1119.51872
589,0.016681909561157227,,1121.042432
590,0.01761007308959961,,1111.506944
591,0.01755380630493164,,1109.409792
592,0.017038822174072266,,1110.114304
593,0.017397403717041016,,1086.6688
594,0.01984119415283203,,1102.06976
595,0.018238067626953125,,1115.848704
596,0.01693892478942871,,1117.290496
597,0.017368078231811523,,1116.585984
598,0.017833232879638672,,1104.887808
599,0.01735401153564453,,1106.542592
600,0.018347978591918945,,1111.703552
601,0.017874956130981445,,1119.0272
602,0.017101049423217773,,1123.090432
603,0.01807999610900879,,1131.511808
604,0.017578840255737305,,1147.961344
605,0.01768803596496582,,1130.430464
606,0.01819324493408203,,1128.235008
607,0.017515897750854492,,1128.61184
608,0.017076969146728516,,1175.207936
609,0.017979860305786133,,1162.93632
610,0.01747298240661621,,1159.74144
611,0.016496896743774414,,1161.314304
612,0.01728510856628418,,1136.033792
613,0.017651081085205078,,1181.237248
614,0.018033981323242188,,1197.359104
615,0.018751144409179688,,1230.258176
616,0.018355846405029297,,1249.60768
617,0.0178830623626709,,1262.944256
618,0.01810288429260254,,1267.859456
619,0.017515182495117188,,1276.198912
620,0.017472028732299805,,1278.459904
621,0.01757526397705078,,1279.75424
622,0.019216060638427734,,1293.860864
623,0.017184019088745117,,1295.417344
624,0.01784205436706543,,1297.088512
625,0.017995119094848633,,1304.395776
626,0.01812601089477539,,1305.673728
627,0.018405914306640625,,1308.246016
628,0.017691850662231445,,1313.112064
629,0.018107175827026367,,1314.635776
630,0.018328189849853516,,1315.946496
631,0.017817020416259766,,1317.224448
632,0.01752305030822754,,1275.101184
633,0.016505002975463867,,1276.657664
634,0.018271923065185547,,1267.171328
635,0.02078700065612793,,1267.22048
636,0.017930030822753906,,1268.77696
637,0.018184900283813477,,1270.49728
638,0.017789125442504883,,1270.775808
639,0.017937183380126953,,1262.321664
640,0.016873836517333984,,1252.032512
641,0.01826786994934082,,1253.343232
642,0.0185239315032959,,1254.785024
643,0.01814413070678711,,1256.16128
644,0.017362117767333984,,1241.071616
645,0.018127918243408203,,1242.906624
646,0.017664194107055664,,1244.217344
647,0.018431901931762695,,1245.528064
648,0.017868757247924805,,1249.673216
649,0.0181882381439209,,1249.77152
650,0.0180208683013916,,1228.537856
651,0.01749730110168457,,1230.405632
652,0.018372058868408203,,1231.732736
653,0.017818927764892578,,1215.315968
654,0.018632888793945312,,1231.945728
655,0.017799854278564453,,1219.641344
656,0.018007993698120117,,1213.448192
657,0.01752781867980957,,1216.544768
658,0.01713109016418457,,1236.50048
659,0.017512083053588867,,1265.205248
660,0.018946170806884766,,1276.690432
661,0.017117023468017578,,1272.479744
662,0.018157005310058594,,1277.640704
663,0.016644954681396484,,1278.951424
664,0.022394895553588867,,1309.114368
665,0.01847672462463379,,1304.49408
666,0.018233060836791992,,1309.376512
667,0.018719911575317383,,1317.814272
668,0.017968177795410156,,1320.271872
669,0.017585277557373047,,1310.031872
670,0.01840519905090332,,1311.260672
671,0.017711877822875977,,1312.555008
672,0.018100261688232422,,1316.438016
673,0.0175931453704834,,1321.107456
674,0.01798415184020996,,1325.989888
675,0.01699209213256836,,1327.43168
676,0.01618194580078125,,1328.98816
677,0.018056154251098633,,1333.854208
678,0.01605391502380371,,1335.21408
679,0.0184781551361084,,1342.947328
680,0.018656015396118164,,1344.241664
681,0.0183868408203125,,1346.748416
682,0.017995119094848633,,1348.042752
683,0.01748800277709961,,1413.77536
684,0.017094135284423828,,1427.390464
685,0.017538785934448242,,1433.567232
686,0.01964092254638672,,1434.877952
687,0.018467187881469727,,1407.320064
688,0.0291750431060791,,1326.972928
689,0.02396225929260254,,1280.638976
690,0.021231889724731445,,1186.496512
691,0.018627166748046875,,1131.839488
692,0.022706985473632812,,1138.999296
693,0.020708084106445312,,1137.639424
694,0.019555091857910156,,1143.291904
695,0.021394014358520508,,1174.667264
696,0.01801300048828125,,1177.649152
697,0.0176999568939209,,1189.904384
698,0.018456697463989258,,1198.440448
699,0.018882036209106445,,1203.011584
700,0.01907515525817871,,1211.400192
701,0.019565820693969727,,1034.518528
702,0.021291732788085938,,1043.152896
703,0.018910884857177734,,1039.056896
704,0.01754474639892578,,1049.264128
705,0.018400192260742188,,1052.09856
706,0.018639802932739258,,1057.554432
707,0.019110918045043945,,1058.914304
708,0.0181429386138916,,688.504832
709,0.018018007278442383,,703.348736
710,0.02815103530883789,,573.947904
711,0.025892972946166992,,571.359232
712,0.018755197525024414,,594.7392
713,0.0202791690826416,,603.275264
714,0.018970012664794922,,603.389952
715,0.02280116081237793,,616.235008
716,0.020558834075927734,,613.318656
717,0.02100682258605957,,614.449152
718,0.019984960556030273,,600.997888
719,0.018865108489990234,,613.122048
720,0.018873214721679688,,511.623168
721,0.018443822860717773,,429.817856
722,0.01962900161743164,,393.95328
723,0.020869970321655273,,431.702016
724,0.018931865692138672,,433.651712
725,0.020364999771118164,,365.150208
726,0.020875930786132812,,347.58656
727,0.020660877227783203,,327.974912
728,0.01923203468322754,,311.345152
729,0.019259929656982422,,298.287104
730,0.020434856414794922,,282.001408
731,0.0192110538482666,,285.786112
732,0.019833087921142578,,285.868032
733,0.020699262619018555,,452.378624
734,0.02097606658935547,,627.277824
735,0.020084857940673828,,621.084672
736,0.020939111709594727,,605.208576
737,0.020189762115478516,,608.616448
738,0.021006107330322266,,627.867648
739,0.020912885665893555,,633.372672
740,0.019134998321533203,,637.321216
741,0.01916193962097168,,642.629632
742,0.020205020904541016,,625.311744
743,0.02109980583190918,,641.286144
744,0.02063727378845215,,636.420096
745,0.019165992736816406,,624.14848
746,0.02035808563232422,,636.125184
747,0.019691944122314453,,648.331264
748,0.0205230712890625,,653.541376
749,0.021071195602416992,,651.411456
750,0.019164323806762695,,635.404288
751,0.021052837371826172,,624.934912
752,0.021064043045043945,,593.952768
753,0.021123170852661133,,600.408064
754,0.02209782600402832,,608.894976
755,0.018642902374267578,,630.358016
756,0.020068883895874023,,633.012224
757,0.019160032272338867,,634.355712
758,0.019275665283203125,,753.270784
759,0.018599987030029297,,778.125312
760,0.017956972122192383,,788.64384
761,0.01811671257019043,,793.72288
762,0.01855778694152832,,795.230208
763,0.019295215606689453,,795.672576
764,0.019034147262573242,,797.458432
765,0.019234180450439453,,797.065216
766,0.018406152725219727,,798.982144
767,0.01780390739440918,,801.652736
768,0.01827096939086914,,804.175872
769,0.018558979034423828,,793.034752
770,0.01834392547607422,,803.55328
771,0.02343297004699707,,813.170688
772,0.017412900924682617,,819.412992
773,0.018065929412841797,,825.540608
774,0.018353939056396484,,1866.05568
775,0.017247915267944336,,1873.707008
776,0.017798900604248047,,1893.433344
777,0.017774105072021484,,1896.546304
778,0.018878936767578125,,1774.321664
779,0.017542123794555664,,1784.184832
780,0.017699003219604492,,1785.93792
781,0.019129037857055664,,1805.02528
782,0.01704096794128418,,1806.761984
783,0.017271995544433594,,1899.102208
784,0.01764202117919922,,2041.479168
785,0.01875925064086914,,2043.969536
786,0.018613100051879883,,2045.263872
787,0.017955780029296875,,2047.033344
788,0.01759481430053711,,2048.344064
789,0.018583059310913086,,2049.671168
790,0.017586946487426758,,2054.045696
791,0.01756906509399414,,2055.340032
792,0.017665863037109375,,2056.634368
793,0.017268896102905273,,2057.91232
794,0.018378019332885742,,2059.501568
795,0.01828622817993164,,2060.894208
796,0.017678022384643555,,2062.483456
797,0.016311168670654297,,2064.187392
798,0.01827406883239746,,2066.251776
799,0.017761707305908203,,2041.888768
800,0.018442153930664062,,2044.084224
801,0.017976045608520508,,1982.21824
802,0.023403167724609375,,1912.848384
803,0.018503904342651367,,1929.363456
804,0.0186002254486084,,1941.520384
805,0.018340110778808594,,1958.019072
806,0.017886877059936523,,1960.67328
807,0.021734237670898438,,1962.000384
808,0.022756099700927734,,2073.657344
809,0.017200946807861328,,2089.320448
810,0.01819300651550293,,2090.614784
811,0.017761945724487305,,2091.892736
812,0.018499135971069336,,2093.203456
813,0.017897844314575195,,2094.497792
814,0.018203020095825195,,2094.03904
815,0.01695108413696289,,2086.682624
816,0.018100976943969727,,2082.308096
817,0.01887989044189453,,2089.500672
818,0.018178939819335938,,2091.876352
819,0.01789379119873047,,2094.891008
820,0.01761627197265625,,2096.16896
821,0.01726531982421875,,2097.463296
822,0.01844620704650879,,2102.329344
823,0.017404794692993164,,2109.669376
824,0.017642974853515625,,2113.306624
825,0.018075227737426758,,2114.666496
826,0.017885923385620117,,2116.517888
827,0.017817974090576172,,2118.074368
828,0.017688989639282227,,1973.174272
829,0.019176959991455078,,1980.858368
830,0.01754903793334961,,1982.726144
831,0.01753067970275879,,1987.13344
832,0.01650094985961914,,1989.34528
833,0.022884130477905273,,2084.192256
834,0.0170137882232666,,2102.771712
835,0.019900798797607422,,2125.430784
836,0.019673824310302734,,2131.525632
837,0.01667189598083496,,2135.621632
838,0.018312931060791016,,2150.629376
839,0.01832413673400879,,2154.381312
840,0.018153905868530273,,2160.39424
841,0.01752018928527832,,2161.688576
842,0.017715930938720703,,2169.012224
843,0.018846988677978516,,1996.734464
844,0.0205538272857666,,1746.059264
845,0.018162965774536133,,1679.327232
846,0.017959117889404297,,1681.98144
847,0.017209768295288086,,1693.597696
848,0.01839280128479004,,1702.412288
849,0.01772332191467285,,1705.65632
850,0.01840686798095703,,1710.604288
851,0.017032861709594727,,1713.651712
852,0.017474889755249023,,1720.40192
853,0.01804184913635254,,1725.284352
854,0.01720404624938965,,1728.954368
855,0.01789689064025879,,1730.265088
856,0.016016244888305664,,1731.95264
857,0.01818394660949707,,1733.361664
858,0.01985478401184082,,1780.154368
859,0.01671600341796875,,1619.80416
860,0.0184481143951416,,1517.060096
861,0.017008066177368164,,1460.109312
862,0.018495798110961914,,1465.171968
863,0.018510818481445312,,1473.118208
864,0.02088785171508789,,1463.17312
865,0.017431974411010742,,1464.877056
866,0.01751995086669922,,1466.253312
867,0.018928050994873047,,1474.330624
868,0.018492937088012695,,1479.524352
869,0.017770051956176758,,1484.505088
870,0.018500804901123047,,1485.832192
871,0.017863988876342773,,1487.126528
872,0.01768803596496582,,1493.123072
873,0.017037153244018555,,1499.906048
874,0.018392086029052734,,1475.067904
875,0.02059483528137207,,1344.356352
876,0.018874168395996094,,1353.498624
877,0.0160067081451416,,1354.79296
878,0.018670082092285156,,1358.790656
879,0.01763296127319336,,1361.739776
880,0.018417835235595703,,1363.034112
881,0.01793694496154785,,1365.44256
882,0.017393112182617188,,1367.916544
883,0.020243167877197266,,1445.888
884,0.0177459716796875,,1461.485568
885,0.018459796905517578,,1462.796288
886,0.018413782119750977,,1467.727872
887,0.016093969345092773,,1469.218816
888,0.018072843551635742,,1470.529536
889,0.018254995346069336,,1305.47712
890,0.017447233200073242,,1274.822656
891,0.0181732177734375,,1280.24576
892,0.01742100715637207,,1281.540096
893,0.017754793167114258,,1282.834432
894,0.017324209213256836,,1291.22304
895,0.018645048141479492,,1300.48
896,0.018323898315429688,,1301.807104
897,0.018064260482788086,,1309.114368
898,0.018471956253051758,,1246.429184
899,0.018208980560302734,,1016.938496
900,0.01856207847595215,,1028.374528
901,0.016833066940307617,,936.394752
902,0.022680997848510742,,766.574592
903,0.019007205963134766,,700.186624
904,0.021631956100463867,,672.628736
905,0.023813247680664062,,630.86592
906,0.019453048706054688,,633.749504
907,0.01769399642944336,,651.411456
908,0.018618106842041016,,789.21728
909,0.018548965454101562,,993.312768
910,0.01797795295715332,,993.722368
911,0.018477201461791992,,1005.715456
912,0.017735958099365234,,1007.828992
913,0.018595218658447266,,987.414528
914,0.019257783889770508,,869.875712
915,0.020138025283813477,,882.327552
916,0.018338918685913086,,815.153152
917,0.018851041793823242,,768.458752
918,0.018789052963256836,,773.275648
919,0.018212080001831055,,770.637824
920,0.017863035202026367,,772.9152
921,0.01809835433959961,,774.291456
922,0.018091917037963867,,791.953408
923,0.020138025283813477,,814.497792
924,0.017496109008789062,,825.688064
925,0.018108844757080078,,837.648384
926,0.01810002326965332,,831.700992
927,0.017297029495239258,,804.962304
928,0.018912076950073242,,825.131008
929,0.017613887786865234,,826.507264
930,0.01752305030822754,,827.834368
931,0.018052101135253906,,830.308352
932,0.01840376853942871,,830.275584
933,0.01800704002380371,,832.372736
934,0.0195620059967041,,855.588864
935,0.018726110458374023,,862.666752
936,0.018349885940551758,,1029.472256
937,0.01856374740600586,,1036.566528
938,0.01750969886779785,,1038.057472
939,0.019006967544555664,,1039.859712
940,0.018306970596313477,,1042.612224
941,0.017832279205322266,,996.425728
942,0.018555879592895508,,1017.708544
943,0.017534971237182617,,1019.00288
944,0.01884627342224121,,1030.193152
945,0.01799297332763672,,1031.716864
946,0.018388032913208008,,1033.043968
947,0.018405914306640625,,1034.338304
948,0.01757502555847168,,1047.871488
949,0.018615245819091797,,1049.198592
950,0.017407894134521484,,924.319744
951,0.02364802360534668,,938.180608
952,0.02028799057006836,,846.39744
953,0.021462202072143555,,704.544768
954,0.01782393455505371,,677.31456
955,0.021143198013305664,,677.511168
956,0.018460988998413086,,706.527232
957,0.019845962524414062,,739.770368
958,0.01820206642150879,,843.69408
959,0.02670598030090332,,972.242944
960,0.01889801025390625,,894.107648
961,0.02526998519897461,,912.850944
962,0.017279863357543945,,923.123712
963,0.0343327522277832,,680.7552
964,0.025554180145263672,,528.924672
965,0.020708799362182617,,550.027264
966,0.018130064010620117,,562.610176
967,0.051091909408569336,,579.403776
968,0.01895427703857422,,601.522176
969,0.018851757049560547,,621.707264
970,0.019400835037231445,,642.285568
971,0.017557144165039062,,645.726208
972,0.01864790916442871,,653.852672
973,0.018313884735107422,,664.61696
974,0.018641948699951172,,508.755968
975,0.017786026000976562,,515.211264
976,0.018302202224731445,,516.620288
977,0.018035888671875,,527.532032
978,0.018046140670776367,,531.33312
979,0.016510963439941406,,535.18336
980,0.017377138137817383,,536.576
981,0.01850295066833496,,540.360704
982,0.01905083656311035,,543.391744
983,0.018184900283813477,,673.071104
984,0.01807689666748047,,789.594112
985,0.017984867095947266,,740.589568
986,0.016136884689331055,,738.410496
987,0.018665790557861328,,742.572032
988,0.016376733779907227,,744.07936
989,0.022997140884399414,,755.974144
990,0.017973899841308594,,759.775232
991,0.016841888427734375,,764.772352
992,0.01828598976135254,,774.701056
993,0.01862311363220215,,777.764864
994,0.018065929412841797,,790.233088
995,0.019166946411132812,,791.527424
996,0.018140077590942383,,782.876672
997,0.0204470157623291,,730.56256
998,0.018531084060668945,,734.953472
999,0.017657756805419922,,724.680704
1000,0.016210079193115234,,671.58016
1001,0.018570899963378906,,676.380672
1002,0.016413211822509766,,679.018496
1003,0.018682003021240234,,693.272576
1004,0.01876211166381836,,698.253312
1005,0.01802206039428711,,699.547648
1006,0.017680883407592773,,703.2832
1007,0.019104957580566406,,704.806912
1008,0.02058696746826172,,747.651072
1009,0.016633033752441406,,760.168448
1010,0.01877903938293457,,767.295488
1011,0.018406152725219727,,785.36704
1012,0.018869876861572266,,792.969216
1013,0.016070842742919922,,794.247168
1014,0.018485069274902344,,797.868032
1015,0.017603635787963867,,799.162368
1016,0.01818394660949707,,800.489472
1017,0.01857161521911621,,809.28768
1018,0.01821112632751465,,810.5984
1019,0.018050193786621094,,815.480832
1020,0.018172025680541992,,787.316736
1021,0.01827216148376465,,796.393472
1022,0.01625800132751465,,760.79104
1023,0.01849198341369629,,754.794496
1024,0.018125057220458984,,759.431168
1025,0.01859903335571289,,766.68928
1026,0.018824100494384766,,769.343488
1027,0.018361806869506836,,773.013504
1028,0.018279075622558594,,779.190272
1029,0.01614689826965332,,780.484608
1030,0.015993833541870117,,781.778944
1031,0.019253969192504883,,795.000832
1032,0.018033266067504883,,796.442624
1033,0.0187070369720459,,853.458944
1034,0.019955873489379883,,800.129024
1035,0.01745462417602539,,726.695936
1036,0.020189285278320312,,713.867264
1037,0.01796698570251465,,727.498752
1038,0.017895936965942383,,733.724672
1039,0.01941204071044922,,762.986496
1040,0.01800704002380371,,767.066112
1041,0.017973899841308594,,773.619712
1042,0.018118858337402344,,782.90944
1043,0.018049955368041992,,789.757952
1044,0.01769089698791504,,794.312704
1045,0.018677949905395508,,808.96
1046,0.018121004104614258,,563.019776
1047,0.021648883819580078,,530.808832
1048,0.017465829849243164,,536.559616
1049,0.018071889877319336,,529.104896
1050,0.018429040908813477,,532.054016
1051,0.018213987350463867,,535.478272
1052,0.016149044036865234,,537.346048
1053,0.019045114517211914,,551.436288
1054,0.018463134765625,,565.444608
1055,0.018698930740356445,,566.80448
1056,0.018285036087036133,,568.164352
1057,0.017866134643554688,,570.507264
1058,0.018292903900146484,,678.805504
1059,0.01691913604736328,,728.416256
1060,0.0183868408203125,,753.074176
1061,0.017280101776123047,,753.451008
1062,0.020720958709716797,,768.933888
1063,0.017688274383544922,,763.265024
1064,0.01604914665222168,,764.14976
1065,0.018007993698120117,,768.24576
1066,0.018108844757080078,,770.277376
1067,0.017565250396728516,,785.973248
1068,0.018001794815063477,,787.365888
1069,0.016156911849975586,,790.020096
1070,0.01663064956665039,,799.1296
1071,0.018319129943847656,,802.357248
1072,0.01662898063659668,,805.912576
1073,0.016414880752563477,,761.0368
1074,0.019103050231933594,,754.008064
1075,0.016607999801635742,,756.03968
1076,0.01682114601135254,,760.201216
1077,0.01976919174194336,,784.449536
1078,0.01811695098876953,,792.576
1079,0.016200780868530273,,795.295744
1080,0.018608808517456055,,796.622848
1081,0.017317771911621094,,800.178176
1082,0.015982866287231445,,802.029568
1083,0.017415761947631836,,910.671872
1084,0.017690181732177734,,928.088064
1085,0.01740097999572754,,929.890304
1086,0.017045974731445312,,926.613504
1087,0.01831197738647461,,909.770752
1088,0.025552988052368164,,889.470976
1089,0.01772904396057129,,796.196864
1090,0.017500877380371094,,798.343168
1091,0.017538070678710938,,781.467648
1092,0.018199920654296875,,794.591232
1093,0.01883220672607422,,817.266688
1094,0.01690816879272461,,784.809984
1095,0.01756596565246582,,787.185664
1096,0.01833796501159668,,791.658496
1097,0.01777482032775879,,1017.643008
1098,0.016105175018310547,,1021.837312
1099,0.017305850982666016,,1024.90112
1100,0.016243934631347656,,1027.538944
1101,0.017771005630493164,,1030.520832
1102,0.017744064331054688,,1035.96032
1103,0.016784191131591797,,995.311616
1104,0.015977859497070312,,997.113856
1105,0.016022682189941406,,998.490112
1106,0.01599597930908203,,1001.30816
1107,0.01720404624938965,,1002.94656
1108,0.01647806167602539,,1071.415296
1109,0.016045808792114258,,1088.192512
1110,0.018759965896606445,,1102.495744
1111,0.016357898712158203,,1103.937536
1112,0.016336917877197266,,1105.26464
1113,0.016797780990600586,,1106.558976
1114,0.016061067581176758,,1107.836928
1115,0.016346216201782227,,1109.131264
1116,0.016637802124023438,,1110.4256
1117,0.01605677604675293,,1111.719936
1118,0.016030073165893555,,1113.014272
1119,0.01686716079711914,,1114.292224
1120,0.018210887908935547,,1115.652096
1121,0.018351078033447266,,1118.175232
1122,0.017811298370361328,,1119.469568
1123,0.018510103225708008,,1122.664448
1124,0.01625204086303711,,1123.713024
1125,0.01848912239074707,,1101.807616
1126,0.023476123809814453,,1011.531776
1127,0.018373966217041016,,1027.653632
1128,0.016151905059814453,,1029.57056
1129,0.016253232955932617,,1031.323648
1130,0.016721010208129883,,1033.814016
1131,0.016113996505737305,,1035.419648
1132,0.01594066619873047,,1037.123584
1133,0.01688385009765625,,1135.198208
1134,0.017246246337890625,,1153.318912
1135,0.019171714782714844,,1158.3488
1136,0.016726016998291016,,1151.565824
1137,0.016663074493408203,,1111.719936
1138,0.017419099807739258,,953.79456
1139,0.0179598331451416,,933.96992
1140,0.017429113388061523,,908.132352
1141,0.019212722778320312,,912.965632
1142,0.016395092010498047,,917.979136
1143,0.01606917381286621,,920.28928
1144,0.01664900779724121,,924.95872
1145,0.01706385612487793,,927.039488
1146,0.016193151473999023,,928.940032
1147,0.016707897186279297,,937.230336
1148,0.016885042190551758,,926.859264
1149,0.017354965209960938,,899.203072
1150,0.01820826530456543,,900.79232
1151,0.016351938247680664,,893.99296
1152,0.021284103393554688,,852.885504
1153,0.017820119857788086,,877.625344
1154,0.018624067306518555,,888.75008
1155,0.018725156784057617,,890.22464
1156,0.016746997833251953,,893.566976
1157,0.016726016998291016,,898.940928
1158,0.017247915267944336,,1028.5056
1159,0.017531871795654297,,1076.903936
1160,0.017448902130126953,,1088.372736
1161,0.01886916160583496,,930.873344
1162,0.020617961883544922,,821.98528
1163,0.019507884979248047,,804.4544
1164,0.021104097366333008,,765.853696
1165,0.018584012985229492,,756.20352
1166,0.016861915588378906,,754.417664
1167,0.01778697967529297,,743.58784
1168,0.016932249069213867,,746.717184
1169,0.018680095672607422,,758.66112
1170,0.01619100570678711,,761.741312
1171,0.0175020694732666,,764.264448
1172,0.016463041305541992,,766.312448
1173,0.01658797264099121,,775.421952
1174,0.016314983367919922,,721.79712
1175,0.016770124435424805,,696.23808
1176,0.017512798309326172,,703.44704
1177,0.01647019386291504,,698.69568
1178,0.0167539119720459,,697.155584
1179,0.01642322540283203,,700.203008
1180,0.017107009887695312,,701.497344
1181,0.016643047332763672,,704.249856
1182,0.01636672019958496,,705.708032
1183,0.017226457595825195,,822.198272
1184,0.01616525650024414,,837.79584
1185,0.018515348434448242,,781.205504
1186,0.0194549560546875,,421.330944
1187,0.020115137100219727,,432.37376
1188,0.018393993377685547,,437.977088
1189,0.019242048263549805,,441.942016
1190,0.016601085662841797,,446.119936
1191,0.017062902450561523,,411.107328
1192,0.021176815032958984,,356.483072
1193,0.01865696907043457,,366.231552
1194,0.01813507080078125,,380.551168
1195,0.01782393455505371,,383.827968
1196,0.018648862838745117,,405.307392
1197,0.017976999282836914,,413.974528
1198,0.020534992218017578,,428.900352
1199,0.019348859786987305,,441.434112
1200,0.018574953079223633,,405.209088
1201,0.02019023895263672,,370.098176
1202,0.02112293243408203,,358.858752
1203,0.02012491226196289,,305.577984
1204,0.023075103759765625,,269.287424
1205,0.02218914031982422,,303.955968
1206,0.019053936004638672,,312.590336
1207,0.021101951599121094,,314.687488
1208,0.02026987075805664,,500.1216
1209,0.021502017974853516,,716.177408
1210,0.019520998001098633,,702.21824
1211,0.019962072372436523,,703.905792
1212,0.01817798614501953,,705.855488
1213,0.017924785614013672,,719.91296
1214,0.018368005752563477,,723.3536
1215,0.017492055892944336,,724.66432
1216,0.01854991912841797,,730.628096
1217,0.01791834831237793,,737.148928
1218,0.017292022705078125,,741.261312
1219,0.017453908920288086,,748.83072
1220,0.01896381378173828,,690.601984
1221,0.016551971435546875,,672.677888
1222,0.017127275466918945,,673.349632
1223,0.018607139587402344,,681.836544
1224,0.01678013801574707,,683.327488
1225,0.019362211227416992,,680.476672
1226,0.01881122589111328,,689.7664
1227,0.019748926162719727,,700.874752
1228,0.01710987091064453,,699.1872
1229,0.016968965530395508,,703.381504
1230,0.017507076263427734,,617.447424
1231,0.01990509033203125,,615.87456
1232,0.017580032348632812,,605.929472
1233,0.01961231231689453,,712.933376
1234,0.021337032318115234,,724.860928
1235,0.018815040588378906,,692.666368
1236,0.017796039581298828,,655.671296
1237,0.019369125366210938,,565.215232
1238,0.01996016502380371,,449.00352
1239,0.019366025924682617,,442.515456
1240,0.018167972564697266,,433.7664
1241,0.019647836685180664,,320.208896
1242,0.020045757293701172,,329.957376
1243,0.018686771392822266,,338.198528
1244,0.018590211868286133,,334.462976
1245,0.01946091651916504,,339.23072
1246,0.018734216690063477,,334.168064
1247,0.018298864364624023,,346.43968
1248,0.018150806427001953,,312.967168
1249,0.018464088439941406,,301.54752
1250,0.019457101821899414,,202.047488
1251,0.02332019805908203,,236.191744
1252,0.017223119735717773,,240.287744
1253,0.01916813850402832,,234.04544
1254,0.019759178161621094,,224.509952
1255,0.021211862564086914,,239.271936
1256,0.01975393295288086,,244.973568
1257,0.01827216148376465,,478.887936
1258,0.019361019134521484,,688.308224
1259,0.01731705665588379,,872.464384
1260,0.019784927368164062,,888.25856
1261,0.018946170806884766,,881.983488
1262,0.0203549861907959,,876.9536
1263,0.021326065063476562,,885.981184
1264,0.01953291893005371,,908.394496
1265,0.01806783676147461,,913.555456
1266,0.01636815071105957,,915.718144
1267,0.01813220977783203,,907.476992
1268,0.020074129104614258,,891.092992
1269,0.017571687698364258,,893.485056
1270,0.017782211303710938,,896.958464
1271,0.016048192977905273,,898.564096
1272,0.018499135971069336,,923.123712
1273,0.017609119415283203,,928.956416
1274,0.016299009323120117,,923.009024
1275,0.01708984375,,928.268288
1276,0.01795506477355957,,933.543936
1277,0.016370058059692383,,919.928832
1278,0.01958298683166504,,943.095808
1279,0.018055200576782227,,945.225728
1280,0.0175778865814209,,924.352512
1281,0.01862025260925293,,920.174592
1282,0.0159761905670166,,921.485312
1283,0.018587827682495117,,1019.215872
1284,0.01610422134399414,,1030.537216
1285,0.017574787139892578,,1035.649024
1286,0.0162203311920166,,1037.43488
1287,0.01848912239074707,,1043.808256
1288,0.01620769500732422,,1045.168128
1289,0.01654982566833496,,1046.511616
1290,0.01649308204650879,,1006.272512
1291,0.01978015899658203,,1024.262144
1292,0.01806020736694336,,816.300032
1293,0.017385005950927734,,817.840128
1294,0.01682305335998535,,823.885824
1295,0.017140865325927734,,825.966592
1296,0.01874518394470215,,843.268096
1297,0.018278837203979492,,864.878592
1298,0.01696014404296875,,875.790336
1299,0.016139984130859375,,877.068288
1300,0.016839981079101562,,883.720192
1301,0.018292903900146484,,885.06368
1302,0.018278121948242188,,887.635968
1303,0.017817020416259766,,889.470976
1304,0.01725172996520996,,890.79808
1305,0.016511917114257812,,856.047616
1306,0.018249988555908203,,656.048128
1307,0.018260955810546875,,663.846912
1308,0.01702713966369629,,691.552256
1309,0.016736984252929688,,793.018368
1310,0.017343997955322266,,794.427392
1311,0.01601409912109375,,796.475392
1312,0.01850295066833496,,797.98272
1313,0.01605510711669922,,799.37536
1314,0.018330097198486328,,800.669696
1315,0.016005754470825195,,801.964032
1316,0.01871800422668457,,803.291136
1317,0.016744375228881836,,779.436032
1318,0.016289949417114258,,782.155776
1319,0.016913890838623047,,787.08736
1320,0.016096830368041992,,789.610496
1321,0.016132831573486328,,790.904832
1322,0.016089200973510742,,792.199168
1323,0.019034147262573242,,809.582592
1324,0.016072750091552734,,810.876928
1325,0.018911123275756836,,821.755904
1326,0.017992019653320312,,824.27904
1327,0.01610708236694336,,825.573376
1328,0.01631784439086914,,826.867712
1329,0.017791032791137695,,842.596352
1330,0.016519784927368164,,788.660224
1331,0.01805281639099121,,729.41568
1332,0.0202791690826416,,719.814656
1333,0.01629495620727539,,828.309504
1334,0.01630687713623047,,829.325312
1335,0.016124248504638672,,846.036992
1336,0.018616914749145508,,865.56672
1337,0.01738905906677246,,877.019136
1338,0.016147136688232422,,878.952448
1339,0.018700122833251953,,882.720768
1340,0.018269777297973633,,887.783424
1341,0.016126155853271484,,889.339904
1342,0.016147136688232422,,890.63424
1343,0.016003131866455078,,885.112832
1344,0.01698780059814453,,852.262912
1345,0.017913818359375,,846.06976
1346,0.01892709732055664,,812.40064
1347,0.017109155654907227,,814.465024
1348,0.01787281036376953,,831.356928
1349,0.018338918685913086,,850.82112
1350,0.017587900161743164,,853.36064
1351,0.018404006958007812,,859.127808
1352,0.01619887351989746,,861.618176
1353,0.016874074935913086,,863.338496
1354,0.018317222595214844,,864.714752
1355,0.018018007278442383,,866.762752
1356,0.017812013626098633,,868.040704
1357,0.017308950424194336,,869.351424
1358,0.018756866455078125,,864.600064
1359,0.017581939697265625,,942.16192
1360,0.018755197525024414,,849.117184
1361,0.017210006713867188,,851.951616
1362,0.016954898834228516,,922.353664
1363,0.016423940658569336,,923.500544
1364,0.018180131912231445,,925.12256
1365,0.01753401756286621,,926.43328
1366,0.016027212142944336,,927.744
1367,0.0161130428314209,,929.038336
1368,0.016065120697021484,,930.349056
1369,0.01622605323791504,,932.872192
1370,0.018132925033569336,,936.083456
1371,0.01718282699584961,,937.377792
1372,0.016967058181762695,,864.09216
1373,0.020087718963623047,,822.673408
1374,0.016971111297607422,,765.427712
1375,0.016628026962280273,,764.837888
1376,0.016887903213500977,,777.125888
1377,0.016438007354736328,,782.237696
1378,0.016425132751464844,,788.201472
1379,0.018552064895629883,,800.505856
1380,0.01647210121154785,,805.84704
1381,0.016286849975585938,,813.54752
1382,0.018119096755981445,,829.652992
1383,0.01700615882873535,,830.963712
1384,0.016165971755981445,,833.552384
1385,0.016025066375732422,,835.01056
1386,0.020895957946777344,,849.67424
1387,0.018066883087158203,,881.475584
1388,0.017992258071899414,,893.403136
1389,0.016250133514404297,,866.942976
1390,0.016088008880615234,,823.820288
1391,0.01848292350769043,,788.955136
1392,0.018950223922729492,,702.906368
1393,0.017338991165161133,,681.65632
1394,0.019267797470092773,,698.7776
1395,0.018035888671875,,705.511424
1396,0.019343852996826172,,698.61376
1397,0.019041061401367188,,700.530688
1398,0.019840002059936523,,716.767232
1399,0.01821279525756836,,712.278016
1400,0.01874518394470215,,726.679552
1401,0.018227815628051758,,740.950016
1402,0.017761945724487305,,702.775296
1403,0.017406940460205078,,662.24128
1404,0.018910884857177734,,658.194432
1405,0.020984172821044922,,672.268288
1406,0.019724130630493164,,554.254336
1407,0.022248029708862305,,546.127872
1408,0.01965188980102539,,500.908032
1409,0.021052837371826172,,492.109824
1410,0.020217180252075195,,422.264832
1411,0.01888418197631836,,473.612288
1412,0.019917964935302734,,619.823104
1413,0.01909804344177246,,832.110592
1414,0.018522977828979492,,851.525632
1415,0.01848125457763672,,855.998464
1416,0.017946243286132812,,858.505216
1417,0.018494129180908203,,869.597184
1418,0.017841339111328125,,878.886912
1419,0.017339229583740234,,892.715008
1420,0.018992185592651367,,905.6256
1421,0.016644001007080078,,907.264
1422,0.017412185668945312,,909.262848
1423,0.017095327377319336,,912.080896
1424,0.017821788787841797,,913.65376
1425,0.018154144287109375,,916.488192
1426,0.018299102783203125,,924.434432
1427,0.0177001953125,,926.793728
1428,0.017637968063354492,,937.934848
1429,0.018134117126464844,,936.312832
1430,0.0184781551361084,,936.935424
1431,0.01818704605102539,,884.08064
1432,0.053746938705444336,,834.371584
1433,0.021225929260253906,,845.299712
1434,0.020292043685913086,,756.924416
1435,0.018076181411743164,,781.205504
1436,0.01817488670349121,,620.609536
1437,0.01875591278076172,,629.47328
1438,0.020743131637573242,,641.990656
1439,0.022449016571044922,,595.656704
1440,0.02062511444091797,,506.83904
1441,0.022024154663085938,,427.474944
1442,0.023725032806396484,,446.79168
1443,0.02378392219543457,,351.19104
1444,0.01959991455078125,,388.251648
1445,0.01885199546813965,,409.698304
1446,0.018353939056396484,,415.612928
1447,0.020493030548095703,,441.810944
1448,0.019608020782470703,,449.41312
1449,0.021294832229614258,,305.545216
1450,0.024483919143676758,,297.009152
1451,0.023092985153198242,,312.1152
1452,0.019076108932495117,,317.800448
1453,0.018568992614746094,,246.595584
1454,0.02599191665649414,,251.183104
1455,0.023537874221801758,,277.577728
1456,0.019601821899414062,,302.579712
1457,0.022871732711791992,,270.25408
1458,0.018177032470703125,,272.646144
1459,0.017728090286254883,,267.927552
1460,0.0206451416015625,,284.2624
1461,0.018635988235473633,,454.311936
1462,0.020329952239990234,,644.3008
1463,0.018069028854370117,,644.05504
1464,0.019628047943115234,,625.29536
1465,0.01860809326171875,,633.536512
1466,0.018980741500854492,,639.188992
1467,0.017782926559448242,,644.05504
1468,0.018136978149414062,,646.234112
1469,0.022832870483398438,,597.147648
1470,0.019479036331176758,,605.159424
1471,0.021878957748413086,,631.570432
1472,0.018233299255371094,,619.790336
1473,0.01953291893005371,,613.33504
1474,0.018626928329467773,,622.83776
1475,0.019342899322509766,,588.546048
1476,0.023617982864379883,,284.770304
1477,0.039457082748413086,,221.626368
1478,0.01905202865600586,,145.801216
1479,0.027839183807373047,,97.878016
1480,0.027312040328979492,,135.74144
1481,0.025887012481689453,,141.754368
1482,0.03481101989746094,,143.409152
1483,0.03148293495178223,,133.136384
1484,0.03676891326904297,,174.65344
1485,0.019926071166992188,,149.045248
1486,0.024148941040039062,,302.907392
1487,0.030958890914916992,,547.504128
1488,0.022949934005737305,,508.116992
1489,0.02894902229309082,,536.281088
1490,0.02371692657470703,,530.874368
1491,0.02662491798400879,,524.12416
1492,0.02474808692932129,,544.751616
1493,0.02304673194885254,,546.947072
1494,0.020099878311157227,,548.70016
1495,0.020721912384033203,,447.725568
1496,0.021790027618408203,,451.821568
1497,0.017986059188842773,,433.93024
1498,0.023526906967163086,,399.917056
1499,0.018368005752563477,,347.881472
1500,0.02137303352355957,,316.78464
1501,0.023478984832763672,,325.844992
1502,0.02149224281311035,,330.924032
1503,0.020813703536987305,,339.5584
1504,0.017882108688354492,,342.884352
1505,0.019087791442871094,,371.687424
1506,0.022253990173339844,,376.209408
1507,0.017726898193359375,,378.028032
1508,0.020063161849975586,,379.355136
1509,0.018548965454101562,,390.201344
1510,0.01926112174987793,,392.462336
1511,0.020123958587646484,,512.049152
1512,0.019264936447143555,,667.762688
1513,0.019862890243530273,,676.6592
1514,0.022888898849487305,,700.301312
1515,0.01782703399658203,,705.82272
1516,0.018714189529418945,,700.760064
1517,0.018639802932739258,,702.30016
1518,0.01946282386779785,,723.3536
1519,0.019079923629760742,,719.470592
1520,0.01924920082092285,,720.044032
1521,0.017719030380249023,,691.191808
1522,0.01963210105895996,,702.889984
1523,0.018272876739501953,,680.7552
1524,0.02089858055114746,,676.364288
1525,0.02012491226196289,,678.035456
1526,0.019315004348754883,,665.43616
1527,0.02064204216003418,,668.434432
1528,0.020905017852783203,,697.729024
1529,0.01932692527770996,,689.60256
1530,0.01927495002746582,,683.802624
1531,0.01970386505126953,,689.831936
1532,0.020263195037841797,,686.309376
1533,0.01944279670715332,,687.407104
1534,0.02103400230407715,,688.20992
1535,0.019577741622924805,,686.784512
1536,0.018098115921020508,,753.876992
1537,0.01758098602294922,,742.014976
1538,0.018104076385498047,,742.457344
1539,0.022125959396362305,,752.92672
1540,0.0178072452545166,,752.59904
1541,0.02073812484741211,,743.129088
1542,0.018910884857177734,,596.508672
1543,0.01835799217224121,,399.671296
1544,0.027731895446777344,,415.58016
1545,0.01911783218383789,,417.890304
1546,0.018862009048461914,,424.411136
1547,0.01906299591064453,,421.986304
1548,0.019908905029296875,,412.483584
1549,0.02078700065612793,,432.128
1550,0.018975257873535156,,441.925632
1551,0.016913175582885742,,439.17312
1552,0.024454116821289062,,446.349312
1553,0.021587848663330078,,449.265664
1554,0.019623994827270508,,447.381504
1555,0.021067142486572266,,446.8736
1556,0.018362998962402344,,452.1984
1557,0.0205690860748291,,455.39328
1558,0.019618988037109375,,445.628416
1559,0.018250226974487305,,449.98656
1560,0.0196380615234375,,452.722688
1561,0.01864910125732422,,452.542464
1562,0.024792909622192383,,462.569472
1563,0.030002832412719727,,434.601984
1564,0.02599191665649414,,421.23264
1565,0.023739099502563477,,456.94976
1566,0.025227069854736328,,491.388928
1567,0.02288222312927246,,451.477504
1568,0.021287918090820312,,432.521216
1569,0.018683195114135742,,437.551104
1570,0.018915176391601562,,377.012224
1571,0.020692110061645508,,351.19104
1572,0.01951885223388672,,305.152
1573,0.019144058227539062,,305.922048
1574,0.019546985626220703,,537.821184
1575,0.019473791122436523,,562.233344
1576,0.019232988357543945,,496.975872
1577,0.022449016571044922,,453.066752
1578,0.021326065063476562,,456.032256
1579,0.030666112899780273,,488.226816
1580,0.026157140731811523,,515.915776
1581,0.019672155380249023,,506.249216
1582,0.020978927612304688,,461.160448
1583,0.02067399024963379,,345.04704
1584,0.020160913467407227,,327.254016
1585,0.021938323974609375,,279.740416
1586,0.0233609676361084,,462.4384
1587,0.02133011817932129,,592.576512
1588,0.020651817321777344,,593.215488
1589,0.0186767578125,,577.650688
1590,0.022504091262817383,,619.577344
1591,0.02305889129638672,,631.422976
1592,0.019215822219848633,,632.979456
1593,0.021416902542114258,,590.987264
1594,0.021645069122314453,,561.348608
1595,0.022035837173461914,,461.553664
1596,0.023096084594726562,,434.42176
1597,0.022310972213745117,,457.474048
1598,0.023105859756469727,,449.347584
1599,0.01816082000732422,,298.582016
1600,0.027219772338867188,,225.574912
1601,0.022834300994873047,,274.628608
1602,0.019344806671142578,,280.82176
1603,0.020114898681640625,,304.611328
1604,0.01807999610900879,,253.968384
1605,0.022812843322753906,,294.01088
1606,0.01840519905090332,,242.663424
1607,0.024021148681640625,,280.559616
1608,0.021733760833740234,,251.936768
1609,0.022702932357788086,,194.412544
1610,0.0223538875579834,,216.121344
1611,0.02388596534729004,,407.158784
1612,0.019432783126831055,,584.794112
1613,0.027586936950683594,,584.82688
1614,0.0208742618560791,,596.04992
1615,0.020291805267333984,,604.127232
1616,0.02405691146850586,,634.093568
1617,0.022202014923095703,,638.664704
1618,0.018258094787597656,,637.976576
1619,0.022796154022216797,,608.878592
1620,0.022387981414794922,,621.461504
1621,0.02366805076599121,,537.411584
1622,0.018084049224853516,,448.544768
1623,0.019526243209838867,,453.558272
1624,0.021908998489379883,,480.37888
1625,0.0186920166015625,,491.388928
1626,0.022357940673828125,,398.901248
1627,0.019210338592529297,,292.028416
1628,0.020843982696533203,,263.3728
1629,0.020600080490112305,,248.46336
1630,0.01992177963256836,,271.024128
1631,0.018543720245361328,,303.939584
1632,0.023334980010986328,,333.643776
1633,0.024255037307739258,,343.195648
1634,0.017055988311767578,,342.884352
1635,0.017795801162719727,,344.997888
1636,0.017625093460083008,,543.080448
1637,0.018948793411254883,,737.11616
1638,0.022912979125976562,,745.865216
1639,0.0202789306640625,,736.608256
1640,0.018194913864135742,,713.1136
1641,0.017122983932495117,,712.753152
1642,0.01777815818786621,,723.18976
1643,0.019346952438354492,,720.617472
1644,0.0218050479888916,,731.185152
1645,0.021617889404296875,,742.883328
1646,0.01985907554626465,,739.08224
1647,0.018985986709594727,,743.522304
1648,0.017419099807739258,,754.909184
1649,0.021172761917114258,,756.269056
1650,0.01893901824951172,,765.329408
1651,0.01854109764099121,,749.043712
1652,0.021888017654418945,,756.793344
1653,0.01839280128479004,,756.482048
1654,0.021244049072265625,,747.19232
1655,0.016073942184448242,,749.453312
1656,0.01572704315185547,,751.091712
1657,0.020876169204711914,,756.727808
1658,0.020755767822265625,,757.43232
1659,0.020847320556640625,,756.416512
1660,0.017695903778076172,,758.480896
1661,0.019850969314575195,,791.478272
1662,0.018417835235595703,,720.896
1663,0.015733003616333008,,718.749696
1664,0.023808956146240234,,734.134272
1665,0.015797138214111328,,721.55136
1666,0.02103590965270996,,715.358208
1667,0.021464109420776367,,724.058112
1668,0.018778085708618164,,735.281152
1669,0.021433115005493164,,736.608256
1670,0.018323898315429688,,729.726976
1671,0.016112804412841797,,729.432064
1672,0.02088308334350586,,735.47776
1673,0.0209200382232666,,736.886784
1674,0.01821303367614746,,738.0992
1675,0.018675804138183594,,738.9184
1676,0.01801896095275879,,651.640832
1677,0.01692795753479004,,438.697984
1678,0.029346704483032227,,320.96256
1679,0.022798776626586914,,291.454976
1680,0.016825199127197266,,272.809984
1681,0.022594928741455078,,281.608192
1682,0.026703834533691406,,209.125376
1683,0.019829988479614258,,194.707456
1684,0.021179914474487305,,213.467136
1685,0.01852107048034668,,221.233152
1686,0.022781848907470703,,437.28896
1687,0.016644716262817383,,657.670144
1688,0.019487857818603516,,669.270016
1689,0.018330097198486328,,683.081728
1690,0.01947498321533203,,709.378048
1691,0.02236318588256836,,733.904896
1692,0.018247127532958984,,736.641024
1693,0.017452001571655273,,738.902016
1694,0.020696163177490234,,743.899136
1695,0.019480228424072266,,752.861184
1696,0.020029783248901367,,742.490112
1697,0.01611185073852539,,752.730112
1698,0.01630425453186035,,685.621248
1699,0.019997119903564453,,686.948352
1700,0.01791977882385254,,698.974208
1701,0.017189741134643555,,704.233472
1702,0.01931619644165039,,706.658304
1703,0.01827692985534668,,716.603392
1704,0.01578807830810547,,715.915264
1705,0.01809215545654297,,717.570048
1706,0.01771688461303711,,699.006976
1707,0.01813507080078125,,704.577536
1708,0.018000125885009766,,705.921024
1709,0.01791691780090332,,723.124224
1710,0.01904582977294922,,724.434944
1711,0.016499996185302734,,718.782464
1712,0.01641702651977539,,741.441536
1713,0.017575979232788086,,759.31648
1714,0.019015073776245117,,773.40672
1715,0.01861095428466797,,778.190848
1716,0.018019914627075195,,782.58176
1717,0.017698049545288086,,798.031872
1718,0.018777132034301758,,798.572544
1719,0.015312910079956055,,788.545536
1720,0.018388986587524414,,762.42944
1721,0.018278121948242188,,757.153792
1722,0.01854991912841797,,757.415936
1723,0.017744779586791992,,504.315904
1724,0.016427993774414062,,506.576896
1725,0.015560150146484375,,494.63296
1726,0.016857147216796875,,372.015104
1727,0.029040813446044922,,386.727936
1728,0.01601576805114746,,392.790016
1729,0.0189969539642334,,418.185216
1730,0.017506122589111328,,422.166528
1731,0.015702009201049805,,425.32864
1732,0.015690088272094727,,429.785088
1733,0.01823711395263672,,431.357952
1734,0.016527175903320312,,635.060224
1735,0.0186917781829834,,638.763008
1736,0.016197919845581055,,777.601024
1737,0.018377304077148438,,947.765248
1738,0.0213472843170166,,922.4192
1739,0.02027606964111328,,911.507456
1740,0.01725006103515625,,914.948096
1741,0.023086071014404297,,905.05216
1742,0.019115924835205078,,906.002432
1743,0.019032001495361328,,805.470208
1744,0.020692825317382812,,844.414976
1745,0.01836228370666504,,834.895872
1746,0.0175168514251709,,838.680576
1747,0.017333030700683594,,834.142208
1748,0.021407127380371094,,856.768512
1749,0.01639699935913086,,828.04736
1750,0.01730203628540039,,837.566464
1751,0.01686716079711914,,847.4624
1752,0.01625800132751465,,850.182144
1753,0.019541025161743164,,858.505216
1754,0.016754150390625,,861.765632
1755,0.021050691604614258,,885.5552
1756,0.017918825149536133,,889.143296
1757,0.020714998245239258,,891.600896
1758,0.020097970962524414,,874.266624
1759,0.02008199691772461,,781.910016
1760,0.016695022583007812,,768.49152
1761,0.01849508285522461,,767.492096
1762,0.016764163970947266,,778.960896
1763,0.0163118839263916,,780.795904
1764,0.01902627944946289,,791.543808
1765,0.019384145736694336,,797.4912
1766,0.016920804977416992,,802.914304
1767,0.019176244735717773,,806.633472
1768,0.019024133682250977,,812.924928
1769,0.01597285270690918,,791.822336
1770,0.017802000045776367,,788.381696
1771,0.01615595817565918,,789.692416
1772,0.01951885223388672,,731.660288
1773,0.01952505111694336,,737.656832
1774,0.01813197135925293,,709.410816
1775,0.01665210723876953,,713.211904
1776,0.020556211471557617,,720.060416
1777,0.016834020614624023,,721.403904
1778,0.016476869583129883,,727.138304
1779,0.017126083374023438,,733.315072
1780,0.0193021297454834,,734.756864
1781,0.016265153884887695,,710.90176
1782,0.017264127731323242,,668.71296
1783,0.016629934310913086,,668.434432
1784,0.018585205078125,,654.327808
1785,0.022292137145996094,,662.044672
1786,0.017416954040527344,,767.279104
1787,0.016888856887817383,,785.973248
1788,0.02048015594482422,,788.955136
1789,0.01636505126953125,,791.035904
1790,0.019222021102905273,,796.91776
1791,0.0189511775970459,,779.354112
1792,0.01751875877380371,,784.760832
1793,0.019880056381225586,,697.499648
1794,0.020076990127563477,,702.857216
1795,0.016328811645507812,,698.957824
1796,0.017699003219604492,,477.872128
1797,0.01827406883239746,,333.234176
1798,0.018152952194213867,,285.442048
1799,0.017690181732177734,,263.29088
1800,0.02259993553161621,,282.771456
1801,0.016970157623291016,,293.51936
1802,0.020222902297973633,,313.327616
1803,0.01854681968688965,,333.824
1804,0.019607067108154297,,336.871424
1805,0.019717931747436523,,362.889216
1806,0.017229080200195312,,366.772224
1807,0.01989293098449707,,373.768192
1808,0.016178131103515625,,374.095872
1809,0.019680023193359375,,363.64288
1810,0.0220339298248291,,338.98496
1811,0.020092010498046875,,440.795136
1812,0.01802992820739746,,659.29216
1813,0.01799321174621582,,676.298752
1814,0.018937110900878906,,689.717248
1815,0.01671910285949707,,692.748288
1816,0.01873040199279785,,697.991168
1817,0.016110897064208984,,699.662336
1818,0.019628047943115234,,705.757184
1819,0.019033193588256836,,709.722112
1820,0.02078104019165039,,677.15072
1821,0.016988039016723633,,674.6112
1822,0.01736283302307129,,640.483328
1823,0.016845703125,,644.923392
1824,0.016425132751464844,,648.249344
1825,0.020546913146972656,,671.90784
1826,0.017221927642822266,,679.346176
1827,0.01977396011352539,,709.525504
1828,0.018341064453125,,711.622656
1829,0.018635988235473633,,714.129408
1830,0.016654014587402344,,714.162176
1831,0.016476154327392578,,673.398784
1832,0.025604963302612305,,647.774208
1833,0.022376060485839844,,633.208832
1834,0.017841100692749023,,621.625344
1835,0.017310380935668945,,619.937792
1836,0.018826961517333984,,715.65312
1837,0.016689777374267578,,621.756416
1838,0.019616127014160156,,652.771328
1839,0.017415761947631836,,667.697152
1840,0.01841592788696289,,690.176
1841,0.019559860229492188,,708.44416
1842,0.016261816024780273,,710.98368
1843,0.01889824867248535,,716.095488
1844,0.01721501350402832,,724.697088
1845,0.024302005767822266,,741.064704
1846,0.018462419509887695,,747.470848
1847,0.016833782196044922,,751.992832
1848,0.01623392105102539,,753.565696
1849,0.020986080169677734,,755.007488
1850,0.018136978149414062,,761.266176
1851,0.01816868782043457,,770.916352
1852,0.016347885131835938,,773.750784
1853,0.021213769912719727,,781.385728
1854,0.019089937210083008,,783.925248
1855,0.0167081356048584,,788.824064
1856,0.019160032272338867,,792.936448
1857,0.018337726593017578,,794.345472
1858,0.01873779296875,,796.770304
1859,0.016032695770263672,,799.670272
1860,0.018543004989624023,,801.538048
1861,0.018744707107543945,,907.640832
1862,0.02225208282470703,,926.826496
1863,0.01605987548828125,,927.465472
1864,0.01626276969909668,,829.60384
1865,0.01862025260925293,,831.127552
1866,0.01816701889038086,,832.536576
1867,0.01634526252746582,,833.830912
1868,0.018830060958862305,,835.125248
1869,0.018001079559326172,,772.816896
1870,0.018277883529663086,,786.464768
1871,0.01601409912109375,,712.261632
1872,0.01602792739868164,,681.836544
1873,0.016120195388793945,,683.655168
1874,0.0161440372467041,,685.99808
1875,0.01679396629333496,,693.4528
1876,0.01713395118713379,,700.98944
1877,0.016443967819213867,,704.937984
1878,0.016719818115234375,,706.166784
1879,0.01995229721069336,,693.747712
1880,0.0168912410736084,,691.126272
1881,0.01880478858947754,,692.944896
1882,0.01786327362060547,,668.22144
1883,0.016782283782958984,,664.04352
1884,0.01754903793334961,,631.898112
1885,0.017314672470092773,,636.747776
1886,0.018082857131958008,,796.459008
1887,0.01919388771057129,,835.09248
1888,0.01854109764099121,,772.096
1889,0.018893957138061523,,756.219904
1890,0.018513202667236328,,944.685056
1891,0.018453121185302734,,953.5488
1892,0.01660299301147461,,956.301312
1893,0.0172121524810791,,961.757184
1894,0.018985986709594727,,973.324288
1895,0.016632080078125,,974.716928
1896,0.01852107048034668,,976.142336
1897,0.01815509796142578,,977.944576
1898,0.016538143157958984,,979.550208
1899,0.017781972885131836,,970.522624
1900,0.01908087730407715,,951.58272
1901,0.016956806182861328,,963.854336
1902,0.020717859268188477,,967.950336
1903,0.0163729190826416,,912.080896
1904,0.022031784057617188,,937.41056
1905,0.019726276397705078,,921.550848
1906,0.019642114639282227,,889.749504
1907,0.01834702491760254,,887.308288
1908,0.02012181282043457,,904.282112
1909,0.0168001651763916,,908.345344
1910,0.016521930694580078,,865.4848
1911,0.02079296112060547,,359.759872
1912,0.026230812072753906,,473.74336
1913,0.02288508415222168,,526.106624
1914,0.020926237106323242,,543.752192
1915,0.01735091209411621,,553.172992
1916,0.016813039779663086,,558.792704
1917,0.018477201461791992,,566.72256
1918,0.01777791976928711,,579.452928
1919,0.016793012619018555,,583.876608
1920,0.01794600486755371,,596.738048
1921,0.016387939453125,,600.375296
1922,0.01764082908630371,,608.239616
1923,0.02048015594482422,,604.635136
1924,0.017980098724365234,,607.469568
1925,0.019422292709350586,,597.540864
1926,0.018771886825561523,,609.665024
1927,0.018774747848510742,,614.252544
1928,0.019623994827270508,,636.289024
1929,0.018932104110717773,,645.922816
1930,0.01888108253479004,,648.691712
1931,0.0196380615234375,,664.584192
1932,0.017940044403076172,,664.649728
1933,0.01665186882019043,,668.336128
1934,0.019031047821044922,,666.681344
1935,0.01692795753479004,,664.322048
1936,0.017057180404663086,,724.992
1937,0.016238927841186523,,563.888128
1938,0.01651287078857422,,554.287104
1939,0.019919157028198242,,563.429376
1940,0.016463041305541992,,569.901056
1941,0.020008087158203125,,607.731712
1942,0.0184628963470459,,612.876288
1943,0.016082763671875,,614.580224
1944,0.018895864486694336,,618.74176
1945,0.017004728317260742,,620.101632
1946,0.016375064849853516,,598.409216
1947,0.017393827438354492,,596.328448
1948,0.016669034957885742,,601.178112
1949,0.018516063690185547,,566.018048
1950,0.01742076873779297,,563.44576
1951,0.017268896102905273,,565.379072
1952,0.020161151885986328,,583.335936
1953,0.01694011688232422,,587.93984
1954,0.019155025482177734,,591.937536
1955,0.019505977630615234,,595.623936
1956,0.01796412467956543,,601.030656
1957,0.019990205764770508,,630.669312
1958,0.017815113067626953,,612.499456
1959,0.018587827682495117,,619.331584
1960,0.016087055206298828,,621.28128
1961,0.018878936767578125,,715.456512
1962,0.017569780349731445,,760.348672
1963,0.016103267669677734,,762.462208
1964,0.01628398895263672,,764.116992
1965,0.01748514175415039,,766.230528
1966,0.016263246536254883,,767.311872
1967,0.016143083572387695,,768.688128
1968,0.01601099967956543,,707.395584
1969,0.0177919864654541,,709.91872
1970,0.017023086547851562,,652.230656
1971,0.022756099700927734,,589.955072
1972,0.016348838806152344,,480.4608
1973,0.02608203887939453,,349.22496
1974,0.020823001861572266,,395.59168
1975,0.018160104751586914,,399.425536
1976,0.017187118530273438,,404.242432
1977,0.016011953353881836,,406.224896
1978,0.01683187484741211,,397.901824
1979,0.01863718032836914,,413.057024
1980,0.01788330078125,,415.3344
1981,0.018206119537353516,,421.609472
1982,0.01895928382873535,,424.476672
1983,0.01827716827392578,,431.194112
1984,0.017660856246948242,,408.436736
1985,0.020235061645507812,,407.486464
1986,0.017655134201049805,,554.483712
1987,0.017453670501708984,,739.475456
1988,0.019755840301513672,,754.778112
1989,0.01825094223022461,,756.28544
1990,0.01808905601501465,,762.01984
1991,0.01652812957763672,,763.887616
1992,0.018461227416992188,,767.983616
1993,0.01632094383239746,,769.39264
1994,0.0168759822845459,,770.736128
1995,0.017614126205444336,,777.060352
1996,0.016407012939453125,,776.830976
1997,0.017416954040527344,,701.530112
1998,0.016737699508666992,,668.663808
1999,0.01807999610900879,,671.236096
2000,0.018563032150268555,,699.088896
2001,0.016252994537353516,,700.399616
2002,0.018028974533081055,,715.669504
2003,0.016326189041137695,,715.997184
2004,0.01782083511352539,,716.652544
2005,0.01736903190612793,,706.39616
2006,0.018405914306640625,,604.9792
2007,0.020824909210205078,,614.07232
2008,0.01657581329345703,,608.485376
2009,0.01910090446472168,,608.223232
2010,0.01969289779663086,,618.053632
2011,0.018223047256469727,,694.697984
2012,0.0184478759765625,,722.714624
2013,0.017751216888427734,,732.299264
2014,0.017191171646118164,,704.9216
2015,0.01632094383239746,,706.674688
2016,0.016476869583129883,,706.625536
2017,0.01825404167175293,,707.7888
2018,0.017599105834960938,,709.115904
2019,0.0188748836517334,,714.063872
2020,0.016518831253051758,,717.750272
2021,0.01917409896850586,,726.188032
2022,0.017206907272338867,,727.875584
2023,0.01964402198791504,,757.776384
2024,0.020353078842163086,,759.185408
2025,0.0172421932220459,,762.134528
2026,0.017694950103759766,,763.723776
2027,0.01748204231262207,,769.196032
2028,0.01747298240661621,,777.650176
2029,0.0189361572265625,,650.084352
2030,0.019505023956298828,,666.550272
2031,0.018347978591918945,,684.670976
2032,0.019749879837036133,,699.645952
2033,0.01747584342956543,,700.956672
2034,0.01798415184020996,,707.018752
2035,0.018360137939453125,,708.952064
2036,0.0163419246673584,,836.89472
2037,0.016993999481201172,,858.456064
2038,0.01667308807373047,,860.504064
2039,0.01936483383178711,,877.543424
2040,0.016444921493530273,,879.132672
2041,0.018448829650878906,,885.014528
2042,0.01853799819946289,,889.880576
2043,0.01750922203063965,,891.420672
2044,0.016621828079223633,,892.715008
2045,0.01783013343811035,,894.025728
2046,0.017720937728881836,,895.320064
2047,0.017364978790283203,,896.6144
2048,0.017539024353027344,,898.547712
2049,0.016047954559326172,,900.153344
2050,0.017841815948486328,,901.44768
2051,0.018324851989746094,,1061.02784
2052,0.018555879592895508,,1062.371328
2053,0.016704082489013672,,1068.31872
2054,0.01596689224243164,,1069.973504
2055,0.01789069175720215,,1071.480832
2056,0.016755104064941406,,1072.840704
2057,0.016820907592773438,,1074.151424
2058,0.01676487922668457,,1075.462144
2059,0.017796993255615234,,1078.280192
2060,0.018396854400634766,,1079.574528
2061,0.016096115112304688,,1125.82656
2062,0.01618194580078125,,1127.497728
2063,0.016085147857666016,,1128.824832
2064,0.01681995391845703,,1130.119168
2065,0.01629781723022461,,1134.051328
2066,0.016939878463745117,,1135.4112
2067,0.018246889114379883,,1136.705536
2068,0.016406774520874023,,1137.999872
2069,0.01680612564086914,,1139.277824
2070,0.017026662826538086,,1140.588544
2071,0.017061710357666016,,1141.932032
2072,0.0172879695892334,,1143.226368
2073,0.017534971237182617,,1146.55232
2074,0.01747274398803711,,1150.255104
2075,0.017074108123779297,,1151.54944
2076,0.01717090606689453,,1157.627904
2077,0.01798391342163086,,1160.06912
2078,0.016817092895507812,,1162.313728
2079,0.016972064971923828,,1163.624448
2080,0.017407894134521484,,1164.918784
2081,0.01668095588684082,,1166.21312
2082,0.017782926559448242,,1167.507456
2083,0.017448902130126953,,1168.818176
2084,0.017510175704956055,,1170.112512
2085,0.01800704002380371,,1171.767296
2086,0.01604914665222168,,1216.724992
2087,0.016021013259887695,,1232.273408
2088,0.01810622215270996,,1233.87904
2089,0.017595767974853516,,1235.173376
2090,0.017651796340942383,,1236.484096
2091,0.016483068466186523,,1237.762048
2092,0.016347885131835938,,1239.056384
2093,0.01605677604675293,,1240.35072
2094,0.016071796417236328,,1241.645056
2095,0.018548965454101562,,1242.939392
2096,0.016707897186279297,,1244.233728
2097,0.017059803009033203,,1245.528064
2098,0.01849985122680664,,1246.8224
2099,0.01804184913635254,,1248.100352
2100,0.017359018325805664,,1249.394688
2101,0.01871180534362793,,1256.472576
2102,0.01707172393798828,,1257.766912
2103,0.017592906951904297,,1262.665728
2104,0.018647193908691406,,1263.960064
2105,0.018236160278320312,,1266.434048
2106,0.018107891082763672,,1267.728384
2107,0.016945838928222656,,1271.431168
2108,0.018672704696655273,,1272.725504
2109,0.018059968948364258,,1274.331136
2110,0.0167849063873291,,1275.625472
2111,0.016127824783325195,,1348.124672
2112,0.016173124313354492,,1363.689472
2113,0.01745891571044922,,1365.065728
2114,0.01770496368408203,,1366.360064
2115,0.017739057540893555,,1367.6544
2116,0.017016887664794922,,1368.948736
2117,0.01623988151550293,,1370.243072
2118,0.01838207244873047,,1371.553792
2119,0.018110990524291992,,1372.864512
2120,0.017358064651489258,,1378.942976
2121,0.018212080001831055,,1383.79264
2122,0.017635107040405273,,1391.853568
2123,0.01729106903076172,,1393.147904
2124,0.016457080841064453,,1395.277824
2125,0.018224000930786133,,1396.57216
2126,0.017788171768188477,,1397.850112
2127,0.018320798873901367,,1409.974272
2128,0.018224239349365234,,1422.5408
2129,0.016277074813842773,,1423.884288
2130,0.017838001251220703,,1425.309696
2131,0.02295088768005371,,1353.711616
2132,0.01969003677368164,,1284.390912
2133,0.026969194412231445,,1307.099136
2134,0.02180194854736328,,1309.73696
2135,0.01658916473388672,,1311.145984
2136,0.017901182174682617,,1377.091584
2137,0.01687788963317871,,1383.448576
2138,0.018360137939453125,,1384.873984
2139,0.017892837524414062,,1389.7728
2140,0.01678919792175293,,1391.08352
2141,0.016807079315185547,,1395.949568
2142,0.01685309410095215,,1402.044416
2143,0.018162250518798828,,1405.7472
2144,0.01746988296508789,,1414.152192
2145,0.017991065979003906,,1422.62272
2146,0.018741130828857422,,1423.93344
2147,0.017666101455688477,,1432.3712
2148,0.021820783615112305,,1449.689088
2149,0.017568111419677734,,1450.983424
2150,0.01887202262878418,,1467.777024
2151,0.017879009246826172,,1475.575808
2152,0.01823592185974121,,1445.511168
2153,0.018229007720947266,,1444.6592
2154,0.01800084114074707,,1445.986304
2155,0.017877817153930664,,1447.28064
2156,0.01698470115661621,,1439.793152
2157,0.019479036331176758,,1441.071104
2158,0.0181732177734375,,1442.36544
2159,0.01834583282470703,,1443.659776
2160,0.01829981803894043,,1444.954112
2161,0.017641067504882812,,1517.469696
2162,0.01826310157775879,,1533.034496
2163,0.018245935440063477,,1545.961472
2164,0.01732921600341797,,1547.255808
2165,0.01832103729248047,,1548.53376
2166,0.018847942352294922,,1549.828096
2167,0.018256664276123047,,1551.122432
2168,0.018244028091430664,,1552.416768
2169,0.0176699161529541,,1553.711104
2170,0.017810821533203125,,1554.989056
2171,0.017241954803466797,,1556.283392
2172,0.017711877822875977,,1557.577728
2173,0.01778888702392578,,1558.872064
2174,0.018218040466308594,,1560.150016
2175,0.017297744750976562,,1559.330816
2176,0.017345190048217773,,1563.049984
2177,0.017089128494262695,,1564.34432
2178,0.01802802085876465,,1562.066944
2179,0.017445087432861328,,1563.344896
2180,0.01734185218811035,,1561.100288
2181,0.017434120178222656,,1562.394624
2182,0.018635988235473633,,1573.552128
2183,0.01903367042541504,,1574.83008
2184,0.01802515983581543,,1577.975808
2185,0.01726698875427246,,1579.270144
2186,0.019288063049316406,,1650.491392
2187,0.01759195327758789,,1651.769344
2188,0.01781010627746582,,1667.121152
2189,0.017951011657714844,,1669.464064
2190,0.017323017120361328,,1673.46176
2191,0.017874956130981445,,1674.756096
2192,0.017334699630737305,,1677.524992
2193,0.01824164390563965,,1678.819328
2194,0.01986098289489746,,1680.113664
2195,0.016622066497802734,,1681.522688
2196,0.017380952835083008,,1682.80064
2197,0.01874709129333496,,1684.094976
2198,0.01800084114074707,,1693.057024
2199,0.017676115036010742,,1695.121408
2200,0.017932891845703125,,1697.30048
2201,0.019398927688598633,,1703.936
2202,0.01806497573852539,,1711.980544
2203,0.01867389678955078,,1714.487296
2204,0.017406225204467773,,1715.798016
2205,0.018416881561279297,,1717.075968
2206,0.017905712127685547,,1718.386688
2207,0.018439054489135742,,1714.651136
2208,0.018893718719482422,,1691.041792
2209,0.018291234970092773,,1692.30336
2210,0.017805099487304688,,1693.597696
2211,0.017892122268676758,,1587.2
2212,0.017192840576171875,,1589.41184
2213,0.01776909828186035,,1590.706176
2214,0.018548011779785156,,1595.277312
2215,0.0186309814453125,,1596.571648
2216,0.01813983917236328,,1597.865984
2217,0.018557071685791016,,1602.68288
2218,0.018368005752563477,,1603.960832
2219,0.018449068069458008,,1610.039296
2220,0.018138885498046875,,1614.020608
2221,0.018672943115234375,,1615.314944
2222,0.016798973083496094,,1616.592896
2223,0.01760077476501465,,1617.887232
2224,0.018370866775512695,,1619.705856
2225,0.01796412467956543,,1624.342528
2226,0.019483089447021484,,1641.299968
2227,0.01724696159362793,,1642.119168
2228,0.01792311668395996,,1643.413504
2229,0.019449949264526367,,1639.46496
2230,0.018410921096801758,,1638.498304
2231,0.018304824829101562,,1639.776256
2232,0.018085002899169922,,1641.10336
2233,0.018259048461914062,,1642.397696
2234,0.01708531379699707,,1643.708416
2235,0.017805099487304688,,1645.002752
2236,0.017718076705932617,,1646.411776
2237,0.017969846725463867,,806.076416
2238,0.02223801612854004,,830.58688
2239,0.022186994552612305,,678.87104
2240,0.02155613899230957,,650.641408
2241,0.020888805389404297,,598.09792
2242,0.022534847259521484,,532.709376
2243,0.023836135864257812,,463.945728
2244,0.021891117095947266,,442.875904
2245,0.01952219009399414,,357.892096
2246,0.019377946853637695,,370.982912
2247,0.020103931427001953,,397.88544
2248,0.018522024154663086,,409.960448
2249,0.018146038055419922,,430.391296
2250,0.019344806671142578,,454.721536
2251,0.01941704750061035,,465.010688
2252,0.019107818603515625,,468.123648
2253,0.01821613311767578,,477.10208
2254,0.019941091537475586,,488.144896
2255,0.018635988235473633,,491.618304
2256,0.018644094467163086,,498.0736
2257,0.017688989639282227,,449.00352
2258,0.01926708221435547,,417.660928
2259,0.020272016525268555,,394.412032
2260,0.018518924713134766,,389.152768
2261,0.018493175506591797,,385.073152
2262,0.018286705017089844,,509.853696
2263,0.01805400848388672,,688.717824
2264,0.02059793472290039,,701.825024
2265,0.017410993576049805,,710.344704
2266,0.01961493492126465,,716.079104
2267,0.018553972244262695,,725.303296
2268,0.017963171005249023,,716.259328
2269,0.019697904586791992,,717.766656
2270,0.018739938735961914,,713.35936
2271,0.019142866134643555,,716.750848
2272,0.01633310317993164,,720.781312
2273,0.016654014587402344,,729.972736
2274,0.018572092056274414,,742.490112
2275,0.018471956253051758,,745.832448
2276,0.019269227981567383,,755.597312
2277,0.01854705810546875,,764.985344
2278,0.01865386962890625,,778.07616
2279,0.0194091796875,,783.040512
2280,0.01811814308166504,,785.825792
2281,0.01906895637512207,,788.80768
2282,0.01676487922668457,,790.1184
2283,0.01867532730102539,,800.079872
2284,0.017360925674438477,,801.357824
2285,0.018084049224853516,,804.405248
2286,0.019709110260009766,,805.830656
2287,0.01619100570678711,,873.365504
2288,0.01709580421447754,,881.721344
2289,0.01893305778503418,,882.491392
2290,0.018884897232055664,,883.654656
2291,0.016450166702270508,,885.325824
2292,0.019024133682250977,,887.390208
2293,0.01826310157775879,,889.339904
2294,0.0179598331451416,,890.63424
2295,0.01969289779663086,,894.599168
2296,0.01859879493713379,,903.364608
2297,0.017094135284423828,,901.218304
2298,0.018786191940307617,,902.84032
2299,0.018579959869384766,,889.421824
2300,0.019110918045043945,,870.56384
2301,0.017590045928955078,,871.858176
2302,0.017579078674316406,,887.177216
2303,0.017572879791259766,,902.152192
2304,0.017175674438476562,,906.412032
2305,0.01908731460571289,,908.050432
2306,0.018911123275756836,,913.211392
2307,0.01783895492553711,,914.505728
2308,0.01689910888671875,,918.15936
2309,0.01896500587463379,,919.453696
2310,0.01873183250427246,,921.387008
2311,0.01808905601501465,,922.877952
2312,0.018436670303344727,,999.276544
2313,0.01719069480895996,,1014.857728
2314,0.017904996871948242,,1018.413056
2315,0.01689600944519043,,1015.578624
2316,0.01972031593322754,,1018.134528
2317,0.018135786056518555,,1010.581504
2318,0.017294883728027344,,1011.87584
2319,0.01822495460510254,,1013.153792
2320,0.019160032272338867,,1017.479168
2321,0.019694805145263672,,979.877888
2322,0.017817020416259766,,965.574656
2323,0.018148183822631836,,904.47872
2324,0.02062201499938965,,925.94176
2325,0.018941879272460938,,940.539904
2326,0.018577098846435547,,931.299328
2327,0.017544984817504883,,924.942336
2328,0.01835799217224121,,927.465472
2329,0.01821112632751465,,913.833984
2330,0.017333984375,,877.150208
2331,0.018040180206298828,,859.553792
2332,0.020479440689086914,,862.109696
2333,0.01966381072998047,,871.46496
2334,0.018596887588500977,,870.187008
2335,0.018087148666381836,,884.359168
2336,0.01776719093322754,,885.751808
2337,0.017885923385620117,,997.834752
2338,0.01792001724243164,,1013.448704
2339,0.018599987030029297,,1015.955456
2340,0.018760204315185547,,1017.954304
2341,0.019079923629760742,,1025.88416
2342,0.01853203773498535,,1027.227648
2343,0.018919944763183594,,1030.782976
2344,0.018975019454956055,,1032.077312
2345,0.018491029739379883,,1033.453568
2346,0.019875049591064453,,1039.777792
2347,0.01830601692199707,,1048.133632
2348,0.018518924713134766,,1049.460736
2349,0.01838207244873047,,1052.000256
2350,0.017919063568115234,,1053.278208
2351,0.018024921417236328,,1041.514496
2352,0.01932525634765625,,1027.6864
2353,0.018581867218017578,,1032.699904
2354,0.01937413215637207,,1041.498112
2355,0.01837301254272461,,1044.004864
2356,0.018253087997436523,,1046.495232
2357,0.018481969833374023,,1050.902528
2358,0.018725872039794922,,1054.80192
2359,0.018263816833496094,,1056.096256
2360,0.018320083618164062,,1058.701312
2361,0.01794600486755371,,1060.110336
2362,0.017121076583862305,,1128.726528
2363,0.018523216247558594,,1124.286464
2364,0.017189979553222656,,1131.97056
2365,0.016991138458251953,,1128.824832
2366,0.018145084381103516,,1130.33216
2367,0.018867969512939453,,1194.213376
2368,0.017552852630615234,,1199.3088
2369,0.01782703399658203,,1200.635904
2370,0.018246889114379883,,1201.93024
2371,0.018642902374267578,,1214.005248
2372,0.017117977142333984,,1220.411392
2373,0.01902294158935547,,1222.688768
2374,0.018402099609375,,1226.227712
2375,0.018652915954589844,,1227.767808
2376,0.017244815826416016,,1229.078528
2377,0.01789402961730957,,1232.81408
2378,0.017795801162719727,,1234.108416
2379,0.01709604263305664,,1235.615744
2380,0.018774986267089844,,1236.91008
2381,0.01812887191772461,,1238.188032
2382,0.01706719398498535,,1239.498752
2383,0.017954111099243164,,1243.185152
2384,0.018364906311035156,,1248.0512
2385,0.017806053161621094,,1249.329152
2386,0.017672061920166016,,1250.623488
2387,0.0187530517578125,,1252.032512
2388,0.016447067260742188,,1282.768896
2389,0.017656803131103516,,1286.127616
2390,0.017868995666503906,,1287.405568
2391,0.0177762508392334,,1288.716288
2392,0.018270015716552734,,1288.978432
2393,0.018993854522705078,,1289.076736
2394,0.017529010772705078,,1293.975552
2395,0.017566204071044922,,1295.269888
2396,0.01841592788696289,,1296.498688
2397,0.017640113830566406,,1297.793024
2398,0.018956661224365234,,1299.070976
2399,0.018208026885986328,,1300.56192
2400,0.01849198341369629,,1302.102016
2401,0.0178072452545166,,1305.051136
2402,0.019917011260986328,,1321.762816
2403,0.017896175384521484,,1323.057152
2404,0.01710677146911621,,1326.710784
2405,0.019397735595703125,,1328.00512
2406,0.018635988235473633,,1329.299456
2407,0.017496109008789062,,1333.00224
2408,0.0186917781829834,,1326.022656
2409,0.017740249633789062,,1327.333376
2410,0.018479108810424805,,1328.627712
2411,0.01869678497314453,,1339.392
2412,0.018374919891357422,,1340.162048
2413,0.017058134078979492,,1355.661312
2414,0.017069101333618164,,1357.152256
2415,0.017904996871948242,,1358.462976
2416,0.018656015396118164,,1331.494912
2417,0.01806187629699707,,1327.34976
2418,0.01788187026977539,,1339.71968
2419,0.018107175827026367,,1345.568768
2420,0.01791214942932129,,1347.108864
2421,0.016984224319458008,,1348.4032
2422,0.018619060516357422,,1350.893568
2423,0.018289804458618164,,1352.204288
2424,0.01847100257873535,,1359.29856
2425,0.018232107162475586,,1219.62496
2426,0.017967700958251953,,1224.523776
2427,0.019984006881713867,,1253.425152
2428,0.018066883087158203,,1156.841472
2429,0.02792191505432129,,1140.277248
2430,0.018329143524169922,,1152.827392
2431,0.01787590980529785,,1158.250496
2432,0.018518924713134766,,1161.281536
2433,0.019043922424316406,,1158.742016
2434,0.01785898208618164,,1091.82976
2435,0.019887924194335938,,1110.802432
2436,0.017889976501464844,,1112.096768
2437,0.018071889877319336,,1120.649216
2438,0.01806807518005371,,1211.531264
2439,0.017954111099243164,,1228.439552
2440,0.01769876480102539,,1230.307328
2441,0.017197132110595703,,1231.945728
2442,0.01799917221069336,,1233.22368
2443,0.017889022827148438,,1238.237184
2444,0.018192768096923828,,1241.9072
2445,0.017755985260009766,,1246.150656
2446,0.017674922943115234,,1240.547328
2447,0.01762104034423828,,1240.18688
2448,0.018014907836914062,,1243.316224
2449,0.0181119441986084,,1245.151232
2450,0.018143892288208008,,1246.445568
2451,0.017889022827148438,,1248.280576
2452,0.018677949905395508,,1270.1696
2453,0.01833319664001465,,1279.213568
2454,0.017349958419799805,,1280.638976
2455,0.017437219619750977,,1284.83328
2456,0.017251014709472656,,1286.144
2457,0.01762986183166504,,1288.093696
2458,0.01621413230895996,,1289.4208
2459,0.016491174697875977,,1124.02432
2460,0.024932146072387695,,582.057984
2461,0.022288799285888672,,412.942336
2462,0.029491186141967773,,395.378688
2463,0.019819974899291992,,584.892416
2464,0.016800642013549805,,811.17184
2465,0.017832040786743164,,816.758784
2466,0.019130229949951172,,825.42592
2467,0.018436908721923828,,834.3552
2468,0.018158912658691406,,839.51616
2469,0.017052173614501953,,841.138176
2470,0.017991065979003906,,844.562432
2471,0.017881155014038086,,846.184448
2472,0.017395973205566406,,847.757312
2473,0.018507003784179688,,867.713024
2474,0.01781916618347168,,869.00736
2475,0.017797231674194336,,871.251968
2476,0.01799917221069336,,873.971712
2477,0.0185849666595459,,890.912768
2478,0.018364906311035156,,901.627904
2479,0.017685890197753906,,904.790016
2480,0.019163131713867188,,906.084352
2481,0.018743038177490234,,910.344192
2482,0.018306732177734375,,911.638528
2483,0.017283916473388672,,912.949248
2484,0.017786264419555664,,915.685376
2485,0.0177919864654541,,916.979712
2486,0.017572879791259766,,919.371776
2487,0.017794132232666016,,920.69888
2488,0.017373085021972656,,993.296384
2489,0.018017053604125977,,1008.877568
2490,0.017787694931030273,,1010.352128
2491,0.017096996307373047,,1011.63008
2492,0.01781010627746582,,1013.071872
2493,0.017867088317871094,,1014.382592
2494,0.01798701286315918,,1015.676928
2495,0.0175018310546875,,1019.363328
2496,0.017360925674438477,,1023.26272
2497,0.01720905303955078,,1031.405568
2498,0.017477989196777344,,1032.699904
2499,0.018375158309936523,,1034.256384
2500,0.01720571517944336,,1035.79648
2501,0.018001794815063477,,1037.139968
2502,0.01742720603942871,,1038.434304
2503,0.016702890396118164,,1039.777792
2504,0.018001794815063477,,1042.251776
2505,0.018513202667236328,,1043.562496
2506,0.016268014907836914,,1046.331392
2507,0.016611099243164062,,1050.034176
2508,0.017325162887573242,,1058.455552
2509,0.01627492904663086,,1059.782656
2510,0.01738119125366211,,1061.076992
2511,0.0175321102142334,,1062.387712
2512,0.0160372257232666,,1064.108032
2513,0.017960071563720703,,1108.819968
2514,0.016043901443481445,,1121.73056
2515,0.016093015670776367,,1123.04128
2516,0.01600480079650879,,1124.335616
2517,0.018208980560302734,,1125.842944
2518,0.01793694496154785,,1127.153664
2519,0.017899036407470703,,1133.52704
2520,0.01608586311340332,,1134.821376
2521,0.0178072452545166,,1136.14848
2522,0.017890214920043945,,1136.39424
2523,0.017831802368164062,,1107.345408
2524,0.016890764236450195,,1108.639744
2525,0.017870187759399414,,1109.93408
2526,0.01768779754638672,,1111.506944
2527,0.018179655075073242,,1115.324416
2528,0.016379833221435547,,1195.032576
2529,0.01600193977355957,,1196.326912
2530,0.016093015670776367,,1197.621248
2531,0.01601696014404297,,1200.111616
2532,0.01812577247619629,,1206.665216
2533,0.016944169998168945,,1207.975936
2534,0.016037940979003906,,1209.286656
2535,0.016006946563720703,,1210.564608
2536,0.016944169998168945,,1212.203008
2537,0.01679682731628418,,1213.628416
2538,0.017975807189941406,,1214.971904
2539,0.01692509651184082,,1216.282624
2540,0.017845869064331055,,1218.772992
2541,0.017255067825317383,,1220.067328
2542,0.018198013305664062,,1223.31136
2543,0.016592025756835938,,1224.589312
2544,0.01783299446105957,,1227.948032
2545,0.01653599739074707,,1229.242368
2546,0.017538785934448242,,1230.536704
2547,0.01612401008605957,,1231.83104
2548,0.017869234085083008,,1235.173376
2549,0.0180208683013916,,1236.484096
2550,0.017335891723632812,,1237.778432
2551,0.017979860305786133,,1239.547904
2552,0.01830291748046875,,1240.825856
2553,0.017091035842895508,,1242.120192
2554,0.016141891479492188,,1242.382336
2555,0.01607799530029297,,1241.858048
2556,0.016005992889404297,,1236.893696
2557,0.017470836639404297,,1230.815232
2558,0.016098976135253906,,1232.109568
2559,0.01797795295715332,,1225.310208
2560,0.016054153442382812,,1226.620928
2561,0.018133163452148438,,1236.992
2562,0.01767587661743164,,1238.286336
2563,0.016049861907958984,,1284.83328
2564,0.01628422737121582,,1286.455296
2565,0.016112089157104492,,1287.733248
2566,0.01618480682373047,,1289.4208
2567,0.017761945724487305,,1295.925248
2568,0.017168283462524414,,1297.317888
2569,0.01806163787841797,,1295.597568
2570,0.018159151077270508,,1298.808832
2571,0.016618013381958008,,1300.250624
2572,0.01679205894470215,,1305.133056
2573,0.018216371536254883,,1295.187968
2574,0.01754593849182129,,1292.271616
2575,0.017816781997680664,,1293.582336
2576,0.016694068908691406,,1294.876672
2577,0.016759872436523438,,1299.74272
2578,0.018280029296875,,1300.72576
2579,0.01599407196044922,,1302.020096
2580,0.018409013748168945,,1303.527424
2581,0.016897201538085938,,1309.605888
2582,0.0183718204498291,,1310.900224
2583,0.016049861907958984,,1312.19456
2584,0.016901731491088867,,1324.138496
2585,0.017260074615478516,,1323.286528
2586,0.016328096389770508,,1318.436864
2587,0.019321203231811523,,1319.190528
2588,0.01813507080078125,,1349.30432
2589,0.016344785690307617,,1365.491712
2590,0.017882108688354492,,1376.91136
2591,0.015999317169189453,,1380.10624
2592,0.018213987350463867,,1386.889216
2593,0.016174793243408203,,1388.265472
2594,0.018952369689941406,,1396.998144
2595,0.016119003295898438,,1401.110528
2596,0.01766490936279297,,1404.928
2597,0.017827987670898438,,1406.23872
2598,0.018684864044189453,,1416.085504
2599,0.018101930618286133,,1417.87136
2600,0.01621866226196289,,1420.705792
2601,0.018510818481445312,,1423.343616
2602,0.01620197296142578,,1424.91648
2603,0.01604771614074707,,1427.095552
2604,0.016102075576782227,,1428.488192
2605,0.018435001373291016,,1434.288128
2606,0.01671314239501953,,1436.811264
2607,0.01906108856201172,,1438.138368
2608,0.017538785934448242,,1443.18464
2609,0.017292022705078125,,1451.606016
2610,0.01807093620300293,,1452.900352
2611,0.01699209213256836,,1454.194688
2612,0.015985965728759766,,1455.734784
2613,0.016221046447753906,,1504.968704
2614,0.01614689826965332,,1515.618304
2615,0.01731395721435547,,1511.276544
2616,0.01607513427734375,,1512.587264
2617,0.01858997344970703,,1495.973888
2618,0.01773381233215332,,1503.576064
2619,0.01875901222229004,,1504.8704
2620,0.016087055206298828,,1506.164736
2621,0.017936229705810547,,1504.509952
2622,0.016124963760375977,,1508.753408
2623,0.01827096939086914,,1506.557952
2624,0.017134904861450195,,1495.826432
2625,0.016811132431030273,,1497.120768
2626,0.016017913818359375,,1499.529216
2627,0.016079187393188477,,1499.168768
2628,0.01713395118713379,,1511.555072
2629,0.018030166625976562,,1516.732416
2630,0.016039133071899414,,1518.043136
2631,0.015947818756103516,,1519.37024
2632,0.015973806381225586,,1520.664576
2633,0.01614999771118164,,1480.572928
2634,0.01680302619934082,,1476.93568
2635,0.019305944442749023,,1486.733312
2636,0.016460895538330078,,1483.603968
2637,0.016620874404907227,,1481.506816
2638,0.016961097717285156,,1529.11872
2639,0.017100095748901367,,1533.394944
2640,0.019418001174926758,,1537.130496
2641,0.018558979034423828,,1538.392064
2642,0.016859054565429688,,1524.924416
2643,0.01866292953491211,,1519.45216
2644,0.016621112823486328,,1522.171904
2645,0.01795816421508789,,1517.830144
2646,0.016789913177490234,,1514.651648
2647,0.016729116439819336,,1506.869248
2648,0.02016615867614746,,1517.879296
2649,0.0206758975982666,,1534.722048
2650,0.01888728141784668,,1518.30528
2651,0.01680588722229004,,1447.477248
2652,0.019001007080078125,,1444.921344
2653,0.018208026885986328,,1454.997504
2654,0.018871068954467773,,1243.38176
2655,0.02029109001159668,,1184.497664
2656,0.018981218338012695,,1192.656896
2657,0.017832040786743164,,1200.078848
2658,0.01711726188659668,,1207.681024
2659,0.01743602752685547,,1215.922176
2660,0.01835918426513672,,1239.252992
2661,0.017859935760498047,,1242.054656
2662,0.017575979232788086,,1243.725824
2663,0.016749143600463867,,1260.371968
2664,0.016334056854248047,,1105.526784
2665,0.01619696617126465,,1105.936384
2666,0.016076087951660156,,1109.803008
2667,0.017903804779052734,,1110.09792
2668,0.0161590576171875,,1107.689472
2669,0.016283035278320312,,1079.656448
2670,0.016071796417236328,,1081.01632
2671,0.01795816421508789,,1085.669376
2672,0.01761794090270996,,1093.648384
2673,0.017956256866455078,,1095.876608
2674,0.01740431785583496,,982.155264
2675,0.01737499237060547,,987.971584
2676,0.016247987747192383,,975.99488
2677,0.01627326011657715,,968.179712
2678,0.01759791374206543,,928.31744
2679,0.01994490623474121,,913.506304
2680,0.016089200973510742,,914.866176
2681,0.016047954559326172,,917.061632
2682,0.016067028045654297,,860.667904
2683,0.01777791976928711,,843.53024
2684,0.017194032669067383,,300.924928
2685,0.01674509048461914,,314.179584
2686,0.017236948013305664,,270.041088
2687,0.02231884002685547,,261.210112
2688,0.023268938064575195,,3447.390208
2689,0.01860499382019043,,3695.607808
2690,0.02034592628479004,,3710.418944
2691,0.020942211151123047,,3733.25824
2692,0.016988754272460938,,3736.354816
2693,0.01636815071105957,,3744.514048
2694,0.02033710479736328,,3778.379776
2695,0.018260955810546875,,3791.01184
2696,0.01714491844177246,,3797.712896
2697,0.018026113510131836,,3809.28
2698,0.017584800720214844,,3810.83648
2699,0.01759195327758789,,3818.389504
2700,0.016709327697753906,,3821.207552
2701,0.016538143157958984,,3826.630656
2702,0.017538785934448242,,3831.939072
2703,0.01774001121520996,,3837.329408
2704,0.016749143600463867,,3800.743936
2705,0.01829385757446289,,3816.030208
2706,0.017599105834960938,,3824.041984
2707,0.017368078231811523,,3829.088256
2708,0.016741037368774414,,3836.674048
2709,0.017828941345214844,,3870.670848
2710,0.01648998260498047,,3872.309248
2711,0.01720714569091797,,3880.124416
2712,0.016420841217041016,,3882.745856
2713,0.015330791473388672,,4012.703744
2714,0.016768932342529297,,4028.514304
2715,0.017626047134399414,,4029.80864
2716,0.017614126205444336,,4035.887104
2717,0.017638206481933594,,4041.5232
2718,0.01531076431274414,,4043.505664
2719,0.016766071319580078,,4048.846848
2720,0.015650033950805664,,4055.023616
2721,0.01735401153564453,,4056.35072
2722,0.01750016212463379,,4069.29408
2723,0.01729893684387207,,4071.718912
2724,0.015822887420654297,,4075.76576
2725,0.017018795013427734,,4078.239744
2726,0.016729116439819336,,4080.992256
2727,0.01685810089111328,,4082.450432
2728,0.01586294174194336,,4092.64128
2729,0.01695990562438965,,4097.916928
2730,0.01769089698791504,,4099.260416
2731,0.016964197158813477,,4100.554752
2732,0.015712976455688477,,4102.06208
2733,0.017303943634033203,,4105.846784
2734,0.016894817352294922,,4109.991936
2735,0.01795816421508789,,4111.286272
2736,0.01694202423095703,,4113.154048
2737,0.016582965850830078,,4114.890752
2738,0.015356063842773438,,4187.652096
2739,0.01526498794555664,,4203.23328
2740,0.016887187957763672,,4204.986368
2741,0.015316963195800781,,4206.280704
2742,0.017951011657714844,,4207.57504
2743,0.016447067260742188,,4208.902144
2744,0.0167539119720459,,4210.212864
2745,0.017544031143188477,,4211.523584
2746,0.016073942184448242,,4212.965376
2747,0.01761317253112793,,4219.027456
2748,0.016179323196411133,,4222.697472
2749,0.01726388931274414,,4224.483328
2750,0.016397714614868164,,4227.088384
2751,0.01527094841003418,,4229.234688
2752,0.016286849975585938,,4236.558336
2753,0.017401695251464844,,4237.869056
2754,0.01525115966796875,,4239.147008
2755,0.015336990356445312,,4240.474112
2756,0.015226125717163086,,4242.112512
2757,0.0181119441986084,,4243.406848
2758,0.017444133758544922,,4244.93056
2759,0.016274213790893555,,4246.208512
2760,0.015234708786010742,,4247.519232
2761,0.01619720458984375,,4248.731648
2762,0.01664900779724121,,4250.517504
2763,0.01534891128540039,,4232.64256
2764,0.015320062637329102,,4227.940352
2765,0.017401695251464844,,4229.251072
2766,0.017277240753173828,,4230.479872
2767,0.016654253005981445,,4226.74432
2768,0.016834735870361328,,4199.2192
2769,0.015282392501831055,,4200.513536
2770,0.015433788299560547,,4201.807872
2771,0.015605926513671875,,4207.132672
2772,0.016705989837646484,,4213.129216
2773,0.017735958099365234,,4214.423552
2774,0.01689004898071289,,4225.449984
2775,0.017760038375854492,,4226.74432
2776,0.016342878341674805,,4228.841472
2777,0.015355825424194336,,4236.73856
2778,0.01577615737915039,,4242.80064
2779,0.01763296127319336,,4244.291584
2780,0.016356229782104492,,4256.301056
2781,0.016157150268554688,,4268.228608
2782,0.0162811279296875,,4269.539328
2783,0.015460968017578125,,4271.751168
2784,0.017334699630737305,,4273.52064
2785,0.016859054565429688,,4274.798592
2786,0.01745009422302246,,4276.092928
2787,0.016568660736083984,,4269.654016
2788,0.01614999771118164,,4221.468672
2789,0.016798973083496094,,4237.017088
2790,0.01665806770324707,,4219.45344
2791,0.017288923263549805,,4091.936768
2792,0.016651153564453125,,3932.307456
2793,0.015610694885253906,,3660.742656
2794,0.018143653869628906,,3637.706752
2795,0.015540122985839844,,3601.629184
2796,0.020817041397094727,,1828.864
2797,0.021731138229370117,,1817.624576
2798,0.017670869827270508,,1828.077568
2799,0.01758098602294922,,1837.121536
2800,0.015434980392456055,,1839.890432
2801,0.015429973602294922,,1841.512448
2802,0.015504837036132812,,1842.806784
2803,0.01791214942932129,,1844.10112
2804,0.015719175338745117,,1845.608448
2805,0.017097949981689453,,1857.650688
2806,0.016058921813964844,,1859.207168
2807,0.015942096710205078,,1862.94272
2808,0.01603388786315918,,1864.237056
2809,0.01737189292907715,,1869.561856
2810,0.017039060592651367,,1870.856192
2811,0.01618194580078125,,1872.150528
2812,0.015251874923706055,,1874.362368
2813,0.015303373336791992,,2004.5824
2814,0.01529383659362793,,2020.196352
2815,0.015496015548706055,,2021.507072
2816,0.015275001525878906,,2023.17824
2817,0.015409231185913086,,2024.849408
2818,0.015528202056884766,,2026.143744
2819,0.015389204025268555,,2027.454464
2820,0.015402078628540039,,2028.732416
2821,0.018083810806274414,,2030.174208
2822,0.018296241760253906,,2031.468544
2823,0.018585205078125,,2048.294912
2824,0.0164639949798584,,2049.769472
2825,0.01652812957763672,,2052.030464
2826,0.018442153930664062,,2053.3248
2827,0.01841282844543457,,2054.946816
2828,0.017890214920043945,,2056.257536
2829,0.018342018127441406,,2057.551872
2830,0.01639413833618164,,2060.058624
2831,0.016524076461791992,,2061.35296
2832,0.01717662811279297,,2062.66368
2833,0.016972780227661133,,2063.958016
2834,0.016553878784179688,,2065.350656
2835,0.01618790626525879,,2066.8416
2836,0.019542932510375977,,2068.447232
2837,0.015982866287231445,,2069.741568
2838,0.015278816223144531,,2142.28992
2839,0.015330076217651367,,2157.871104
2840,0.01610112190246582,,2159.16544
2841,0.016459226608276367,,2160.459776
2842,0.015199899673461914,,2161.754112
2843,0.015363931655883789,,2163.0976
2844,0.01606893539428711,,2127.495168
2845,0.017897844314575195,,2128.805888
2846,0.016698122024536133,,2130.100224
2847,0.016468048095703125,,2131.378176
2848,0.015276193618774414,,2132.672512
2849,0.015219926834106445,,2133.966848
2850,0.015228033065795898,,2135.556096
2851,0.015285015106201172,,2136.834048
2852,0.015275001525878906,,2138.128384
2853,0.016130924224853516,,2139.537408
2854,0.01654338836669922,,2036.416512
2855,0.015991926193237305,,2040.13568
2856,0.016178131103515625,,2043.281408
2857,0.01685500144958496,,2048.196608
2858,0.017582178115844727,,2049.490944
2859,0.017587900161743164,,2050.78528
2860,0.015984058380126953,,2052.063232
2861,0.017383337020874023,,2053.373952
2862,0.016000032424926758,,2054.668288
2863,0.016002893447875977,,2056.27392
2864,0.016068220138549805,,2057.551872
2865,0.01611018180847168,,2059.583488
2866,0.01804208755493164,,2063.286272
2867,0.016068220138549805,,2064.728064
2868,0.01605510711669922,,2066.137088
2869,0.016066789627075195,,2067.41504
2870,0.017745018005371094,,2068.709376
2871,0.015939950942993164,,2070.003712
2872,0.016073942184448242,,2071.298048
2873,0.01743292808532715,,2072.576
2874,0.01864910125732422,,2079.850496
2875,0.016081809997558594,,2081.652736
2876,0.01602315902709961,,2083.864576
2877,0.01851820945739746,,2085.142528
2878,0.018224000930786133,,2086.928384
2879,0.018941164016723633,,2090.369024
2880,0.018243789672851562,,2091.66336
2881,0.0160977840423584,,2092.957696
2882,0.01601696014404297,,2094.20288
2883,0.016098737716674805,,2095.939584
2884,0.01800227165222168,,2097.266688
2885,0.01784515380859375,,2098.577408
2886,0.018385887145996094,,2099.904512
2887,0.015938997268676758,,2101.198848
2888,0.017410755157470703,,2102.525952
2889,0.016022920608520508,,2105.131008
2890,0.01602792739868164,,2108.04736
2891,0.017372846603393555,,2109.325312
2892,0.018112659454345703,,2110.636032
2893,0.018652915954589844,,2112.241664
2894,0.019323110580444336,,2113.536
2895,0.017037153244018555,,2114.813952
2896,0.016584157943725586,,2116.108288
2897,0.0170290470123291,,2117.402624
2898,0.017004013061523438,,2118.69696
2899,0.01847386360168457,,2119.974912
2900,0.01766204833984375,,2121.269248
2901,0.018661022186279297,,2122.579968
2902,0.017472028732299805,,2123.890688
2903,0.017088890075683594,,2128.150528
2904,0.0177919864654541,,2129.444864
2905,0.018597126007080078,,2131.197952
2906,0.016108036041259766,,2132.492288
2907,0.01609492301940918,,2133.901312
2908,0.016047954559326172,,2135.179264
2909,0.017781972885131836,,2039.48032
2910,0.017795801162719727,,1886.78144
2911,0.016708850860595703,,1832.927232
2912,0.019079923629760742,,1811.136512
2913,0.021435022354125977,,1822.179328
2914,0.018601417541503906,,1836.597248
2915,0.017229080200195312,,1841.381376
2916,0.016243934631347656,,1843.167232
2917,0.018521785736083984,,1842.921472
2918,0.021828889846801758,,1844.985856
2919,0.016668319702148438,,1846.329344
2920,0.01726222038269043,,1848.27904
2921,0.019769906997680664,,1854.390272
2922,0.017940998077392578,,1855.700992
2923,0.01639389991760254,,1857.437696
2924,0.018073081970214844,,1867.104256
2925,0.016155004501342773,,1868.447744
2926,0.01690077781677246,,1869.725696
2927,0.018430233001708984,,1703.378944
2928,0.017497777938842773,,1693.630464
2929,0.024960994720458984,,1526.530048
2930,0.016914844512939453,,1530.18368
2931,0.017963886260986328,,1538.736128
2932,0.016399145126342773,,1540.161536
2933,0.017602920532226562,,1543.913472
2934,0.01709604263305664,,1545.289728
2935,0.01620793342590332,,1546.616832
2936,0.01781010627746582,,1547.911168
2937,0.016501188278198242,,1549.287424
2938,0.016746044158935547,,1550.58176
2939,0.019577741622924805,,1399.570432
2940,0.018340110778808594,,1415.168
2941,0.016236066818237305,,1416.64256
2942,0.01607513427734375,,1418.264576
2943,0.01741480827331543,,1419.59168
2944,0.018297195434570312,,1420.9024
2945,0.017053842544555664,,1422.21312
2946,0.01633000373840332,,1423.507456
2947,0.017774105072021484,,1424.801792
2948,0.01618504524230957,,1426.079744
2949,0.018741130828857422,,1427.37408
2950,0.017773151397705078,,1430.601728
2951,0.01806163787841797,,1379.876864
2952,0.017839908599853516,,1161.084928
2953,0.019966840744018555,,1036.713984
2954,0.017566919326782227,,1048.690688
2955,0.01909494400024414,,1065.28768
2956,0.016897916793823242,,1066.582016
2957,0.01695418357849121,,1076.396032
2958,0.018431901931762695,,1101.955072
2959,0.01816701889038086,,1108.033536
2960,0.01924896240234375,,1121.271808
2961,0.018585681915283203,,1123.762176
2962,0.018685102462768555,,1125.056512
2963,0.016520023345947266,,1126.64576
2964,0.016056060791015625,,1242.677248
2965,0.0184018611907959,,1258.340352
2966,0.016102075576782227,,1259.634688
2967,0.016112089157104492,,1260.929024
2968,0.018439769744873047,,1266.991104
2969,0.01767587661743164,,1268.5312
2970,0.01621389389038086,,1269.809152
2971,0.016334056854248047,,1271.103488
2972,0.016124963760375977,,1272.594432
2973,0.017804861068725586,,1273.93792
2974,0.018496036529541016,,1275.215872
2975,0.018229007720947266,,1283.6864
2976,0.01607823371887207,,1285.701632
2977,0.01612997055053711,,1288.044544
2978,0.016551971435546875,,1290.534912
2979,0.016934871673583984,,1297.44896
2980,0.016767024993896484,,1298.989056
2981,0.017999887466430664,,1300.283392
2982,0.01817607879638672,,1301.577728
2983,0.01838994026184082,,1302.872064
2984,0.017663002014160156,,1307.820032
2985,0.018162250518798828,,1313.91488
2986,0.019099950790405273,,1315.209216
2987,0.01827216148376465,,1319.010304
2988,0.01795506477355957,,1320.321024
2989,0.016439199447631836,,1392.902144
2990,0.018738985061645508,,1408.466944
2991,0.016149282455444336,,1409.76128
2992,0.016048908233642578,,1411.15392
2993,0.01650714874267578,,1414.791168
2994,0.016457080841064453,,1420.853248
2995,0.01787281036376953,,1422.147584
2996,0.016492128372192383,,1427.456
2997,0.01606607437133789,,1429.553152
2998,0.0171661376953125,,1434.681344
2999,0.017833948135375977,,1435.97568
3000,0.0170590877532959,,1441.349632
3001,0.019495248794555664,,1442.021376
3002,0.01676321029663086,,1445.707776
3003,0.019403934478759766,,1445.265408
3004,0.018013954162597656,,1446.576128
3005,0.017978191375732422,,1449.066496
3006,0.016994237899780273,,1450.377216
3007,0.01817798614501953,,1456.439296
3008,0.016247987747192383,,1326.350336
3009,0.017499208450317383,,1283.588096
3010,0.02098989486694336,,1173.946368
3011,0.017381906509399414,,1174.913024
3012,0.018791913986206055,,1186.889728
3013,0.016775846481323242,,1188.2496
3014,0.016279935836791992,,1272.004608
3015,0.01637721061706543,,1325.826048
3016,0.018038034439086914,,1327.9232
3017,0.01739215850830078,,1329.217536
3018,0.01604771614074707,,1330.511872
3019,0.01624894142150879,,1331.822592
3020,0.01835489273071289,,1333.706752
3021,0.01819300651550293,,1341.292544
3022,0.021292924880981445,,1345.634304
3023,0.016993045806884766,,1351.68
3024,0.021411895751953125,,1335.721984
3025,0.018861770629882812,,1273.11872
3026,0.016865015029907227,,1276.116992
3027,0.017000913619995117,,1273.52832
3028,0.018426179885864258,,1295.532032
3029,0.018179893493652344,,1299.234816
3030,0.019144058227539062,,1302.921216
3031,0.01754903793334961,,1306.574848
3032,0.017527103424072266,,1299.33312
3033,0.02133774757385254,,1302.642688
3034,0.018217086791992188,,1307.656192
3035,0.01662611961364746,,1309.212672
3036,0.017009973526000977,,1310.490624
3037,0.016782760620117188,,1312.11264
3038,0.017002105712890625,,1313.439744
3039,0.01606607437133789,,1380.073472
3040,0.021643877029418945,,1261.748224
3041,0.016810894012451172,,1260.290048
3042,0.017073869705200195,,1261.830144
3043,0.020906925201416016,,1223.098368
3044,0.018518924713134766,,1228.013568
3045,0.018581151962280273,,1229.586432
3046,0.0186159610748291,,1230.995456
3047,0.0185699462890625,,1234.026496
3048,0.01669621467590332,,1235.320832
3049,0.01653122901916504,,1236.598784
3050,0.01679682731628418,,1241.464832
3051,0.01620316505432129,,1242.759168
3052,0.01641392707824707,,1244.069888
3053,0.016437053680419922,,1243.79136
3054,0.018709897994995117,,1251.934208
3055,0.01812887191772461,,1255.522304
3056,0.018020153045654297,,1263.86176
3057,0.01632094383239746,,1265.205248
3058,0.01622295379638672,,1219.756032
3059,0.01641106605529785,,1234.28864
3060,0.0183560848236084,,1246.068736
3061,0.01703810691833496,,1244.561408
3062,0.016594886779785156,,1245.83936
3063,0.018702268600463867,,1247.330304
3064,0.017503976821899414,,1280.57344
3065,0.016626358032226562,,1283.473408
3066,0.016366004943847656,,1284.767744
3067,0.01670384407043457,,1286.06208
3068,0.016587018966674805,,1287.356416
3069,0.016783952713012695,,1289.142272
3070,0.01820993423461914,,1268.989952
3071,0.020444154739379883,,1223.671808
3072,0.01836681365966797,,1224.982528
3073,0.0190889835357666,,1206.84544
3074,0.017093181610107422,,1217.560576
3075,0.01727581024169922,,1219.54304
3076,0.016393423080444336,,1220.837376
3077,0.0185391902923584,,1207.451648
3078,0.022770166397094727,,1188.872192
3079,0.017812013626098633,,1204.977664
3080,0.017068862915039062,,1208.123392
3081,0.017790794372558594,,1216.659456
3082,0.01831197738647461,,1219.280896
3083,0.019112825393676758,,1223.016448
3084,0.01759624481201172,,1226.883072
3085,0.01775217056274414,,1212.317696
3086,0.017014741897583008,,1206.632448
3087,0.01794576644897461,,1209.30304
3088,0.017371177673339844,,1144.471552
3089,0.01644301414489746,,1244.151808
3090,0.01798701286315918,,1222.623232
3091,0.016241788864135742,,1238.269952
3092,0.01701664924621582,,1239.580672
3093,0.016176223754882812,,1241.268224
3094,0.01616382598876953,,1242.56256
3095,0.016206026077270508,,1243.906048
3096,0.016822099685668945,,1245.446144
3097,0.016098976135253906,,1246.953472
3098,0.020370960235595703,,1252.63872
3099,0.016583919525146484,,1253.94944
3100,0.016244888305664062,,1255.276544
3101,0.016518115997314453,,1259.536384
3102,0.016412019729614258,,1261.256704
3103,0.02825021743774414,,1268.03968
3104,0.026668071746826172,,1269.334016
3105,0.02764296531677246,,1278.984192
3106,0.025747060775756836,,1280.262144
3107,0.02787184715270996,,1284.99712
3108,0.02724313735961914,,1286.619136
3109,0.025158166885375977,,1291.30496
3110,0.02659916877746582,,1292.86144
3111,0.026922941207885742,,1296.531456
3112,0.02533698081970215,,1297.825792
3113,0.02711772918701172,,1300.299776
3114,0.026741981506347656,,1302.069248
3115,0.02679133415222168,,1374.86336
3116,0.024751901626586914,,434.864128
3117,0.06325030326843262,,313.163776
3118,0.058734893798828125,,368.132096
3119,0.034269094467163086,,392.413184
3120,0.03854703903198242,,421.96992
3121,0.04924964904785156,,440.303616
3122,0.028784751892089844,,456.015872
3123,0.029317140579223633,,462.946304
3124,0.030462026596069336,,465.371136
3125,0.02507615089416504,,468.205568
3126,0.029977798461914062,,476.594176
3127,0.028619766235351562,,478.969856
3128,0.030549049377441406,,482.082816
3129,0.030204057693481445,,492.306432
3130,0.02816295623779297,,513.245184
3131,0.030109167098999023,,514.179072
3132,0.026678085327148438,,515.85024
3133,0.030531883239746094,,517.57056
3134,0.03319501876831055,,413.483008
3135,0.027665138244628906,,403.8656
3136,0.02618408203125,,339.5584
3137,0.028842926025390625,,334.856192
3138,0.027022123336791992,,282.755072
3139,0.03264212608337402,,310.083584
3140,0.02639484405517578,,436.125696
3141,0.027546167373657227,,666.566656
3142,0.02765488624572754,,672.120832
3143,0.02661895751953125,,667.172864
3144,0.02614116668701172,,668.696576
3145,0.02860093116760254,,677.494784
3146,0.031568050384521484,,668.368896
3147,0.03140711784362793,,674.054144
3148,0.027186870574951172,,675.561472
3149,0.02694559097290039,,684.097536
3150,0.026877164840698242,,685.408256
3151,0.05064892768859863,,686.784512
3152,0.029353857040405273,,689.324032
3153,0.025808095932006836,,694.272
3154,0.036911725997924805,,696.369152
3155,0.03029489517211914,,709.787648
3156,0.028120994567871094,,712.114176
3157,0.027415990829467773,,719.42144
3158,0.028699159622192383,,723.27168
3159,0.024921178817749023,,724.66432
3160,0.02833390235900879,,729.530368
3161,0.026118993759155273,,730.939392
3162,0.028007030487060547,,737.017856
3163,0.02640676498413086,,738.770944
3164,0.02836894989013672,,740.573184
3165,0.024860143661499023,,747.257856
3166,0.025751829147338867,,761.790464
3167,0.0319218635559082,,789.38112
3168,0.02541518211364746,,791.281664
3169,0.02820301055908203,,799.5392
3170,0.02773284912109375,,806.862848
3171,0.029989004135131836,,817.201152
3172,0.026180028915405273,,819.658752
3173,0.02537703514099121,,814.20288
3174,0.025715112686157227,,815.546368
3175,0.026500940322875977,,978.501632
3176,0.026639223098754883,,982.188032
3177,0.025623083114624023,,985.41568
3178,0.026688098907470703,,988.479488
3179,0.027649879455566406,,999.604224
3180,0.028658151626586914,,1008.27136
3181,0.02839803695678711,,1016.87296
3182,0.028430938720703125,,1022.509056
3183,0.03425407409667969,,1025.163264
3184,0.040132999420166016,,904.937472
3185,0.05086016654968262,,944.979968
3186,0.028197765350341797,,960.282624
3187,0.02809596061706543,,960.741376
3188,0.028377771377563477,,970.01472
3189,0.026423931121826172,,972.111872
3190,0.02582406997680664,,1050.279936
3191,0.027956008911132812,,1066.008576
3192,0.02891397476196289,,1086.42304
3193,0.02495718002319336,,1092.911104
3194,0.028448820114135742,,1094.336512
3195,0.029778003692626953,,1095.745536
3196,0.0253140926361084,,1099.44832
3197,0.02641582489013672,,1100.775424
3198,0.02700519561767578,,1102.053376
3199,0.026980161666870117,,1111.98208
3200,0.028390884399414062,,1113.276416
3201,0.02863478660583496,,1114.60352
3202,0.029911041259765625,,1117.618176
3203,0.02788996696472168,,1118.896128
3204,0.028946876525878906,,1134.559232
3205,0.02668905258178711,,1136.55808
3206,0.026372909545898438,,1137.852416
3207,0.02678203582763672,,1139.163136
3208,0.027141094207763672,,1140.49024
3209,0.026546239852905273,,1142.12864
3210,0.028262853622436523,,1143.422976
3211,0.03182220458984375,,1150.713856
3212,0.02630305290222168,,1151.991808
3213,0.025777101516723633,,1153.990656
3214,0.029735803604125977,,1155.284992
3215,0.02953195571899414,,1225.834496
3216,0.025398969650268555,,1240.973312
3217,0.028604984283447266,,1242.284032
3218,0.027742862701416016,,1243.561984
3219,0.026613950729370117,,1202.323456
3220,0.02951788902282715,,1172.127744
3221,0.026098966598510742,,1173.42208
3222,0.02593207359313965,,1167.048704
3223,0.026998043060302734,,1156.79232
3224,0.03443002700805664,,1175.175168
3225,0.027809619903564453,,1156.087808
3226,0.02612781524658203,,1144.848384
3227,0.02657008171081543,,1136.984064
3228,0.028796911239624023,,1137.082368
3229,0.03216123580932617,,1126.137856
3230,0.044496774673461914,,1082.769408
3231,0.03033590316772461,,1084.080128
3232,0.02738499641418457,,1052.2624
3233,0.14008402824401855,,1024.884736
3234,0.03278970718383789,,1007.321088
3235,0.05834603309631348,,1019.428864
3236,0.027767181396484375,,1015.56224
3237,0.02659296989440918,,1019.24864
3238,0.031157970428466797,,1023.328256
3239,0.030465126037597656,,999.604224
3240,0.026030302047729492,,1101.08672
3241,0.025795936584472656,,1153.220608
3242,0.038971900939941406,,1148.1088
3243,0.02808523178100586,,1145.73312
3244,0.030115842819213867,,1150.746624
3245,0.030584096908569336,,1149.517824
3246,0.025578022003173828,,1114.636288
3247,0.029948949813842773,,967.80288
3248,0.03883171081542969,,778.993664
3249,0.03708815574645996,,793.362432
3250,0.029060840606689453,,794.656768
3251,0.027751922607421875,,784.580608
3252,0.025613069534301758,,782.188544
3253,0.027298688888549805,,786.071552
3254,0.031346797943115234,,818.7904
3255,0.025757789611816406,,820.10112
3256,0.02941107749938965,,817.709056
3257,0.027055978775024414,,805.781504
3258,0.038960933685302734,,813.842432
3259,0.027096271514892578,,815.316992
3260,0.02748394012451172,,827.96544
3261,0.030866146087646484,,829.341696
3262,0.029631853103637695,,830.83264
3263,0.02812981605529785,,842.21952
3264,0.027465105056762695,,844.1856
3265,0.024936914443969727,,959.971328
3266,0.029964685440063477,,875.97056
3267,0.02726888656616211,,874.463232
3268,0.029747962951660156,,882.03264
3269,0.03238797187805176,,858.669056
3270,0.027776002883911133,,862.37184
3271,0.03202199935913086,,868.43392
3272,0.026086091995239258,,868.204544
3273,0.025957107543945312,,866.271232
3274,0.027495145797729492,,881.082368
3275,0.032382965087890625,,882.458624
3276,0.03046393394470215,,891.961344
3277,0.02938699722290039,,898.301952
3278,0.02984619140625,,897.35168
3279,0.028985023498535156,,866.992128
3280,0.025728940963745117,,873.398272
3281,0.03070998191833496,,869.33504
3282,0.026304006576538086,,820.576256
3283,0.031059980392456055,,810.450944
3284,0.02583026885986328,,812.859392
3285,0.0323328971862793,,814.071808
3286,0.03035593032836914,,795.377664
3287,0.031159162521362305,,791.724032
3288,0.03400826454162598,,766.52544
3289,0.041764259338378906,,767.410176
3290,0.0276029109954834,,747.503616
3291,0.02911996841430664,,866.22208
3292,0.025445938110351562,,863.944704
3293,0.028966903686523438,,864.124928
3294,0.03073287010192871,,875.708416
3295,0.029828786849975586,,876.62592
3296,0.024892807006835938,,878.051328
3297,0.028664827346801758,,870.252544
3298,0.047142982482910156,,868.67968
3299,0.02648305892944336,,818.95424
3300,0.026098251342773438,,808.042496
3301,0.03119516372680664,,824.786944
3302,0.033373117446899414,,828.915712
3303,0.027512073516845703,,776.224768
3304,0.026883840560913086,,764.23168
3305,0.028534889221191406,,767.42656
3306,0.028759241104125977,,653.017088
3307,0.02806830406188965,,669.417472
3308,0.029319047927856445,,674.070528
3309,0.029229164123535156,,684.425216
3310,0.030465126037597656,,692.71552
3311,0.03133726119995117,,673.923072
3312,0.03102707862854004,,652.181504
3313,0.028748035430908203,,654.409728
3314,0.031007051467895508,,656.556032
3315,0.030202150344848633,,81.805312
3316,0.08005404472351074,,363.626496
3317,0.03340888023376465,,431.816704
3318,0.03084278106689453,,407.1424
3319,0.07044506072998047,,437.075968
3320,0.04341483116149902,,239.86176
3321,0.02829599380493164,,255.082496
3322,0.02740192413330078,,258.588672
3323,0.02831268310546875,,241.483776
3324,0.034368038177490234,,226.574336
3325,0.0674130916595459,,252.755968
3326,0.03325915336608887,,254.754816
3327,0.029063940048217773,,283.312128
3328,0.02943110466003418,,260.800512
3329,0.03234219551086426,,298.43456
3330,0.03273320198059082,,295.124992
3331,0.031610727310180664,,314.90048
3332,0.025960922241210938,,308.67456
3333,0.026832103729248047,,317.079552
3334,0.030382156372070312,,334.987264
3335,0.02963423728942871,,589.33248
3336,0.030949831008911133,,594.591744
3337,0.02907276153564453,,577.388544
3338,0.033200979232788086,,538.29632
3339,0.03068399429321289,,505.806848
3340,0.05261111259460449,,679.36256
3341,0.030769824981689453,,837.71392
3342,0.02952718734741211,,874.512384
3343,0.03145003318786621,,890.191872
3344,0.031075000762939453,,905.756672
3345,0.027851104736328125,,907.378688
3346,0.028443098068237305,,833.503232
3347,0.03306698799133301,,836.97664
3348,0.02617788314819336,,832.618496
3349,0.031007051467895508,,889.044992
3350,0.026414871215820312,,894.451712
3351,0.025093793869018555,,838.189056
3352,0.03176593780517578,,637.124608
3353,0.033126115798950195,,663.289856
3354,0.027256250381469727,,681.377792
3355,0.026803016662597656,,654.999552
3356,0.0257260799407959,,656.982016
3357,0.027113914489746094,,668.975104
3358,0.02593398094177246,,676.610048
3359,0.02531909942626953,,680.722432
3360,0.02505183219909668,,686.964736
3361,0.024922847747802734,,689.84832
3362,0.024478912353515625,,688.78336
3363,0.026803970336914062,,698.925056
3364,0.023875713348388672,,701.104128
3365,0.04878592491149902,,452.28032
3366,0.0254671573638916,,689.504256
3367,0.024425983428955078,,696.81152
3368,0.024369001388549805,,703.299584
3369,0.02426314353942871,,703.36512
3370,0.024834871292114258,,711.31136
3371,0.02404189109802246,,712.491008
3372,0.02428913116455078,,706.625536
3373,0.02503514289855957,,710.311936
3374,0.027377843856811523,,712.392704
3375,0.026823043823242188,,674.480128
3376,0.025256872177124023,,603.602944
3377,0.039031982421875,,602.43968
3378,0.026536941528320312,,584.25344
3379,0.02575516700744629,,601.260032
3380,0.02734208106994629,,618.496
3381,0.026946067810058594,,628.506624
3382,0.02473902702331543,,635.20768
3383,0.027995824813842773,,657.178624
3384,0.025142669677734375,,659.341312
3385,0.026105165481567383,,662.716416
3386,0.025862932205200195,,655.327232
3387,0.026775121688842773,,650.887168
3388,0.02438211441040039,,654.360576
3389,0.024798870086669922,,364.87168
3390,0.027436017990112305,,454.950912
3391,0.02982187271118164,,691.437568
3392,0.028373003005981445,,699.318272
3393,0.02450728416442871,,705.16736
3394,0.027222156524658203,,720.420864
3395,0.024280071258544922,,654.753792
3396,0.029705286026000977,,654.426112
3397,0.026463031768798828,,664.94464
3398,0.024326801300048828,,666.8288
3399,0.02656412124633789,,675.92192
3400,0.025728940963745117,,677.380096
3401,0.02587890625,,683.966464
3402,0.026751279830932617,,687.505408
3403,0.02390003204345703,,690.50368
3404,0.027678251266479492,,701.284352
3405,0.027212142944335938,,711.131136
3406,0.024538040161132812,,575.684608
3407,0.030061006546020508,,524.353536
3408,0.025914907455444336,,538.116096
3409,0.0331568717956543,,570.916864
3410,0.02407097816467285,,574.799872
3411,0.02732992172241211,,597.475328
3412,0.02894902229309082,,615.809024
3413,0.02493596076965332,,621.674496
3414,0.026102066040039062,,625.475584
3415,0.02642083168029785,,776.192
3416,0.02750110626220703,,799.21152
3417,0.02760481834411621,,806.731776
3418,0.025655031204223633,,807.534592
3419,0.02617478370666504,,809.074688
3420,0.023849010467529297,,810.647552
3421,0.026314973831176758,,812.122112
3422,0.0246121883392334,,813.760512
3423,0.02510833740234375,,816.529408
3424,0.02733016014099121,,821.592064
3425,0.027722835540771484,,826.458112
3426,0.025713205337524414,,828.964864
3427,0.03633308410644531,,490.471424
3428,0.025331974029541016,,493.289472
3429,0.0254361629486084,,498.991104
3430,0.024647951126098633,,496.500736
3431,0.02750086784362793,,429.621248
3432,0.03850698471069336,,440.23808
3433,0.029599905014038086,,467.43552
3434,0.025194883346557617,,469.712896
3435,0.026483774185180664,,471.20384
3436,0.025052785873413086,,480.116736
3437,0.028767824172973633,,423.657472
3438,0.030412912368774414,,440.860672
3439,0.03019881248474121,,467.304448
3440,0.024693965911865234,,598.573056
3441,0.025760173797607422,,775.70048
3442,0.02716803550720215,,777.273344
3443,0.026144027709960938,,782.712832
3444,0.02650904655456543,,785.547264
3445,0.027503013610839844,,790.183936
3446,0.0265960693359375,,799.817728
3447,0.02804088592529297,,801.243136
3448,0.025446176528930664,,806.158336
3449,0.027769804000854492,,812.171264
3450,0.02412104606628418,,814.743552
3451,0.029138803482055664,,820.59264
3452,0.025377750396728516,,827.8016
3453,0.026660919189453125,,830.210048
3454,0.026519060134887695,,842.530816
3455,0.027369976043701172,,849.26464
3456,0.024914264678955078,,850.706432
3457,0.027530908584594727,,854.75328
3458,0.024259090423583984,,856.178688
3459,0.0259401798248291,,859.865088
3460,0.02661919593811035,,864.239616
3461,0.024337053298950195,,869.203968
3462,0.02797389030456543,,870.48192
3463,0.02383899688720703,,873.34912
3464,0.0238192081451416,,875.020288
3465,0.02547597885131836,,947.617792
3466,0.025742769241333008,,963.313664
3467,0.024318933486938477,,969.080832
3468,0.02507781982421875,,971.73504
3469,0.02543020248413086,,973.29152
3470,0.028634071350097656,,974.618624
3471,0.02570509910583496,,975.519744
3472,0.026081085205078125,,931.659776
3473,0.026211023330688477,,937.377792
3474,0.02368903160095215,,938.672128
3475,0.024455785751342773,,929.349632
3476,0.02657294273376465,,631.209984
3477,0.027120351791381836,,603.226112
3478,0.023982763290405273,,604.995584
3479,0.02571415901184082,,621.412352
3480,0.02394413948059082,,624.181248
3481,0.02673482894897461,,623.017984
3482,0.027836084365844727,,627.310592
3483,0.024296045303344727,,628.948992
3484,0.02477407455444336,,564.953088
3485,0.03130793571472168,,403.29216
3486,0.027120113372802734,,406.519808
3487,0.0281069278717041,,422.199296
3488,0.02476215362548828,,429.637632
3489,0.025413036346435547,,434.880512
3490,0.025070667266845703,,601.686016
3491,0.02479696273803711,,803.028992
3492,0.02722787857055664,,944.308224
3493,0.026611804962158203,,949.829632
3494,0.028538227081298828,,965.689344
3495,0.02946782112121582,,979.959808
3496,0.028322935104370117,,981.254144
3497,0.02512383460998535,,985.874432
3498,0.02817821502685547,,987.348992
3499,0.027286052703857422,,988.987392
3500,0.02573990821838379,,994.9184
3501,0.027241945266723633,,996.589568
3502,0.030418872833251953,,954.302464
3503,0.029116153717041016,,912.900096
3504,0.026757001876831055,,922.271744
3505,0.025130033493041992,,924.38528
3506,0.02706003189086914,,929.415168
3507,0.026172161102294922,,934.723584
3508,0.025677204132080078,,938.360832
3509,0.029645919799804688,,947.339264
3510,0.02663707733154297,,949.469184
3511,0.028892993927001953,,940.883968
3512,0.02949213981628418,,948.535296
3513,0.029410839080810547,,958.644224
3514,0.027173280715942383,,966.705152
3515,0.03127908706665039,,1080.44288
3516,0.0273740291595459,,1083.277312
3517,0.026149988174438477,,1084.915712
3518,0.02605891227722168,,1086.554112
3519,0.02491593360900879,,1088.14336
3520,0.02813124656677246,,1089.536
3521,0.027109861373901367,,1090.879488
3522,0.027827978134155273,,1092.550656
3523,0.027151823043823242,,1093.87776
3524,0.02802276611328125,,1101.479936
3525,0.0267031192779541,,1101.774848
3526,0.026207923889160156,,1110.458368
3527,0.029749155044555664,,1116.192768
3528,0.026938199996948242,,1096.531968
3529,0.02519822120666504,,1092.56704
3530,0.025695085525512695,,1102.168064
3531,0.025882720947265625,,1103.577088
3532,0.028557777404785156,,1045.004288
3533,0.026411771774291992,,1048.018944
3534,0.029397010803222656,,1067.25376
3535,0.029057025909423828,,1087.307776
3536,0.026801109313964844,,1045.856256
3537,0.02956414222717285,,1058.308096
3538,0.027765274047851562,,1070.94016
3539,0.027605295181274414,,1072.873472
3540,0.028945207595825195,,1178.8288
3541,0.02792191505432129,,1138.589696
3542,0.030425071716308594,,1156.497408
3543,0.028042078018188477,,1166.1312
3544,0.027881145477294922,,1175.666688
3545,0.02834463119506836,,1181.270016
3546,0.025725126266479492,,1153.744896
3547,0.028442859649658203,,832.47104
3548,0.02730417251586914,,834.224128
3549,0.027819156646728516,,799.5392
3550,0.033803701400756836,,807.878656
3551,0.028214693069458008,,734.363648
3552,0.028301239013671875,,749.568
3553,0.02725982666015625,,756.056064
3554,0.028240203857421875,,766.164992
3555,0.025255918502807617,,767.623168
3556,0.02739572525024414,,771.11296
3557,0.02788829803466797,,775.241728
3558,0.02493906021118164,,776.6016
3559,0.028288841247558594,,777.879552
3560,0.030554771423339844,,784.809984
3561,0.02692413330078125,,786.169856
3562,0.02792191505432129,,787.464192
3563,0.02856898307800293,,798.900224
3564,0.02659296989440918,,799.244288
3565,0.026437997817993164,,855.719936
3566,0.02955317497253418,,868.466688
3567,0.02666020393371582,,884.260864
3568,0.02497410774230957,,886.177792
3569,0.02855992317199707,,880.361472
3570,0.026463985443115234,,881.672192
3571,0.028434038162231445,,886.439936
3572,0.027398347854614258,,887.717888
3573,0.027515888214111328,,712.409088
3574,0.05755305290222168,,671.612928
3575,0.027636051177978516,,530.530304
3576,0.02863597869873047,,261.832704
3577,0.05942893028259277,,289.66912
3578,0.029105186462402344,,312.672256
3579,0.028582096099853516,,343.392256
3580,0.02912116050720215,,348.274688
3581,0.02955794334411621,,370.376704
3582,0.027530908584594727,,360.398848
3583,0.027759075164794922,,283.27936
3584,0.03296685218811035,,269.336576
3585,0.028401851654052734,,253.558784
3586,0.028539180755615234,,270.303232
3587,0.026506900787353516,,273.547264
3588,0.025037050247192383,,276.299776
3589,0.029321908950805664,,282.001408
3590,0.02975296974182129,,261.24288
3591,0.030295133590698242,,430.276608
3592,0.028177738189697266,,654.475264
3593,0.03119492530822754,,671.875072
3594,0.03233695030212402,,682.63936
3595,0.03165411949157715,,687.898624
3596,0.026624679565429688,,684.818432
3597,0.029855012893676758,,693.0432
3598,0.026697158813476562,,695.926784
3599,0.026376008987426758,,707.330048
3600,0.027204275131225586,,666.927104
3601,0.029354095458984375,,675.774464
3602,0.027745962142944336,,678.395904
3603,0.030997037887573242,,679.133184
3604,0.027784347534179688,,676.08576
3605,0.026762962341308594,,685.735936
3606,0.026724815368652344,,660.307968
3607,0.02641010284423828,,655.884288
3608,0.030475139617919922,,611.893248
3609,0.028550148010253906,,612.92544
3610,0.0275418758392334,,614.006784
3611,0.030832767486572266,,632.897536
3612,0.029828786849975586,,661.291008
3613,0.02786087989807129,,634.863616
3614,0.027070999145507812,,644.7104
3615,0.031174898147583008,,667.516928
3616,0.026710033416748047,,766.001152
3617,0.028206825256347656,,751.026176
3618,0.027158021926879883,,751.730688
3619,0.0286562442779541,,755.367936
3620,0.02892017364501953,,735.543296
3621,0.02871108055114746,,736.837632
3622,0.02674078941345215,,688.37376
3623,0.02641892433166504,,696.549376
3624,0.02939319610595703,,708.345856
3625,0.029078006744384766,,709.67296
3626,0.03088688850402832,,699.088896
3627,0.02718186378479004,,633.225216
3628,0.02708911895751953,,625.639424
3629,0.027168989181518555,,621.756416
3630,0.027590036392211914,,629.129216
3631,0.028684139251708984,,544.391168
3632,0.05462908744812012,,555.614208
3633,0.027293920516967773,,548.831232
3634,0.027073144912719727,,560.922624
3635,0.028591156005859375,,572.325888
3636,0.030320167541503906,,589.758464
3637,0.026152849197387695,,590.6432
3638,0.02706623077392578,,567.45984
3639,0.026720762252807617,,410.796032
3640,0.03134608268737793,,394.346496
3641,0.02593088150024414,,442.499072
3642,0.027016878128051758,,651.624448
3643,0.02599811553955078,,660.815872
3644,0.025622129440307617,,655.917056
3645,0.025838136672973633,,589.529088
3646,0.025983095169067383,,569.09824
3647,0.02838897705078125,,541.114368
3648,0.029441118240356445,,554.729472
3649,0.027183055877685547,,566.378496
3650,0.029565095901489258,,579.9936
3651,0.025182008743286133,,575.488
3652,0.028556108474731445,,348.471296
3653,0.037741661071777344,,477.364224
3654,0.0403749942779541,,496.451584
3655,0.029458045959472656,,494.649344
3656,0.034982919692993164,,472.662016
3657,0.03254294395446777,,298.02496
3658,0.03289008140563965,,218.087424
3659,0.030550003051757812,,229.015552
3660,0.02843499183654785,,245.972992
3661,0.029628992080688477,,262.356992
3662,0.025532007217407227,,268.599296
3663,0.028414011001586914,,263.307264
3664,0.028260231018066406,,265.519104
3665,0.02622532844543457,,267.763712
3666,0.02517104148864746,,456.916992
3667,0.02838301658630371,,673.513472
3668,0.026482820510864258,,670.973952
3669,0.027981996536254883,,683.507712
3670,0.027937650680541992,,690.618368
3671,0.026836156845092773,,663.011328
3672,0.029139995574951172,,630.325248
3673,0.028666257858276367,,648.986624
3674,0.026931047439575195,,650.379264
3675,0.02682805061340332,,627.867648
3676,0.026782989501953125,,595.968
3677,0.03243279457092285,,600.866816
3678,0.02926015853881836,,618.119168
3679,0.026475191116333008,,596.3776
3680,0.03076791763305664,,611.77856
3681,0.02734994888305664,,609.828864
3682,0.02606487274169922,,612.155392
3683,0.0264589786529541,,618.135552
3684,0.027407169342041016,,619.921408
3685,0.02660512924194336,,624.082944
3686,0.026057004928588867,,624.279552
3687,0.02583622932434082,,613.5808
3688,0.027348041534423828,,625.803264
3689,0.025869131088256836,,580.517888
3690,0.03058624267578125,,585.15456
3691,0.029566049575805664,,521.961472
3692,0.029886960983276367,,710.16448
3693,0.025370121002197266,,601.554944
3694,0.026287078857421875,,580.878336
3695,0.043543100357055664,,597.868544
3696,0.02842879295349121,,547.569664
3697,0.03647732734680176,,535.937024
3698,0.031078815460205078,,499.613696
3699,0.02751302719116211,,510.885888
3700,0.0276339054107666,,474.595328
3701,0.028219223022460938,,488.095744
3702,0.03705883026123047,,504.578048
3703,0.03130006790161133,,474.546176
3704,0.027918100357055664,,498.64704
3705,0.02586197853088379,,500.547584
3706,0.02516794204711914,,501.874688
3707,0.028353214263916016,,505.659392
3708,0.027946949005126953,,499.449856
3709,0.029912948608398438,,502.74304
3710,0.026839017868041992,,518.406144
3711,0.026537179946899414,,530.317312
3712,0.028712034225463867,,534.134784
3713,0.02624201774597168,,535.658496
3714,0.027554035186767578,,538.820608
3715,0.027805089950561523,,216.76032
3716,0.03844094276428223,,405.716992
3717,0.030869007110595703,,621.576192
3718,0.02799701690673828,,604.356608
3719,0.02774214744567871,,610.123776
3720,0.026994943618774414,,612.384768
3721,0.028163909912109375,,605.814784
3722,0.029089689254760742,,613.5808
3723,0.02986907958984375,,627.523584
3724,0.028881072998046875,,639.680512
3725,0.02814006805419922,,645.414912
3726,0.028268098831176758,,654.491648
3727,0.027092933654785156,,661.01248
3728,0.025914907455444336,,664.174592
3729,0.028769969940185547,,669.20448
3730,0.026252031326293945,,671.711232
3731,0.027283906936645508,,685.703168
3732,0.025853872299194336,,693.469184
3733,0.029706954956054688,,709.91872
3734,0.02681708335876465,,685.99808
3735,0.026044845581054688,,689.094656
3736,0.028561830520629883,,704.233472
3737,0.02772974967956543,,691.388416
3738,0.025321006774902344,,181.649408
3739,0.03202319145202637,,158.711808
3740,0.03199601173400879,,153.43616
3741,0.06630182266235352,,309.32992
3742,0.03025197982788086,,596.066304
3743,0.027085065841674805,,603.357184
3744,0.03285384178161621,,617.873408
3745,0.028988361358642578,,639.942656
3746,0.025936126708984375,,643.825664
3747,0.02828216552734375,,661.536768
3748,0.029708147048950195,,665.305088
3749,0.028129100799560547,,679.247872
3750,0.027966022491455078,,694.386688
3751,0.025746822357177734,,690.700288
3752,0.025765180587768555,,687.88224
3753,0.026764631271362305,,657.129472
3754,0.029133081436157227,,663.912448
3755,0.02927684783935547,,666.533888
3756,0.026441097259521484,,669.515776
3757,0.028115034103393555,,674.480128
3758,0.028671979904174805,,677.543936
3759,0.029330015182495117,,679.378944
3760,0.026859045028686523,,670.695424
3761,0.027007102966308594,,659.357696
3762,0.030640840530395508,,611.237888
3763,0.026554107666015625,,612.859904
3764,0.028192996978759766,,615.481344
3765,0.0282590389251709,,617.6768
3766,0.025701045989990234,,713.179136
3767,0.02683424949645996,,736.0512
3768,0.028646230697631836,,723.730432
3769,0.029615163803100586,,647.053312
3770,0.03582119941711426,,616.20224
3771,0.026907920837402344,,581.419008
3772,0.029427766799926758,,599.293952
3773,0.029685020446777344,,604.880896
3774,0.0296173095703125,,623.149056
3775,0.026700973510742188,,630.767616
3776,0.027355194091796875,,600.702976
3777,0.027643918991088867,,612.92544
3778,0.026829004287719727,,624.934912
3779,0.025719881057739258,,621.625344
3780,0.027625083923339844,,620.101632
3781,0.028295278549194336,,576.63488
3782,0.028551816940307617,,588.75904
3783,0.031915903091430664,,589.463552
3784,0.02561783790588379,,583.51616
3785,0.028105974197387695,,558.579712
3786,0.026066064834594727,,507.035648
3787,0.028218984603881836,,524.681216
3788,0.025808095932006836,,519.847936
3789,0.02779221534729004,,454.049792
3790,0.028126955032348633,,404.455424
3791,0.027238845825195312,,447.135744
3792,0.02679610252380371,,654.114816
3793,0.02973794937133789,,666.058752
3794,0.027515888214111328,,669.876224
3795,0.029449939727783203,,657.686528
3796,0.02855825424194336,,657.145856
3797,0.025686979293823242,,658.866176
3798,0.027454137802124023,,652.394496
3799,0.0275421142578125,,648.56064
3800,0.027524232864379883,,629.030912
3801,0.027296066284179688,,634.978304
3802,0.028194904327392578,,635.715584
3803,0.028867006301879883,,648.495104
3804,0.026195049285888672,,652.066816
3805,0.02666187286376953,,637.059072
3806,0.028143882751464844,,647.790592
3807,0.029858112335205078,,643.514368
3808,0.027849912643432617,,639.778816
3809,0.028239965438842773,,642.973696
3810,0.027554035186767578,,627.736576
3811,0.028393983840942383,,629.096448
3812,0.03009510040283203,,633.061376
3813,0.029548168182373047,,851.099648
3814,0.026679039001464844,,857.423872
3815,0.028734922409057617,,867.598336
3816,0.025954246520996094,,1001.177088
3817,0.02873992919921875,,1023.475712
3818,0.026027202606201172,,1028.096
3819,0.02986884117126465,,1030.22592
3820,0.028441190719604492,,1043.070976
3821,0.027099132537841797,,843.431936
3822,0.030656099319458008,,883.83488
3823,0.026277780532836914,,841.711616
3824,0.028805971145629883,,858.76736
3825,0.026978731155395508,,848.887808
3826,0.02717900276184082,,822.214656
3827,0.027820825576782227,,788.168704
3828,0.02590489387512207,,782.532608
3829,0.02837681770324707,,622.10048
3830,0.02667403221130371,,626.327552
3831,0.028543949127197266,,639.860736
3832,0.029742002487182617,,650.8544
3833,0.02895188331604004,,653.246464
3834,0.02824878692626953,,665.370624
3835,0.027265071868896484,,667.533312
3836,0.026813030242919922,,669.302784
3837,0.02697920799255371,,659.275776
3838,0.029615163803100586,,668.286976
3839,0.027930021286010742,,677.31456
3840,0.028373003005981445,,593.772544
3841,0.03194689750671387,,731.676672
3842,0.02862095832824707,,741.392384
3843,0.027251005172729492,,746.356736
3844,0.030315160751342773,,766.869504
3845,0.031967878341674805,,704.004096
3846,0.03236508369445801,,547.323904
3847,0.029047250747680664,,539.951104
3848,0.027671098709106445,,550.273024
3849,0.02721381187438965,,551.97696
3850,0.027619123458862305,,542.06464
3851,0.034403085708618164,,551.89504
3852,0.027070045471191406,,553.598976
3853,0.027760982513427734,,550.027264
3854,0.03222775459289551,,568.573952
3855,0.028178930282592773,,591.0528
3856,0.026526927947998047,,594.591744
3857,0.027238130569458008,,607.27296
3858,0.027154922485351562,,618.00448
3859,0.024728775024414062,,620.494848
3860,0.027515888214111328,,622.149632
3861,0.026565074920654297,,620.101632
3862,0.02771902084350586,,635.977728
3863,0.0269162654876709,,616.841216
3864,0.026612043380737305,,628.768768
3865,0.02748703956604004,,630.767616
3866,0.02656412124633789,,713.064448
3867,0.027708053588867188,,727.072768
3868,0.027740001678466797,,728.580096
3869,0.027016878128051758,,698.630144
3870,0.025839805603027344,,711.31136
3871,0.026911020278930664,,712.359936
3872,0.028529882431030273,,630.800384
3873,0.028401851654052734,,557.187072
3874,0.034887075424194336,,586.432512
3875,0.026241064071655273,,583.51616
3876,0.03294086456298828,,602.750976
3877,0.025638103485107422,,604.536832
3878,0.026885032653808594,,607.387648
3879,0.02932286262512207,,628.948992
3880,0.02664017677307129,,630.571008
3881,0.02614116668701172,,632.209408
3882,0.026757001876831055,,636.5184
3883,0.02690577507019043,,649.78944
3884,0.025064945220947266,,651.132928
3885,0.025230884552001953,,650.625024
3886,0.025732040405273438,,624.623616
3887,0.030804872512817383,,634.617856
3888,0.026576995849609375,,645.709824
3889,0.026051044464111328,,647.33184
3890,0.02673816680908203,,648.871936
3891,0.026221752166748047,,755.089408
3892,0.027189970016479492,,771.6864
3893,0.028764009475708008,,792.363008
3894,0.02834796905517578,,792.379392
3895,0.027604103088378906,,793.919488
3896,0.028352022171020508,,794.13248
3897,0.027676105499267578,,798.72
3898,0.02684164047241211,,800.19456
3899,0.025613069534301758,,770.12992
3900,0.028232097625732422,,793.001984
3901,0.026009082794189453,,794.312704
3902,0.025992393493652344,,794.918912
3903,0.028956890106201172,,721.207296
3904,0.026106834411621094,,724.713472
3905,0.026085853576660156,,726.05696
3906,0.030256986618041992,,740.458496
3907,0.027212858200073242,,743.800832
3908,0.025883197784423828,,745.930752
3909,0.02628493309020996,,744.751104
3910,0.026893138885498047,,749.830144
3911,0.03244900703430176,,771.555328
3912,0.02964615821838379,,747.307008
3913,0.026803970336914062,,744.505344
3914,0.029338836669921875,,532.037632
3915,0.029288053512573242,,334.462976
3916,0.028296947479248047,,396.034048
3917,0.029203176498413086,,587.022336
3918,0.03086686134338379,,544.11264
3919,0.035431861877441406,,583.76192
3920,0.03206992149353027,,611.598336
3921,0.029000043869018555,,621.903872
3922,0.028555870056152344,,603.99616
3923,0.027561187744140625,,614.465536
3924,0.02978515625,,603.553792
3925,0.02605891227722168,,593.002496
3926,0.026842117309570312,,599.40864
3927,0.02878117561340332,,607.092736
3928,0.02597498893737793,,610.304
3929,0.029296875,,615.661568
3930,0.028981924057006836,,623.362048
3931,0.02881169319152832,,630.112256
3932,0.028001070022583008,,640.69632
3933,0.02497100830078125,,643.383296
3934,0.027195215225219727,,646.742016
3935,0.029499053955078125,,654.426112
3936,0.02937602996826172,,654.082048
3937,0.027701854705810547,,657.227776
3938,0.02707815170288086,,632.897536
3939,0.029836654663085938,,644.235264
3940,0.026137828826904297,,646.086656
3941,0.03017282485961914,,746.831872
3942,0.02712702751159668,,761.577472
3943,0.02711200714111328,,762.773504
3944,0.02908492088317871,,774.782976
3945,0.028200864791870117,,778.24
3946,0.02797222137451172,,779.321344
3947,0.028039216995239258,,779.30496
3948,0.027692794799804688,,781.615104
3949,0.028182029724121094,,782.90944
3950,0.028326034545898438,,763.756544
3951,0.029181957244873047,,771.11296
3952,0.026827096939086914,,764.936192
3953,0.027256011962890625,,450.691072
3954,0.0259549617767334,,400.801792
3955,0.027915000915527344,,415.98976
3956,0.026602983474731445,,424.26368
3957,0.029744863510131836,,436.224
3958,0.027940750122070312,,437.223424
3959,0.027983903884887695,,440.23808
3960,0.02640223503112793,,442.04032
3961,0.02721118927001953,,442.662912
3962,0.02725982666015625,,424.01792
3963,0.025629281997680664,,423.936
3964,0.033598899841308594,,434.372608
3965,0.02821493148803711,,444.366848
3966,0.02645087242126465,,542.277632
3967,0.028493165969848633,,738.459648
3968,0.026207923889160156,,740.524032
3969,0.027637004852294922,,675.315712
3970,0.02835702896118164,,875.937792
3971,0.027248144149780273,,887.1936
3972,0.02812814712524414,,906.330112
3973,0.02844095230102539,,926.43328
3974,0.02574300765991211,,928.333824
3975,0.028136014938354492,,940.965888
3976,0.025646686553955078,,942.456832
3977,0.02585601806640625,,944.029696
3978,0.025471925735473633,,943.751168
3979,0.02849411964416504,,931.0208
3980,0.025815963745117188,,917.979136
3981,0.026933908462524414,,931.659776
3982,0.02513718605041504,,892.469248
3983,0.028170108795166016,,844.087296
3984,0.02735590934753418,,850.690048
3985,0.02668595314025879,,852.066304
3986,0.024998188018798828,,842.186752
3987,0.027268171310424805,,858.374144
3988,0.026736974716186523,,859.83232
3989,0.02769184112548828,,862.879744
3990,0.02912116050720215,,883.0976
3991,0.027884721755981445,,1017.77408
3992,0.02736520767211914,,1006.780416
3993,0.02744293212890625,,1022.803968
3994,0.025422096252441406,,1025.523712
3995,0.024991989135742188,,1026.572288
3996,0.025527000427246094,,1032.011776
3997,0.02680182456970215,,1038.483456
3998,0.02707195281982422,,1040.498688
3999,0.026929140090942383,,1041.85856
4000,0.024854660034179688,,1044.430848
4001,0.02468085289001465,,1045.020672
4002,0.026407957077026367,,993.968128
4003,0.024695873260498047,,982.499328
4004,0.02746891975402832,,991.625216
4005,0.02473902702331543,,978.681856
4006,0.027029037475585938,,998.408192
4007,0.027613162994384766,,944.963584
4008,0.02733898162841797,,892.616704
4009,0.028623104095458984,,817.659904
4010,0.02564263343811035,,819.52768
4011,0.0252683162689209,,822.902784
4012,0.02696704864501953,,827.080704
4013,0.026951074600219727,,828.45696
4014,0.02666497230529785,,831.684608
4015,0.026775836944580078,,833.470464
4016,0.025700807571411133,,956.973056
4017,0.026419878005981445,,1005.518848
4018,0.026729106903076172,,907.378688
4019,0.027605056762695312,,911.458304
4020,0.024888992309570312,,915.161088
4021,0.025661945343017578,,917.225472
4022,0.02747488021850586,,923.025408
4023,0.024010896682739258,,924.336128
4024,0.026726245880126953,,923.56608
4025,0.027150869369506836,,913.16224
4026,0.025053024291992188,,880.689152
4027,0.02496504783630371,,874.610688
4028,0.02925276756286621,,848.248832
4029,0.02591419219970703,,843.399168
4030,0.02382802963256836,,810.729472
4031,0.026449918746948242,,705.855488
4032,0.026044845581054688,,706.379776
4033,0.02440786361694336,,715.833344
4034,0.025621891021728516,,713.293824
4035,0.025543928146362305,,717.996032
4036,0.03060293197631836,,732.954624
4037,0.023880958557128906,,732.643328
4038,0.026134014129638672,,736.985088
4039,0.02375197410583496,,718.487552
4040,0.03223013877868652,,741.736448
4041,0.02740621566772461,,884.834304
4042,0.029009103775024414,,902.725632
4043,0.02696704864501953,,683.13088
4044,0.02674102783203125,,686.292992
4045,0.0242769718170166,,688.177152
4046,0.024152755737304688,,696.352768
4047,0.02585434913635254,,704.905216
4048,0.024393320083618164,,708.984832
4049,0.026774883270263672,,711.262208
4050,0.02804088592529297,,731.578368
4051,0.02396082878112793,,734.08512
4052,0.024350881576538086,,708.608
4053,0.025809049606323242,,714.09664
4054,0.025207996368408203,,715.718656
4055,0.026201725006103516,,722.108416
4056,0.023701906204223633,,723.238912
4057,0.026195049285888672,,725.827584
4058,0.02546095848083496,,727.465984
4059,0.023808956146240234,,729.120768
4060,0.02675795555114746,,734.806016
4061,0.027436017990112305,,742.621184
4062,0.02495574951171875,,743.91552
4063,0.02510833740234375,,745.209856
4064,0.029322147369384766,,755.826688
4065,0.0249941349029541,,756.842496
4066,0.025218963623046875,,872.431616
4067,0.027163028717041016,,876.429312
4068,0.024122953414916992,,868.745216
4069,0.030380964279174805,,885.735424
4070,0.024971961975097656,,836.927488
4071,0.024000883102416992,,804.077568
4072,0.02406001091003418,,805.371904
4073,0.0247042179107666,,712.654848
4074,0.027098894119262695,,716.537856
4075,0.029799938201904297,,711.753728
4076,0.02570176124572754,,713.146368
4077,0.024783849716186523,,715.07968
4078,0.02779102325439453,,716.668928
4079,0.023971080780029297,,720.338944
4080,0.02672100067138672,,721.731584
4081,0.02845311164855957,,723.550208
4082,0.02636098861694336,,724.860928
4083,0.02749490737915039,,726.269952
4084,0.0248410701751709,,731.676672
4085,0.023926973342895508,,733.003776
4086,0.024717092514038086,,734.298112
4087,0.025262832641601562,,737.263616
4088,0.040348052978515625,,746.340352
4089,0.029436826705932617,,749.027328
4090,0.024936914443969727,,750.71488
4091,0.026849031448364258,,862.28992
4092,0.024195194244384766,,871.841792
4093,0.025124073028564453,,873.18528
4094,0.02486705780029297,,868.27008
4095,0.024029970169067383,,846.299136
4096,0.0292360782623291,,853.311488
4097,0.02472090721130371,,797.556736
4098,0.024450063705444336,,798.96576
4099,0.0287930965423584,,815.775744
4100,0.02440619468688965,,817.07008
4101,0.025388240814208984,,817.88928
4102,0.024112939834594727,,818.937856
4103,0.030977725982666016,,832.995328
4104,0.028544187545776367,,834.895872
4105,0.024615049362182617,,820.26496
4106,0.02718806266784668,,640.335872
4107,0.028235912322998047,,644.349952
4108,0.024165868759155273,,649.101312
4109,0.025495052337646484,,652.673024
4110,0.026837825775146484,,668.79488
4111,0.0289306640625,,692.731904
4112,0.02658820152282715,,706.084864
4113,0.027252197265625,,707.477504
4114,0.027087926864624023,,710.623232
4115,0.02511000633239746,,711.786496
4116,0.026460886001586914,,716.832768
4117,0.02602696418762207,,876.085248
4118,0.02585315704345703,,860.585984
4119,0.027125120162963867,,857.964544
4120,0.028294801712036133,,798.113792
4121,0.028148174285888672,,762.462208
4122,0.0276491641998291,,675.528704
4123,0.025988101959228516,,677.39648
4124,0.027379989624023438,,698.12224
4125,0.027379989624023438,,703.889408
4126,0.024309873580932617,,671.612928
4127,0.028549909591674805,,509.657088
4128,0.0401608943939209,,278.790144
4129,0.03467297554016113,,252.690432
4130,0.026681900024414062,,272.334848
4131,0.029263019561767578,,516.227072
4132,0.026353836059570312,,525.664256
4133,0.027353286743164062,,550.125568
4134,0.026053905487060547,,555.712512
4135,0.028589963912963867,,564.772864
4136,0.028413057327270508,,576.405504
4137,0.027421951293945312,,582.467584
4138,0.028532028198242188,,591.13472
4139,0.026715993881225586,,496.091136
4140,0.028374910354614258,,472.694784
4141,0.06032419204711914,,637.190144
4142,0.02771782875061035,,705.232896
4143,0.028934717178344727,,664.485888
4144,0.027180910110473633,,650.592256
4145,0.027617931365966797,,581.582848
4146,0.026584863662719727,,589.021184
4147,0.02822279930114746,,597.458944
4148,0.028420209884643555,,601.86624
4149,0.029040813446044922,,610.451456
4150,0.029713153839111328,,630.53824
4151,0.027504682540893555,,633.73312
4152,0.037188053131103516,,654.082048
4153,0.026103973388671875,,648.658944
4154,0.025765180587768555,,654.229504
4155,0.028594970703125,,652.9024
4156,0.02562403678894043,,654.442496
4157,0.02807331085205078,,633.831424
4158,0.028156042098999023,,581.632
4159,0.03345608711242676,,602.062848
4160,0.027345895767211914,,604.553216
4161,0.02472710609436035,,607.27296
4162,0.030032873153686523,,615.940096
4163,0.02556896209716797,,618.283008
4164,0.028317928314208984,,640.827392
4165,0.025482177734375,,642.678784
4166,0.02947711944580078,,789.38112
4167,0.025676250457763672,,807.944192
4168,0.02670001983642578,,805.10976
4169,0.02506709098815918,,652.214272
4170,0.027566909790039062,,671.367168
4171,0.029047250747680664,,690.618368
4172,0.02762126922607422,,691.97824
4173,0.026308774948120117,,693.338112
4174,0.02937602996826172,,704.462848
4175,0.026280879974365234,,706.183168
4176,0.026604652404785156,,707.592192
4177,0.026953935623168945,,711.96672
4178,0.02483391761779785,,714.26048
4179,0.0263059139251709,,719.798272
4180,0.0280001163482666,,721.14176
4181,0.02656102180480957,,724.844544
4182,0.025793790817260742,,726.843392
4183,0.026311874389648438,,728.121344
4184,0.02491903305053711,,699.203584
4185,0.028131961822509766,,700.530688
4186,0.026362180709838867,,701.792256
4187,0.026528120040893555,,703.135744
4188,0.027610063552856445,,704.413696
4189,0.026607751846313477,,706.674688
4190,0.024930953979492188,,708.460544
4191,0.025700092315673828,,809.582592
4192,0.02683115005493164,,824.410112
4193,0.03063488006591797,,826.212352
4194,0.026942014694213867,,825.982976
4195,0.028946876525878906,,846.610432
4196,0.0270540714263916,,847.95392
4197,0.027361154556274414,,849.34656
4198,0.02645087242126465,,850.673664
4199,0.025417089462280273,,832.38912
4200,0.028060197830200195,,814.153728
4201,0.02606987953186035,,816.41472
4202,0.026446819305419922,,818.987008
4203,0.02696990966796875,,805.076992
4204,0.028237104415893555,,791.396352
4205,0.026372909545898438,,786.087936
4206,0.02741718292236328,,762.2656
4207,0.029491901397705078,,756.187136
4208,0.02786111831665039,,735.608832
4209,0.02811598777770996,,758.153216
4210,0.025580644607543945,,759.431168
4211,0.029577016830444336,,773.832704
4212,0.024734020233154297,,775.143424
4213,0.02471923828125,,774.160384
4214,0.028019189834594727,,764.952576
4215,0.02545309066772461,,729.792512
4216,0.02791762351989746,,845.021184
4217,0.02725982666015625,,860.913664
4218,0.025085926055908203,,861.749248
4219,0.024938106536865234,,857.669632
4220,0.02582573890686035,,859.029504
4221,0.0271608829498291,,860.372992
4222,0.02702617645263672,,873.283584
4223,0.026321887969970703,,874.807296
4224,0.029928922653198242,,868.581376
4225,0.025564908981323242,,869.875712
4226,0.026456832885742188,,856.096768
4227,0.024919986724853516,,856.71936
4228,0.02600717544555664,,858.03008
4229,0.02796792984008789,,840.843264
4230,0.026583194732666016,,844.726272
4231,0.027577638626098633,,779.108352
4232,0.02911090850830078,,802.013184
4233,0.03029608726501465,,829.063168
4234,0.02547001838684082,,739.442688
4235,0.028415918350219727,,657.309696
4236,0.02954578399658203,,664.829952
4237,0.02957916259765625,,690.962432
4238,0.027549028396606445,,694.960128
4239,0.026406049728393555,,697.253888
4240,0.02838611602783203,,699.367424
4241,0.026407241821289062,,786.907136
4242,0.02963995933532715,,769.982464
4243,0.027945995330810547,,774.324224
4244,0.027809858322143555,,776.175616
4245,0.030487775802612305,,780.04224
4246,0.028810977935791016,,784.777216
4247,0.026463985443115234,,735.903744
4248,0.0367429256439209,,734.593024
4249,0.02635025978088379,,729.841664
4250,0.02675008773803711,,744.603648
4251,0.02891397476196289,,717.111296
4252,0.026861190795898438,,685.473792
4253,0.02685999870300293,,688.275456
4254,0.02676081657409668,,694.403072
4255,0.02685856819152832,,701.612032
4256,0.02486705780029297,,703.676416
4257,0.02799701690673828,,712.245248
4258,0.027731895446777344,,719.323136
4259,0.02846693992614746,,673.005568
4260,0.028670787811279297,,670.662656
4261,0.027807950973510742,,678.21568
4262,0.029366016387939453,,692.71552
4263,0.028053998947143555,,705.380352
4264,0.027564048767089844,,586.579968
4265,0.027437686920166016,,510.476288
4266,0.026304006576538086,,543.473664
4267,0.03162789344787598,,739.557376
4268,0.026489734649658203,,741.146624
4269,0.02640986442565918,,742.948864
4270,0.027225255966186523,,734.609408
4271,0.026619911193847656,,736.067584
4272,0.026436805725097656,,740.982784
4273,0.03003406524658203,,721.682432
4274,0.027275800704956055,,736.526336
4275,0.025378942489624023,,726.417408
4276,0.026684999465942383,,727.924736
4277,0.026993989944458008,,744.767488
4278,0.02786111831665039,,747.651072
4279,0.025316715240478516,,750.338048
4280,0.026857376098632812,,753.401856
4281,0.025673866271972656,,754.97472
4282,0.025413036346435547,,758.104064
4283,0.02694392204284668,,762.281984
4284,0.028553009033203125,,764.55936
4285,0.028056621551513672,,772.42368
4286,0.029524803161621094,,778.502144
4287,0.028914213180541992,,779.927552
4288,0.028573036193847656,,781.664256
4289,0.028411865234375,,783.269888
4290,0.024899005889892578,,784.71168
4291,0.026870012283325195,,1042.644992
4292,0.025661230087280273,,1060.667392
4293,0.028469085693359375,,1062.125568
4294,0.025287151336669922,,1063.878656
4295,0.024970054626464844,,1065.172992
4296,0.026061058044433594,,1066.467328
4297,0.027704715728759766,,1068.089344
4298,0.026449918746948242,,1028.620288
4299,0.029800891876220703,,1008.615424
4300,0.028374671936035156,,845.594624
4301,0.029308080673217773,,739.459072
4302,0.027137041091918945,,756.842496
4303,0.03144502639770508,,782.286848
4304,0.027363061904907227,,800.751616
4305,0.027866125106811523,,814.301184
4306,0.02618122100830078,,821.805056
4307,0.0291140079498291,,825.99936
4308,0.026916980743408203,,838.516736
4309,0.025374889373779297,,739.540992
4310,0.02551126480102539,,714.440704
4311,0.027657032012939453,,722.321408
4312,0.027250051498413086,,728.940544
4313,0.028875112533569336,,730.3168
4314,0.028306961059570312,,732.676096
4315,0.027393102645874023,,734.560256
4316,0.02757883071899414,,879.16544
4317,0.027740001678466797,,1032.27392
4318,0.025367021560668945,,1031.471104
4319,0.029285907745361328,,1034.338304
4320,0.027653217315673828,,1011.79392
4321,0.02590012550354004,,1012.170752
4322,0.025684118270874023,,1017.0368
4323,0.028146982192993164,,598.310912
4324,0.02938699722290039,,579.01056
4325,0.028002023696899414,,547.438592
4326,0.028280258178710938,,526.696448
4327,0.031213998794555664,,555.646976
4328,0.029350996017456055,,580.861952
4329,0.027263879776000977,,587.382784
4330,0.02862834930419922,,561.168384
4331,0.028138160705566406,,571.195392
4332,0.026693344116210938,,571.96544
4333,0.02799201011657715,,574.898176
4334,0.0288393497467041,,566.820864
4335,0.03051590919494629,,566.099968
4336,0.03044605255126953,,528.580608
4337,0.025589942932128906,,537.624576
4338,0.032289743423461914,,517.783552
4339,0.030225038528442383,,515.325952
4340,0.024837732315063477,,366.985216
4341,0.02713799476623535,,479.461376
4342,0.028196096420288086,,707.280896
4343,0.02541208267211914,,707.117056
4344,0.028065919876098633,,667.140096
4345,0.026751041412353516,,670.072832
4346,0.029621124267578125,,672.612352
4347,0.028228044509887695,,673.972224
4348,0.027721881866455078,,674.103296
4349,0.02722311019897461,,535.740416
4350,0.03433990478515625,,393.281536
4351,0.03534102439880371,,375.472128
4352,0.029572010040283203,,378.30656
4353,0.02751612663269043,,354.664448
4354,0.02853107452392578,,344.55552
4355,0.02976822853088379,,362.938368
4356,0.028146982192993164,,354.22208
4357,0.027845144271850586,,352.681984
4358,0.02704596519470215,,249.806848
4359,0.03576302528381348,,252.788736
4360,0.028245925903320312,,257.589248
4361,0.028714895248413086,,264.339456
4362,0.0320897102355957,,293.945344
4363,0.0285799503326416,,295.829504
4364,0.027911901473999023,,297.893888
4365,0.02639317512512207,,300.253184
4366,0.027467012405395508,,438.304768
4367,0.029998064041137695,,645.20192
4368,0.02577996253967285,,638.959616
4369,0.029346942901611328,,648.855552
4370,0.026436805725097656,,650.903552
4371,0.029453754425048828,,621.412352
4372,0.0283200740814209,,624.88576
4373,0.027338027954101562,,626.900992
4374,0.03158688545227051,,639.041536
4375,0.028766870498657227,,625.000448
4376,0.033756256103515625,,649.494528
4377,0.028410673141479492,,524.12416
4378,0.03174304962158203,,241.467392
4379,0.04237699508666992,,96.059392
4380,0.0414121150970459,,162.562048
4381,0.029506206512451172,,194.461696
4382,0.029299259185791016,,209.321984
4383,0.028311967849731445,,211.582976
4384,0.02730083465576172,,236.109824
4385,0.0310819149017334,,244.072448
4386,0.029757022857666016,,281.362432
4387,0.028879880905151367,,286.703616
4388,0.0247800350189209,,288.3584
4389,0.02799701690673828,,290.684928
4390,0.026818037033081055,,294.223872
